  0
SECTION
  2
HEADER
  9
$ACADVER
  1
AC1015
  9
$ACADMAINTVER
 70
     6
  9
$DWGCODEPAGE
  3
ANSI_1252
  9
$INSBASE
 10
0.0
 20
0.0
 30
0.0
  9
$EXTMIN
 10
-19.53735826771653
 20
-19.23380708661417
 30
0.0
  9
$EXTMAX
 10
19.53736220472441
 20
19.23380708661417
 30
0.0
  9
$LIMMIN
 10
0.0
 20
0.0
  9
$LIMMAX
 10
12.0
 20
9.0
  9
$ORTHOMODE
 70
     0
  9
$REGENMODE
 70
     1
  9
$FILLMODE
 70
     1
  9
$QTEXTMODE
 70
     0
  9
$MIRRTEXT
 70
     1
  9
$LTSCALE
 40
1.0
  9
$ATTMODE
 70
     1
  9
$TEXTSIZE
 40
0.2
  9
$TRACEWID
 40
0.05
  9
$TEXTSTYLE
  7
Standard
  9
$CLAYER
  8
0
  9
$CELTYPE
  6
ByLayer
  9
$CECOLOR
 62
   256
  9
$CELTSCALE
 40
1.0
  9
$DISPSILH
 70
     0
  9
$DIMSCALE
 40
1.0
  9
$DIMASZ
 40
0.18
  9
$DIMEXO
 40
0.0625
  9
$DIMDLI
 40
0.38
  9
$DIMRND
 40
0.0
  9
$DIMDLE
 40
0.0
  9
$DIMEXE
 40
0.18
  9
$DIMTP
 40
0.0
  9
$DIMTM
 40
0.0
  9
$DIMTXT
 40
0.18
  9
$DIMCEN
 40
0.09
  9
$DIMTSZ
 40
0.0
  9
$DIMTOL
 70
     0
  9
$DIMLIM
 70
     0
  9
$DIMTIH
 70
     1
  9
$DIMTOH
 70
     1
  9
$DIMSE1
 70
     0
  9
$DIMSE2
 70
     0
  9
$DIMTAD
 70
     0
  9
$DIMZIN
 70
     0
  9
$DIMBLK
  1

  9
$DIMASO
 70
     1
  9
$DIMSHO
 70
     1
  9
$DIMPOST
  1

  9
$DIMAPOST
  1

  9
$DIMALT
 70
     0
  9
$DIMALTD
 70
     2
  9
$DIMALTF
 40
25.4
  9
$DIMLFAC
 40
1.0
  9
$DIMTOFL
 70
     0
  9
$DIMTVP
 40
0.0
  9
$DIMTIX
 70
     0
  9
$DIMSOXD
 70
     0
  9
$DIMSAH
 70
     0
  9
$DIMBLK1
  1

  9
$DIMBLK2
  1

  9
$DIMSTYLE
  2
Standard
  9
$DIMCLRD
 70
     0
  9
$DIMCLRE
 70
     0
  9
$DIMCLRT
 70
     0
  9
$DIMTFAC
 40
1.0
  9
$DIMGAP
 40
0.09
  9
$DIMJUST
 70
     0
  9
$DIMSD1
 70
     0
  9
$DIMSD2
 70
     0
  9
$DIMTOLJ
 70
     1
  9
$DIMTZIN
 70
     0
  9
$DIMALTZ
 70
     0
  9
$DIMALTTZ
 70
     0
  9
$DIMUPT
 70
     0
  9
$DIMDEC
 70
     4
  9
$DIMTDEC
 70
     4
  9
$DIMALTU
 70
     2
  9
$DIMALTTD
 70
     2
  9
$DIMTXSTY
  7
Standard
  9
$DIMAUNIT
 70
     0
  9
$DIMADEC
 70
     0
  9
$DIMALTRND
 40
0.0
  9
$DIMAZIN
 70
     0
  9
$DIMDSEP
 70
    46
  9
$DIMATFIT
 70
     3
  9
$DIMFRAC
 70
     0
  9
$DIMLDRBLK
  1

  9
$DIMLUNIT
 70
     2
  9
$DIMLWD
 70
    -2
  9
$DIMLWE
 70
    -2
  9
$DIMTMOVE
 70
     0
  9
$LUNITS
 70
     2
  9
$LUPREC
 70
     4
  9
$SKETCHINC
 40
0.1
  9
$FILLETRAD
 40
0.0
  9
$AUNITS
 70
     0
  9
$AUPREC
 70
     0
  9
$MENU
  1
.
  9
$ELEVATION
 40
0.0
  9
$PELEVATION
 40
0.0
  9
$THICKNESS
 40
0.0
  9
$LIMCHECK
 70
     0
  9
$CHAMFERA
 40
0.0
  9
$CHAMFERB
 40
0.0
  9
$CHAMFERC
 40
0.0
  9
$CHAMFERD
 40
0.0
  9
$SKPOLY
 70
     0
  9
$TDCREATE
 40
2461048.727866563
  9
$TDUCREATE
 40
2461048.519533229
  9
$TDUPDATE
 40
2461048.727866655
  9
$TDUUPDATE
 40
2461048.519533322
  9
$TDINDWG
 40
0.0000000116
  9
$TDUSRTIMER
 40
0.0000000116
  9
$USRTIMER
 70
     1
  9
$ANGBASE
 50
0.0
  9
$ANGDIR
 70
     0
  9
$PDMODE
 70
     0
  9
$PDSIZE
 40
0.0
  9
$PLINEWID
 40
0.0
  9
$SPLFRAME
 70
     0
  9
$SPLINETYPE
 70
     6
  9
$SPLINESEGS
 70
     8
  9
$HANDSEED
  5
F2
  9
$SURFTAB1
 70
     6
  9
$SURFTAB2
 70
     6
  9
$SURFTYPE
 70
     6
  9
$SURFU
 70
     6
  9
$SURFV
 70
     6
  9
$UCSBASE
  2

  9
$UCSNAME
  2

  9
$UCSORG
 10
0.0
 20
0.0
 30
0.0
  9
$UCSXDIR
 10
1.0
 20
0.0
 30
0.0
  9
$UCSYDIR
 10
0.0
 20
1.0
 30
0.0
  9
$UCSORTHOREF
  2

  9
$UCSORTHOVIEW
 70
     0
  9
$UCSORGTOP
 10
0.0
 20
0.0
 30
0.0
  9
$UCSORGBOTTOM
 10
0.0
 20
0.0
 30
0.0
  9
$UCSORGLEFT
 10
0.0
 20
0.0
 30
0.0
  9
$UCSORGRIGHT
 10
0.0
 20
0.0
 30
0.0
  9
$UCSORGFRONT
 10
0.0
 20
0.0
 30
0.0
  9
$UCSORGBACK
 10
0.0
 20
0.0
 30
0.0
  9
$PUCSBASE
  2

  9
$PUCSNAME
  2

  9
$PUCSORG
 10
0.0
 20
0.0
 30
0.0
  9
$PUCSXDIR
 10
1.0
 20
0.0
 30
0.0
  9
$PUCSYDIR
 10
0.0
 20
1.0
 30
0.0
  9
$PUCSORTHOREF
  2

  9
$PUCSORTHOVIEW
 70
     0
  9
$PUCSORGTOP
 10
0.0
 20
0.0
 30
0.0
  9
$PUCSORGBOTTOM
 10
0.0
 20
0.0
 30
0.0
  9
$PUCSORGLEFT
 10
0.0
 20
0.0
 30
0.0
  9
$PUCSORGRIGHT
 10
0.0
 20
0.0
 30
0.0
  9
$PUCSORGFRONT
 10
0.0
 20
0.0
 30
0.0
  9
$PUCSORGBACK
 10
0.0
 20
0.0
 30
0.0
  9
$USERI1
 70
     0
  9
$USERI2
 70
     0
  9
$USERI3
 70
     0
  9
$USERI4
 70
     0
  9
$USERI5
 70
     0
  9
$USERR1
 40
0.0
  9
$USERR2
 40
0.0
  9
$USERR3
 40
0.0
  9
$USERR4
 40
0.0
  9
$USERR5
 40
0.0
  9
$WORLDVIEW
 70
     1
  9
$SHADEDGE
 70
     3
  9
$SHADEDIF
 70
    70
  9
$TILEMODE
 70
     1
  9
$MAXACTVP
 70
    64
  9
$PINSBASE
 10
0.0
 20
0.0
 30
0.0
  9
$PLIMCHECK
 70
     0
  9
$PEXTMIN
 10
1.000000000000000E+20
 20
1.000000000000000E+20
 30
1.000000000000000E+20
  9
$PEXTMAX
 10
-1.000000000000000E+20
 20
-1.000000000000000E+20
 30
-1.000000000000000E+20
  9
$PLIMMIN
 10
0.0
 20
0.0
  9
$PLIMMAX
 10
12.0
 20
9.0
  9
$UNITMODE
 70
     0
  9
$VISRETAIN
 70
     1
  9
$PLINEGEN
 70
     0
  9
$PSLTSCALE
 70
     1
  9
$TREEDEPTH
 70
  3020
  9
$CMLSTYLE
  2
Standard
  9
$CMLJUST
 70
     0
  9
$CMLSCALE
 40
1.0
  9
$PROXYGRAPHICS
 70
     1
  9
$MEASUREMENT
 70
     0
  9
$CELWEIGHT
370
    -1
  9
$ENDCAPS
280
     0
  9
$JOINSTYLE
280
     0
  9
$LWDISPLAY
290
     0
  9
$INSUNITS
 70
     1
  9
$HYPERLINKBASE
  1

  9
$STYLESHEET
  1

  9
$XEDIT
290
     1
  9
$CEPSNTYPE
380
     0
  9
$PSTYLEMODE
290
     1
  9
$FINGERPRINTGUID
  2
{20703044-d3e7-49d3-979c-4793b8205777}
  9
$VERSIONGUID
  2
{FAEB1C32-E019-11D5-929B-00C0DF256EC4}
  9
$EXTNAMES
290
     1
  9
$PSVPSCALE
 40
0.0
  9
$OLESTARTUP
290
     0
  0
ENDSEC
  0
SECTION
  2
CLASSES
  0
CLASS
  1
ACDBDICTIONARYWDFLT
  2
AcDbDictionaryWithDefault
  3
ObjectDBX Classes
 90
        0
280
     0
281
     0
  0
CLASS
  1
VISUALSTYLE
  2
AcDbVisualStyle
  3
ObjectDBX Classes
 90
     4095
280
     0
281
     0
  0
CLASS
  1
MATERIAL
  2
AcDbMaterial
  3
ObjectDBX Classes
 90
     1153
280
     0
281
     0
  0
CLASS
  1
SCALE
  2
AcDbScale
  3
ObjectDBX Classes
 90
     1153
280
     0
281
     0
  0
CLASS
  1
TABLESTYLE
  2
AcDbTableStyle
  3
ObjectDBX Classes
 90
     4095
280
     0
281
     0
  0
CLASS
  1
MLEADERSTYLE
  2
AcDbMLeaderStyle
  3
ACDB_MLEADERSTYLE_CLASS
 90
     4095
280
     0
281
     0
  0
CLASS
  1
SUN
  2
AcDbSun
  3
SCENEOE
 90
     1153
280
     0
281
     0
  0
CLASS
  1
DICTIONARYVAR
  2
AcDbDictionaryVar
  3
ObjectDBX Classes
 90
        0
280
     0
281
     0
  0
CLASS
  1
ACDBPLACEHOLDER
  2
AcDbPlaceHolder
  3
ObjectDBX Classes
 90
        0
280
     0
281
     0
  0
CLASS
  1
LAYOUT
  2
AcDbLayout
  3
ObjectDBX Classes
 90
        0
280
     0
281
     0
  0
ENDSEC
  0
SECTION
  2
TABLES
  0
TABLE
  2
VPORT
  5
8
102
{ACAD_XDICTIONARY
360
B5
102
}
330
0
100
AcDbSymbolTable
 70
     1
  0
VPORT
  5
29
330
8
100
AcDbSymbolTableRecord
100
AcDbViewportTableRecord
  2
*Active
 70
     0
 10
0.0
 20
0.0
 11
1.0
 21
1.0
 12
10.42990654205607
 22
4.5
 13
0.0
 23
0.0
 14
0.5
 24
0.5
 15
0.5
 25
0.5
 16
0.0
 26
0.0
 36
1.0
 17
0.0
 27
0.0
 37
0.0
 40
9.0
 41
1.972972972850329
 42
50.0
 43
0.0
 44
0.0
 50
0.0
 51
0.0
 71
     0
 72
   100
 73
     1
 74
     3
 75
     0
 76
     0
 77
     0
 78
     0
281
     0
 65
     1
110
0.0
120
0.0
130
0.0
111
1.0
121
0.0
131
0.0
112
0.0
122
1.0
132
0.0
 79
     0
146
0.0
  0
ENDTAB
  0
TABLE
  2
LTYPE
  5
5
330
0
100
AcDbSymbolTable
 70
     1
  0
LTYPE
  5
14
330
5
100
AcDbSymbolTableRecord
100
AcDbLinetypeTableRecord
  2
ByBlock
 70
     0
  3

 72
    65
 73
     0
 40
0.0
  0
LTYPE
  5
15
330
5
100
AcDbSymbolTableRecord
100
AcDbLinetypeTableRecord
  2
ByLayer
 70
     0
  3

 72
    65
 73
     0
 40
0.0
  0
LTYPE
  5
16
330
5
100
AcDbSymbolTableRecord
100
AcDbLinetypeTableRecord
  2
Continuous
 70
     0
  3
Solid line
 72
    65
 73
     0
 40
0.0
  0
ENDTAB
  0
TABLE
  2
LAYER
  5
2
330
0
100
AcDbSymbolTable
 70
     2
  0
LAYER
  5
10
330
2
100
AcDbSymbolTableRecord
100
AcDbLayerTableRecord
  2
0
 70
     0
 62
     7
  6
Continuous
370
    -3
390
F
  0
LAYER
  5
5F
330
2
100
AcDbSymbolTableRecord
100
AcDbLayerTableRecord
  2
Layer 1
 70
     0
 62
     7
  6
Continuous
370
    -3
390
F
  0
ENDTAB
  0
TABLE
  2
STYLE
  5
3
330
0
100
AcDbSymbolTable
 70
     1
  0
STYLE
  5
11
330
3
100
AcDbSymbolTableRecord
100
AcDbTextStyleTableRecord
  2
Standard
 70
     0
 40
0.0
 41
1.0
 50
0.0
 71
     0
 42
0.2
  3
txt
  4

  0
ENDTAB
  0
TABLE
  2
VIEW
  5
6
330
0
100
AcDbSymbolTable
 70
     0
  0
ENDTAB
  0
TABLE
  2
UCS
  5
7
330
0
100
AcDbSymbolTable
 70
     0
  0
ENDTAB
  0
TABLE
  2
APPID
  5
9
330
0
100
AcDbSymbolTable
 70
     3
  0
APPID
  5
12
330
9
100
AcDbSymbolTableRecord
100
AcDbRegAppTableRecord
  2
ACAD
 70
     0
  0
APPID
  5
5E
330
9
100
AcDbSymbolTableRecord
100
AcDbRegAppTableRecord
  2
ODA
 70
     0
  0
APPID
  5
EF
330
9
100
AcDbSymbolTableRecord
100
AcDbRegAppTableRecord
  2
ACAD_MLEADERVER
 70
     0
  0
ENDTAB
  0
TABLE
  2
DIMSTYLE
  5
A
330
0
100
AcDbSymbolTable
 70
     1
100
AcDbDimStyleTable
  0
DIMSTYLE
105
27
330
A
100
AcDbSymbolTableRecord
100
AcDbDimStyleTableRecord
  2
Standard
 70
     0
178
     0
340
11
  0
ENDTAB
  0
TABLE
  2
BLOCK_RECORD
  5
1
330
0
100
AcDbSymbolTable
 70
     1
  0
BLOCK_RECORD
  5
1F
330
1
100
AcDbSymbolTableRecord
100
AcDbBlockTableRecord
  2
*Model_Space
340
22
  0
BLOCK_RECORD
  5
1B
330
1
100
AcDbSymbolTableRecord
100
AcDbBlockTableRecord
  2
*Paper_Space
340
1E
  0
BLOCK_RECORD
  5
23
330
1
100
AcDbSymbolTableRecord
100
AcDbBlockTableRecord
  2
*Paper_Space0
340
26
  0
ENDTAB
  0
ENDSEC
  0
SECTION
  2
BLOCKS
  0
BLOCK
  5
20
330
1F
100
AcDbEntity
  8
0
100
AcDbBlockBegin
  2
*Model_Space
 70
     0
 10
0.0
 20
0.0
 30
0.0
  3
*Model_Space
  1

  0
ENDBLK
  5
21
330
1F
100
AcDbEntity
  8
0
100
AcDbBlockEnd
  0
BLOCK
  5
1C
330
1B
100
AcDbEntity
 67
     1
  8
0
100
AcDbBlockBegin
  2
*Paper_Space
 70
     0
 10
0.0
 20
0.0
 30
0.0
  3
*Paper_Space
  1

  0
ENDBLK
  5
1D
330
1B
100
AcDbEntity
 67
     1
  8
0
100
AcDbBlockEnd
  0
BLOCK
  5
24
330
23
100
AcDbEntity
  8
0
100
AcDbBlockBegin
  2
*Paper_Space0
 70
     0
 10
0.0
 20
0.0
 30
0.0
  3
*Paper_Space0
  1

  0
ENDBLK
  5
25
330
23
100
AcDbEntity
  8
0
100
AcDbBlockEnd
  0
ENDSEC
  0
SECTION
  2
ENTITIES
  0
SPLINE
  5
60
330
1F
100
AcDbEntity
  8
Layer 1
 62
   250
370
     9
100
AcDbSpline
210
0.0
220
0.0
230
1.0
 70
    11
 71
     3
 72
   149
 73
   145
 74
     0
 42
0.0000000001
 43
0.0000000001
 40
0.0
 40
0.0
 40
0.0
 40
0.0
 40
0.0208333333333333
 40
0.0208333333333333
 40
0.0208333333333333
 40
0.0416666666666667
 40
0.0416666666666667
 40
0.0416666666666667
 40
0.0625
 40
0.0625
 40
0.0625
 40
0.0833333333333333
 40
0.0833333333333333
 40
0.0833333333333333
 40
0.1041666666666667
 40
0.1041666666666667
 40
0.1041666666666667
 40
0.125
 40
0.125
 40
0.125
 40
0.1458333333333333
 40
0.1458333333333333
 40
0.1458333333333333
 40
0.1666666666666667
 40
0.1666666666666667
 40
0.1666666666666667
 40
0.1875
 40
0.1875
 40
0.1875
 40
0.2083333333333333
 40
0.2083333333333333
 40
0.2083333333333333
 40
0.2291666666666667
 40
0.2291666666666667
 40
0.2291666666666667
 40
0.25
 40
0.25
 40
0.25
 40
0.2708333333333333
 40
0.2708333333333333
 40
0.2708333333333333
 40
0.2916666666666666
 40
0.2916666666666666
 40
0.2916666666666666
 40
0.3125
 40
0.3125
 40
0.3125
 40
0.3333333333333333
 40
0.3333333333333333
 40
0.3333333333333333
 40
0.3541666666666666
 40
0.3541666666666666
 40
0.3541666666666666
 40
0.375
 40
0.375
 40
0.375
 40
0.3958333333333333
 40
0.3958333333333333
 40
0.3958333333333333
 40
0.4166666666666666
 40
0.4166666666666666
 40
0.4166666666666666
 40
0.4375
 40
0.4375
 40
0.4375
 40
0.4583333333333333
 40
0.4583333333333333
 40
0.4583333333333333
 40
0.4791666666666666
 40
0.4791666666666666
 40
0.4791666666666666
 40
0.5
 40
0.5
 40
0.5
 40
0.5208333333333333
 40
0.5208333333333333
 40
0.5208333333333333
 40
0.5416666666666666
 40
0.5416666666666666
 40
0.5416666666666666
 40
0.5625
 40
0.5625
 40
0.5625
 40
0.5833333333333333
 40
0.5833333333333333
 40
0.5833333333333333
 40
0.6041666666666666
 40
0.6041666666666666
 40
0.6041666666666666
 40
0.625
 40
0.625
 40
0.625
 40
0.6458333333333333
 40
0.6458333333333333
 40
0.6458333333333333
 40
0.6666666666666666
 40
0.6666666666666666
 40
0.6666666666666666
 40
0.6875
 40
0.6875
 40
0.6875
 40
0.7083333333333333
 40
0.7083333333333333
 40
0.7083333333333333
 40
0.7291666666666666
 40
0.7291666666666666
 40
0.7291666666666666
 40
0.75
 40
0.75
 40
0.75
 40
0.7708333333333333
 40
0.7708333333333333
 40
0.7708333333333333
 40
0.7916666666666666
 40
0.7916666666666666
 40
0.7916666666666666
 40
0.8125
 40
0.8125
 40
0.8125
 40
0.8333333333333333
 40
0.8333333333333333
 40
0.8333333333333333
 40
0.8541666666666666
 40
0.8541666666666666
 40
0.8541666666666666
 40
0.875
 40
0.875
 40
0.875
 40
0.8958333333333333
 40
0.8958333333333333
 40
0.8958333333333333
 40
0.9166666666666666
 40
0.9166666666666666
 40
0.9166666666666666
 40
0.9375
 40
0.9375
 40
0.9375
 40
0.9583333333333333
 40
0.9583333333333333
 40
0.9583333333333333
 40
0.9791666666666666
 40
0.9791666666666666
 40
0.9791666666666666
 40
1.0
 40
1.0
 40
1.0
 40
1.0
 10
-3.343625984251969
 20
7.612425196850394
 30
0.0
 10
-3.295385826771653
 20
7.601003937007874
 30
0.0
 10
-3.24753937007874
 20
7.588566929133858
 30
0.0
 10
-3.20011811023622
 20
7.575118110236221
 30
0.0
 10
-3.096492125984252
 20
8.025996062992126
 30
0.0
 10
-2.923330708661418
 20
8.498897637795276
 30
0.0
 10
-2.708007874015748
 20
8.871933070866142
 30
0.0
 10
-1.886169291338583
 20
10.29576771653543
 30
0.0
 10
-0.0583503937007874
 20
9.243007874015747
 30
0.0
 10
-0.8812913385826772
 20
7.817275590551181
 30
0.0
 10
-1.089366141732284
 20
7.456795275590551
 30
0.0
 10
-1.434192913385827
 20
7.082818897637796
 30
0.0
 10
-1.792992125984252
 20
6.774393700787401
 30
0.0
 10
-1.757031496062992
 20
6.740421259842519
 30
0.0
 10
-1.721771653543307
 20
6.705720472440944
 30
0.0
 10
-1.687318897637795
 20
6.670224409448819
 30
0.0
 10
-1.372007874015748
 20
7.009165354330709
 30
0.0
 10
-0.9852913385826771
 20
7.332448818897638
 30
0.0
 10
-0.6120236220472441
 20
7.548007874015748
 30
0.0
 10
0.8116299212598426
 20
8.370165354330709
 30
0.0
 10
1.868185039370079
 20
6.54453937007874
 30
0.0
 10
0.4426338582677166
 20
5.721291338582677
 30
0.0
 10
0.0824448818897638
 20
5.513283464566929
 30
0.0
 10
-0.402751968503937
 20
5.361885826771654
 30
0.0
 10
-0.8673976377952756
 20
5.274157480314961
 30
0.0
 10
-0.8532952755905512
 20
5.226913385826772
 30
0.0
 10
-0.8401417322834646
 20
5.179267716535433
 30
0.0
 10
-0.8280629921259842
 20
5.131188976377953
 30
0.0
 10
-0.385744094488189
 20
5.266909448818898
 30
0.0
 10
0.1104330708661417
 20
5.353409448818898
 30
0.0
 10
0.5411968503937008
 20
5.35346062992126
 30
0.0
 10
2.185188976377953
 20
5.353641732283465
 30
0.0
 10
2.187385826771654
 20
3.244326771653543
 30
0.0
 10
0.5411968503937008
 20
3.244145669291338
 30
0.0
 10
0.1252677165354331
 20
3.244102362204724
 30
0.0
 10
-0.3706141732283464
 20
3.355582677165355
 30
0.0
 10
-0.8168661417322834
 20
3.511929133858268
 30
0.0
 10
-0.8282834645669291
 20
3.463688976377953
 30
0.0
 10
-0.8407244094488189
 20
3.415842519685039
 30
0.0
 10
-0.8541732283464567
 20
3.36842125984252
 30
0.0
 10
-0.4032952755905512
 20
3.264799212598425
 30
0.0
 10
0.0695984251968504
 20
3.091637795275591
 30
0.0
 10
0.4426338582677166
 20
2.876314960629921
 30
0.0
 10
1.866468503937008
 20
2.054476377952756
 30
0.0
 10
0.8137086614173228
 20
0.2266574803149606
 30
0.0
 10
-0.6120236220472441
 20
1.04959842519685
 30
0.0
 10
-0.9724881889763779
 20
1.257665354330709
 30
0.0
 10
-1.346456692913386
 20
1.602472440944882
 30
0.0
 10
-1.654870078740158
 20
1.961255905511811
 30
0.0
 10
-1.688834645669291
 20
1.925299212598425
 30
0.0
 10
-1.723535433070866
 20
1.890035433070866
 30
0.0
 10
-1.759031496062992
 20
1.855586614173228
 30
0.0
 10
-1.420110236220472
 20
1.540279527559055
 30
0.0
 10
-1.096842519685039
 20
1.153582677165354
 30
0.0
 10
-0.8812913385826772
 20
0.7803307086614173
 30
0.0
 10
-0.0591338582677165
 20
-0.6433228346456693
 30
0.0
 10
-1.884759842519685
 20
-1.699877952755906
 30
0.0
 10
-2.708007874015748
 20
-0.2743267716535433
 30
0.0
 10
-2.916015748031496
 20
0.0858661417322835
 30
0.0
 10
-3.067417322834646
 20
0.5710748031496063
 30
0.0
 10
-3.155145669291338
 20
1.035720472440945
 30
0.0
 10
-3.202385826771653
 20
1.021622047244094
 30
0.0
 10
-3.25005905511811
 20
1.00851968503937
 30
0.0
 10
-3.298129921259843
 20
0.9964291338582677
 30
0.0
 10
-3.162397637795276
 20
0.5541023622047244
 30
0.0
 10
-3.075889763779528
 20
0.0578937007874016
 30
0.0
 10
-3.075838582677165
 20
-0.3728897637795275
 30
0.0
 10
-3.075657480314961
 20
-2.01688188976378
 30
0.0
 10
-5.184972440944882
 20
-2.01907874015748
 30
0.0
 10
-5.185153543307087
 20
-0.3728897637795275
 30
0.0
 10
-5.185196850393701
 20
0.0430275590551181
 30
0.0
 10
-5.07371653543307
 20
0.5388937007874016
 30
0.0
 10
-4.91738188976378
 20
0.9851377952755905
 30
0.0
 10
-4.965622047244095
 20
0.9965551181102362
 30
0.0
 10
-5.013456692913386
 20
1.00901968503937
 30
0.0
 10
-5.060877952755906
 20
1.022464566929134
 30
0.0
 10
-5.164503937007874
 20
0.5715944881889764
 30
0.0
 10
-5.337665354330709
 20
0.0987047244094488
 30
0.0
 10
-5.552984251968504
 20
-0.2743267716535433
 30
0.0
 10
-6.374822834645669
 20
-1.698161417322835
 30
0.0
 10
-8.202641732283464
 20
-0.6454015748031496
 30
0.0
 10
-7.379700787401575
 20
0.7803307086614173
 30
0.0
 10
-7.171633858267716
 20
1.140795275590551
 30
0.0
 10
-6.826826771653543
 20
1.514767716535433
 30
0.0
 10
-6.46803937007874
 20
1.823181102362205
 30
0.0
 10
-6.503996062992126
 20
1.857145669291339
 30
0.0
 10
-6.539220472440945
 20
1.891885826771654
 30
0.0
 10
-6.573669291338582
 20
1.92738188976378
 30
0.0
 10
-6.888984251968504
 20
1.58844094488189
 30
0.0
 10
-7.275700787401575
 20
1.265157480314961
 30
0.0
 10
-7.648968503937008
 20
1.04959842519685
 30
0.0
 10
-9.072622047244094
 20
0.2274409448818898
 30
0.0
 10
-10.12917716535433
 20
2.053066929133858
 30
0.0
 10
-8.703625984251968
 20
2.876314960629921
 30
0.0
 10
-8.343437007874016
 20
3.084322834645669
 30
0.0
 10
-7.858240157480315
 20
3.235720472440945
 30
0.0
 10
-7.393594488188977
 20
3.323448818897638
 30
0.0
 10
-7.407696850393701
 20
3.370692913385827
 30
0.0
 10
-7.420850393700787
 20
3.418338582677166
 30
0.0
 10
-7.432929133858268
 20
3.466417322834646
 30
0.0
 10
-7.875248031496063
 20
3.330696850393701
 30
0.0
 10
-8.371425196850394
 20
3.244196850393701
 30
0.0
 10
-8.802188976377952
 20
3.244145669291338
 30
0.0
 10
-10.44618110236221
 20
3.243964566929134
 30
0.0
 10
-10.44837795275591
 20
5.353279527559055
 30
0.0
 10
-8.802188976377952
 20
5.35346062992126
 30
0.0
 10
-8.38628346456693
 20
5.353503937007874
 30
0.0
 10
-7.890429133858268
 20
5.242035433070866
 30
0.0
 10
-7.444196850393701
 20
5.085700787401575
 30
0.0
 10
-7.43278346456693
 20
5.13394094488189
 30
0.0
 10
-7.420346456692913
 20
5.181783464566929
 30
0.0
 10
-7.406901574803149
 20
5.229200787401575
 30
0.0
 10
-7.857755905511811
 20
5.332826771653544
 30
0.0
 10
-8.330614173228346
 20
5.505984251968504
 30
0.0
 10
-8.703625984251968
 20
5.721291338582677
 30
0.0
 10
-10.12746062992126
 20
6.543129921259842
 30
0.0
 10
-9.074700787401575
 20
8.370948818897638
 30
0.0
 10
-7.648968503937008
 20
7.548007874015748
 30
0.0
 10
-7.288531496062992
 20
7.33996062992126
 30
0.0
 10
-6.91459842519685
 20
6.995188976377952
 30
0.0
 10
-6.606200787401574
 20
6.63644094488189
 30
0.0
 10
-6.572240157480315
 20
6.672397637795275
 30
0.0
 10
-6.537496062992126
 20
6.707610236220472
 30
0.0
 10
-6.502011811023622
 20
6.742062992125984
 30
0.0
 10
-6.840913385826772
 20
7.057354330708661
 30
0.0
 10
-7.164157480314961
 20
7.444043307086615
 30
0.0
 10
-7.379700787401575
 20
7.817275590551181
 30
0.0
 10
-8.201858267716535
 20
9.240929133858268
 30
0.0
 10
-6.376232283464567
 20
10.2974842519685
 30
0.0
 10
-5.552984251968504
 20
8.871933070866142
 30
0.0
 10
-5.345
 20
8.511783464566928
 30
0.0
 10
-5.193610236220472
 20
8.026649606299213
 30
0.0
 10
-5.105877952755906
 20
7.562047244094488
 30
0.0
 10
-5.058641732283465
 20
7.576149606299213
 30
0.0
 10
-5.010988188976378
 20
7.589271653543307
 30
0.0
 10
-4.962917322834645
 20
7.601350393700788
 30
0.0
 10
-5.09861811023622
 20
8.043641732283465
 30
0.0
 10
-5.185102362204725
 20
8.539771653543307
 30
0.0
 10
-5.185153543307087
 20
8.970496062992126
 30
0.0
 10
-5.185334645669291
 20
10.61448818897638
 30
0.0
 10
-3.07601968503937
 20
10.6166811023622
 30
0.0
 10
-3.075838582677165
 20
8.970496062992126
 30
0.0
 10
-3.075795275590551
 20
8.554562992125984
 30
0.0
 10
-3.187279527559055
 20
8.05867716535433
 30
0.0
 10
-3.343625984251969
 20
7.612425196850394
 30
0.0
  0
SPLINE
  5
61
330
1F
100
AcDbEntity
  8
Layer 1
 62
   250
370
     9
100
AcDbSpline
210
0.0
220
0.0
230
1.0
 70
    11
 71
     3
 72
    17
 73
    13
 74
     0
 42
0.0000000001
 43
0.0000000001
 40
0.0
 40
0.0
 40
0.0
 40
0.0
 40
0.25
 40
0.25
 40
0.25
 40
0.5
 40
0.5
 40
0.5
 40
0.75
 40
0.75
 40
0.75
 40
1.0
 40
1.0
 40
1.0
 40
1.0
 10
-4.130496062992126
 20
4.472984251968504
 30
0.0
 10
-4.034299212598425
 20
4.472984251968504
 30
0.0
 10
-3.956314960629921
 20
4.395
 30
0.0
 10
-3.956314960629921
 20
4.298803149606299
 30
0.0
 10
-3.956314960629921
 20
4.202606299212598
 30
0.0
 10
-4.034299212598425
 20
4.124622047244094
 30
0.0
 10
-4.130496062992126
 20
4.124622047244094
 30
0.0
 10
-4.226692913385826
 20
4.124622047244094
 30
0.0
 10
-4.304677165354331
 20
4.202606299212598
 30
0.0
 10
-4.304677165354331
 20
4.298803149606299
 30
0.0
 10
-4.304677165354331
 20
4.395
 30
0.0
 10
-4.226692913385826
 20
4.472984251968504
 30
0.0
 10
-4.130496062992126
 20
4.472984251968504
 30
0.0
  0
SPLINE
  5
62
330
1F
100
AcDbEntity
  8
Layer 1
 62
   250
370
    20
100
AcDbSpline
210
0.0
220
0.0
230
1.0
 70
    11
 71
     3
 72
   125
 73
   121
 74
     0
 42
0.0000000001
 43
0.0000000001
 40
0.0
 40
0.0
 40
0.0
 40
0.0
 40
0.025
 40
0.025
 40
0.025
 40
0.05
 40
0.05
 40
0.05
 40
0.075
 40
0.075
 40
0.075
 40
0.1
 40
0.1
 40
0.1
 40
0.125
 40
0.125
 40
0.125
 40
0.15
 40
0.15
 40
0.15
 40
0.175
 40
0.175
 40
0.175
 40
0.2
 40
0.2
 40
0.2
 40
0.225
 40
0.225
 40
0.225
 40
0.25
 40
0.25
 40
0.25
 40
0.275
 40
0.275
 40
0.275
 40
0.3
 40
0.3
 40
0.3
 40
0.325
 40
0.325
 40
0.325
 40
0.35
 40
0.35
 40
0.35
 40
0.375
 40
0.375
 40
0.375
 40
0.4
 40
0.4
 40
0.4
 40
0.425
 40
0.425
 40
0.425
 40
0.45
 40
0.45
 40
0.45
 40
0.475
 40
0.475
 40
0.475
 40
0.5
 40
0.5
 40
0.5
 40
0.525
 40
0.525
 40
0.525
 40
0.55
 40
0.55
 40
0.55
 40
0.5750000000000001
 40
0.5750000000000001
 40
0.5750000000000001
 40
0.6000000000000001
 40
0.6000000000000001
 40
0.6000000000000001
 40
0.625
 40
0.625
 40
0.625
 40
0.65
 40
0.65
 40
0.65
 40
0.675
 40
0.675
 40
0.675
 40
0.7000000000000001
 40
0.7000000000000001
 40
0.7000000000000001
 40
0.7250000000000001
 40
0.7250000000000001
 40
0.7250000000000001
 40
0.75
 40
0.75
 40
0.75
 40
0.775
 40
0.775
 40
0.775
 40
0.8
 40
0.8
 40
0.8
 40
0.8250000000000001
 40
0.8250000000000001
 40
0.8250000000000001
 40
0.8500000000000001
 40
0.8500000000000001
 40
0.8500000000000001
 40
0.875
 40
0.875
 40
0.875
 40
0.9
 40
0.9
 40
0.9
 40
0.925
 40
0.925
 40
0.925
 40
0.9500000000000001
 40
0.9500000000000001
 40
0.9500000000000001
 40
0.9750000000000001
 40
0.9750000000000001
 40
0.9750000000000001
 40
1.0
 40
1.0
 40
1.0
 40
1.0
 10
9.91815748031496
 20
-18.88736614173228
 30
0.0
 10
9.91815748031496
 20
-18.88736614173228
 30
0.0
 10
9.91815748031496
 20
-18.05270472440945
 30
0.0
 10
9.91815748031496
 20
-18.05270472440945
 30
0.0
 10
9.91815748031496
 20
-18.05270472440945
 30
0.0
 10
11.13316929133858
 20
-18.05270472440945
 30
0.0
 10
11.13316929133858
 20
-18.05270472440945
 30
0.0
 10
11.13316929133858
 20
-18.05270472440945
 30
0.0
 10
11.13316929133858
 20
-9.69431496062992
 30
0.0
 10
11.13316929133858
 20
-9.69431496062992
 30
0.0
 10
11.13316929133858
 20
-9.69431496062992
 30
0.0
 10
10.08990157480315
 20
-9.69431496062992
 30
0.0
 10
10.08990157480315
 20
-9.69431496062992
 30
0.0
 10
10.08990157480315
 20
-9.69431496062992
 30
0.0
 10
10.08990157480315
 20
-8.547909448818897
 30
0.0
 10
10.08990157480315
 20
-8.547909448818897
 30
0.0
 10
10.08990157480315
 20
-8.547909448818897
 30
0.0
 10
19.10294488188976
 20
-8.547909448818897
 30
0.0
 10
19.10294488188976
 20
-8.547909448818897
 30
0.0
 10
19.10294488188976
 20
-8.547909448818897
 30
0.0
 10
19.14172440944882
 20
-11.86287795275591
 30
0.0
 10
19.14172440944882
 20
-11.86287795275591
 30
0.0
 10
19.14172440944882
 20
-11.86287795275591
 30
0.0
 10
18.05818897637795
 20
-11.86287795275591
 30
0.0
 10
18.05818897637795
 20
-11.86287795275591
 30
0.0
 10
18.05818897637795
 20
-11.86287795275591
 30
0.0
 10
17.97190551181102
 20
-11.64747637795276
 30
0.0
 10
17.97190551181102
 20
-11.64747637795276
 30
0.0
 10
17.8078937007874
 20
-11.23806299212598
 30
0.0
 10
17.6447874015748
 20
-10.89777559055118
 30
0.0
 10
17.48203937007874
 20
-10.62673228346457
 30
0.0
 10
17.32955511811024
 20
-10.37277165354331
 30
0.0
 10
17.17991338582677
 20
-10.18338582677165
 30
0.0
 10
17.03265748031496
 20
-10.0587125984252
 30
0.0
 10
16.74575196850394
 20
-9.815783464566929
 30
0.0
 10
16.30921653543307
 20
-9.69431496062992
 30
0.0
 10
15.7231062992126
 20
-9.69431496062992
 30
0.0
 10
15.7231062992126
 20
-9.69431496062992
 30
0.0
 10
14.34048818897638
 20
-9.69431496062992
 30
0.0
 10
14.34048818897638
 20
-9.69431496062992
 30
0.0
 10
14.34048818897638
 20
-9.69431496062992
 30
0.0
 10
14.34048818897638
 20
-13.13112992125984
 30
0.0
 10
14.34048818897638
 20
-13.13112992125984
 30
0.0
 10
14.34048818897638
 20
-13.13112992125984
 30
0.0
 10
14.35172440944882
 20
-13.13112204724409
 30
0.0
 10
14.35172440944882
 20
-13.13112204724409
 30
0.0
 10
14.58702362204724
 20
-13.13112204724409
 30
0.0
 10
14.78867322834646
 20
-13.10188976377953
 30
0.0
 10
14.95634645669291
 20
-13.04345275590551
 30
0.0
 10
15.11143700787402
 20
-12.98939763779528
 30
0.0
 10
15.2402125984252
 20
-12.90985039370079
 30
0.0
 10
15.34241338582677
 20
-12.80484645669291
 30
0.0
 10
15.34241338582677
 20
-12.80484645669291
 30
0.0
 10
15.34375590551181
 20
-12.80351181102362
 30
0.0
 10
15.34375590551181
 20
-12.80351181102362
 30
0.0
 10
15.45157086614173
 20
-12.69373622047244
 30
0.0
 10
15.54262204724409
 20
-12.54366535433071
 30
0.0
 10
15.61711811023622
 20
-12.35335039370079
 30
0.0
 10
15.69884251968504
 20
-12.14458267716535
 30
0.0
 10
15.75882677165354
 20
-11.89320078740158
 30
0.0
 10
15.79731102362205
 20
-11.59926377952756
 30
0.0
 10
15.79731102362205
 20
-11.59926377952756
 30
0.0
 10
15.83637401574803
 20
-11.3009094488189
 30
0.0
 10
15.83637401574803
 20
-11.3009094488189
 30
0.0
 10
15.83637401574803
 20
-11.3009094488189
 30
0.0
 10
16.98583858267716
 20
-11.3009094488189
 30
0.0
 10
16.98583858267716
 20
-11.3009094488189
 30
0.0
 10
16.98583858267716
 20
-11.3009094488189
 30
0.0
 10
16.98583858267716
 20
-16.24616535433071
 30
0.0
 10
16.98583858267716
 20
-16.24616535433071
 30
0.0
 10
16.98583858267716
 20
-16.24616535433071
 30
0.0
 10
15.8192874015748
 20
-16.24616535433071
 30
0.0
 10
15.8192874015748
 20
-16.24616535433071
 30
0.0
 10
15.8192874015748
 20
-16.24616535433071
 30
0.0
 10
15.79463385826772
 20
-15.92908267716535
 30
0.0
 10
15.79463385826772
 20
-15.92908267716535
 30
0.0
 10
15.77015354330709
 20
-15.6141811023622
 30
0.0
 10
15.71979527559055
 20
-15.34669291338583
 30
0.0
 10
15.64418897637795
 20
-15.12631496062992
 30
0.0
 10
15.57470866141732
 20
-14.92379133858268
 30
0.0
 10
15.48586614173228
 20
-14.76591338582677
 30
0.0
 10
15.37818110236221
 20
-14.65240157480315
 30
0.0
 10
15.27423228346457
 20
-14.54283858267716
 30
0.0
 10
15.13784251968504
 20
-14.45944881889764
 30
0.0
 10
14.96926771653543
 20
-14.40250787401575
 30
0.0
 10
14.79538582677165
 20
-14.34376377952756
 30
0.0
 10
14.5857125984252
 20
-14.31241338582677
 30
0.0
 10
14.34048818897638
 20
-14.30867322834646
 30
0.0
 10
14.34048818897638
 20
-14.30867322834646
 30
0.0
 10
14.34048818897638
 20
-18.05270472440945
 30
0.0
 10
14.34048818897638
 20
-18.05270472440945
 30
0.0
 10
14.34048818897638
 20
-18.05270472440945
 30
0.0
 10
15.67183464566929
 20
-18.05270472440945
 30
0.0
 10
15.67183464566929
 20
-18.05270472440945
 30
0.0
 10
16.04938188976378
 20
-18.05270472440945
 30
0.0
 10
16.38117322834646
 20
-18.00444488188976
 30
0.0
 10
16.66690157480315
 20
-17.90794881889764
 30
0.0
 10
16.9415905511811
 20
-17.81517322834646
 30
0.0
 10
17.17706692913386
 20
-17.67674409448819
 30
0.0
 10
17.37301181102362
 20
-17.49270866141732
 30
0.0
 10
17.57794488188976
 20
-17.30016141732283
 30
0.0
 10
17.76273228346457
 20
-17.03972834645669
 30
0.0
 10
17.9270748031496
 20
-16.71142913385827
 30
0.0
 10
18.09908661417323
 20
-16.36779133858268
 30
0.0
 10
18.2481062992126
 20
-15.95251968503937
 30
0.0
 10
18.3737874015748
 20
-15.46562992125984
 30
0.0
 10
18.3737874015748
 20
-15.46562992125984
 30
0.0
 10
18.44043700787402
 20
-15.20741338582677
 30
0.0
 10
18.44043700787402
 20
-15.20741338582677
 30
0.0
 10
18.44043700787402
 20
-15.20741338582677
 30
0.0
 10
19.53329921259843
 20
-15.20741338582677
 30
0.0
 10
19.53329921259843
 20
-15.20741338582677
 30
0.0
 10
19.53329921259843
 20
-15.20741338582677
 30
0.0
 10
19.40663385826772
 20
-19.22987007874016
 30
0.0
 10
19.40663385826772
 20
-19.22987007874016
 30
0.0
 10
19.40663385826772
 20
-19.22987007874016
 30
0.0
 10
9.91815748031496
 20
-19.22987007874016
 30
0.0
 10
9.91815748031496
 20
-19.22987007874016
 30
0.0
 10
9.91815748031496
 20
-19.22987007874016
 30
0.0
 10
9.91815748031496
 20
-18.88736614173228
 30
0.0
 10
9.91815748031496
 20
-18.88736614173228
 30
0.0
  0
SPLINE
  5
63
330
1F
100
AcDbEntity
  8
Layer 1
 62
   250
370
    20
100
AcDbSpline
210
0.0
220
0.0
230
1.0
 70
    11
 71
     3
 72
    92
 73
    88
 74
     0
 42
0.0000000001
 43
0.0000000001
 40
0.0
 40
0.0
 40
0.0
 40
0.0
 40
0.0344827586206897
 40
0.0344827586206897
 40
0.0344827586206897
 40
0.0689655172413793
 40
0.0689655172413793
 40
0.0689655172413793
 40
0.103448275862069
 40
0.103448275862069
 40
0.103448275862069
 40
0.1379310344827586
 40
0.1379310344827586
 40
0.1379310344827586
 40
0.1724137931034483
 40
0.1724137931034483
 40
0.1724137931034483
 40
0.2068965517241379
 40
0.2068965517241379
 40
0.2068965517241379
 40
0.2413793103448276
 40
0.2413793103448276
 40
0.2413793103448276
 40
0.2758620689655172
 40
0.2758620689655172
 40
0.2758620689655172
 40
0.3103448275862069
 40
0.3103448275862069
 40
0.3103448275862069
 40
0.3448275862068966
 40
0.3448275862068966
 40
0.3448275862068966
 40
0.3793103448275862
 40
0.3793103448275862
 40
0.3793103448275862
 40
0.4137931034482759
 40
0.4137931034482759
 40
0.4137931034482759
 40
0.4482758620689655
 40
0.4482758620689655
 40
0.4482758620689655
 40
0.4827586206896551
 40
0.4827586206896551
 40
0.4827586206896551
 40
0.5172413793103449
 40
0.5172413793103449
 40
0.5172413793103449
 40
0.5517241379310345
 40
0.5517241379310345
 40
0.5517241379310345
 40
0.5862068965517241
 40
0.5862068965517241
 40
0.5862068965517241
 40
0.6206896551724138
 40
0.6206896551724138
 40
0.6206896551724138
 40
0.6551724137931034
 40
0.6551724137931034
 40
0.6551724137931034
 40
0.6896551724137931
 40
0.6896551724137931
 40
0.6896551724137931
 40
0.7241379310344828
 40
0.7241379310344828
 40
0.7241379310344828
 40
0.7586206896551724
 40
0.7586206896551724
 40
0.7586206896551724
 40
0.7931034482758621
 40
0.7931034482758621
 40
0.7931034482758621
 40
0.8275862068965517
 40
0.8275862068965517
 40
0.8275862068965517
 40
0.8620689655172413
 40
0.8620689655172413
 40
0.8620689655172413
 40
0.896551724137931
 40
0.896551724137931
 40
0.896551724137931
 40
0.9310344827586207
 40
0.9310344827586207
 40
0.9310344827586207
 40
0.9655172413793103
 40
0.9655172413793103
 40
0.9655172413793103
 40
1.0
 40
1.0
 40
1.0
 40
1.0
 10
5.366444881889763
 20
-11.38941338582677
 30
0.0
 10
5.366444881889763
 20
-11.38941338582677
 30
0.0
 10
1.437208661417323
 20
-1.835885826771654
 30
0.0
 10
1.437208661417323
 20
-1.835885826771654
 30
0.0
 10
1.437208661417323
 20
-1.835885826771654
 30
0.0
 10
0.4745
 20
-1.835885826771654
 30
0.0
 10
0.4745
 20
-1.835885826771654
 30
0.0
 10
0.4745
 20
-1.835885826771654
 30
0.0
 10
0.4745
 20
-0.6894803149606299
 30
0.0
 10
0.4745
 20
-0.6894803149606299
 30
0.0
 10
0.4745
 20
-0.6894803149606299
 30
0.0
 10
5.868326771653543
 20
-0.6894803149606299
 30
0.0
 10
5.868326771653543
 20
-0.6894803149606299
 30
0.0
 10
5.868326771653543
 20
-0.6894803149606299
 30
0.0
 10
5.868318897637796
 20
-1.835885826771654
 30
0.0
 10
5.868318897637796
 20
-1.835885826771654
 30
0.0
 10
5.868318897637796
 20
-1.835885826771654
 30
0.0
 10
4.880366141732283
 20
-1.835885826771654
 30
0.0
 10
4.880366141732283
 20
-1.835885826771654
 30
0.0
 10
4.880366141732283
 20
-1.835885826771654
 30
0.0
 10
6.897598425196851
 20
-6.725043307086614
 30
0.0
 10
6.897598425196851
 20
-6.725043307086614
 30
0.0
 10
6.897598425196851
 20
-6.725043307086614
 30
0.0
 10
8.430610236220472
 20
-2.379354330708662
 30
0.0
 10
8.430610236220472
 20
-2.379354330708662
 30
0.0
 10
8.430610236220472
 20
-2.379354330708662
 30
0.0
 10
8.434622047244094
 20
-2.368649606299213
 30
0.0
 10
8.434622047244094
 20
-2.368649606299213
 30
0.0
 10
8.462811023622047
 20
-2.297
 30
0.0
 10
8.486712598425196
 20
-2.231937007874016
 30
0.0
 10
8.506622047244095
 20
-2.173350393700787
 30
0.0
 10
8.526484251968505
 20
-2.114905511811024
 30
0.0
 10
8.542826771653543
 20
-2.061248031496063
 30
0.0
 10
8.555885826771654
 20
-2.012586614173228
 30
0.0
 10
8.567874015748032
 20
-1.967877952755906
 30
0.0
 10
8.575748031496063
 20
-1.933125984251969
 30
0.0
 10
8.57987401574803
 20
-1.90761811023622
 30
0.0
 10
8.582374015748032
 20
-1.892118110236221
 30
0.0
 10
8.58390157480315
 20
-1.876956692913386
 30
0.0
 10
8.584523622047245
 20
-1.862228346456693
 30
0.0
 10
8.56524409448819
 20
-1.859027559055118
 30
0.0
 10
8.540125984251969
 20
-1.855586614173228
 30
0.0
 10
8.509153543307086
 20
-1.85192125984252
 30
0.0
 10
8.419590551181102
 20
-1.841322834645669
 30
0.0
 10
8.300901574803149
 20
-1.835885826771654
 30
0.0
 10
8.153228346456693
 20
-1.835885826771654
 30
0.0
 10
8.153228346456693
 20
-1.835885826771654
 30
0.0
 10
7.195523622047244
 20
-1.835885826771654
 30
0.0
 10
7.195523622047244
 20
-1.835885826771654
 30
0.0
 10
7.195523622047244
 20
-1.835885826771654
 30
0.0
 10
7.195523622047244
 20
-0.6894803149606299
 30
0.0
 10
7.195523622047244
 20
-0.6894803149606299
 30
0.0
 10
7.195523622047244
 20
-0.6894803149606299
 30
0.0
 10
11.06418110236221
 20
-0.6894803149606299
 30
0.0
 10
11.06418110236221
 20
-0.6894803149606299
 30
0.0
 10
11.06418110236221
 20
-0.6894803149606299
 30
0.0
 10
11.06418110236221
 20
-1.835885826771654
 30
0.0
 10
11.06418110236221
 20
-1.835885826771654
 30
0.0
 10
11.06418110236221
 20
-1.835885826771654
 30
0.0
 10
10.2936062992126
 20
-1.835885826771654
 30
0.0
 10
10.2936062992126
 20
-1.835885826771654
 30
0.0
 10
10.20080708661417
 20
-1.835885826771654
 30
0.0
 10
10.12373622047244
 20
-1.846511811023622
 30
0.0
 10
10.06244094488189
 20
-1.867724409448819
 30
0.0
 10
10.01102755905512
 20
-1.885515748031496
 30
0.0
 10
9.967062992125983
 20
-1.91201968503937
 30
0.0
 10
9.93059842519685
 20
-1.947181102362205
 30
0.0
 10
9.93059842519685
 20
-1.947181102362205
 30
0.0
 10
9.926586614173228
 20
-1.951192913385827
 30
0.0
 10
9.926586614173228
 20
-1.951192913385827
 30
0.0
 10
9.883811023622048
 20
-1.990968503937008
 30
0.0
 10
9.832929133858269
 20
-2.068838582677165
 30
0.0
 10
9.774224409448818
 20
-2.184291338582677
 30
0.0
 10
9.704070866141732
 20
-2.322251968503937
 30
0.0
 10
9.632122047244094
 20
-2.498704724409449
 30
0.0
 10
9.55871653543307
 20
-2.713007874015748
 30
0.0
 10
9.55871653543307
 20
-2.713007874015748
 30
0.0
 10
9.55738188976378
 20
-2.718354330708662
 30
0.0
 10
9.55738188976378
 20
-2.718354330708662
 30
0.0
 10
9.55738188976378
 20
-2.718354330708662
 30
0.0
 10
6.382149606299213
 20
-11.60214566929134
 30
0.0
 10
6.382149606299213
 20
-11.60214566929134
 30
0.0
 10
6.382149606299213
 20
-11.60214566929134
 30
0.0
 10
5.453937007874016
 20
-11.60214566929134
 30
0.0
 10
5.453937007874016
 20
-11.60214566929134
 30
0.0
 10
5.453937007874016
 20
-11.60214566929134
 30
0.0
 10
5.366444881889763
 20
-11.38941338582677
 30
0.0
 10
5.366444881889763
 20
-11.38941338582677
 30
0.0
  0
SPLINE
  5
64
330
1F
100
AcDbEntity
  8
Layer 1
 62
   250
370
    20
100
AcDbSpline
210
0.0
220
0.0
230
1.0
 70
    11
 71
     3
 72
    62
 73
    58
 74
     0
 42
0.0000000001
 43
0.0000000001
 40
0.0
 40
0.0
 40
0.0
 40
0.0
 40
0.0526315789473684
 40
0.0526315789473684
 40
0.0526315789473684
 40
0.1052631578947368
 40
0.1052631578947368
 40
0.1052631578947368
 40
0.1578947368421053
 40
0.1578947368421053
 40
0.1578947368421053
 40
0.2105263157894737
 40
0.2105263157894737
 40
0.2105263157894737
 40
0.2631578947368421
 40
0.2631578947368421
 40
0.2631578947368421
 40
0.3157894736842105
 40
0.3157894736842105
 40
0.3157894736842105
 40
0.3684210526315789
 40
0.3684210526315789
 40
0.3684210526315789
 40
0.4210526315789473
 40
0.4210526315789473
 40
0.4210526315789473
 40
0.4736842105263158
 40
0.4736842105263158
 40
0.4736842105263158
 40
0.5263157894736842
 40
0.5263157894736842
 40
0.5263157894736842
 40
0.5789473684210527
 40
0.5789473684210527
 40
0.5789473684210527
 40
0.631578947368421
 40
0.631578947368421
 40
0.631578947368421
 40
0.6842105263157894
 40
0.6842105263157894
 40
0.6842105263157894
 40
0.7368421052631579
 40
0.7368421052631579
 40
0.7368421052631579
 40
0.7894736842105263
 40
0.7894736842105263
 40
0.7894736842105263
 40
0.8421052631578947
 40
0.8421052631578947
 40
0.8421052631578947
 40
0.894736842105263
 40
0.894736842105263
 40
0.894736842105263
 40
0.9473684210526315
 40
0.9473684210526315
 40
0.9473684210526315
 40
1.0
 40
1.0
 40
1.0
 40
1.0
 10
-19.53341338582677
 20
8.890413385826772
 30
0.0
 10
-19.53341338582677
 20
8.890413385826772
 30
0.0
 10
-19.53341338582677
 20
9.725074803149607
 30
0.0
 10
-19.53341338582677
 20
9.725074803149607
 30
0.0
 10
-19.53341338582677
 20
9.725074803149607
 30
0.0
 10
-18.50296062992126
 20
9.725074803149607
 30
0.0
 10
-18.50296062992126
 20
9.725074803149607
 30
0.0
 10
-18.50296062992126
 20
9.725074803149607
 30
0.0
 10
-18.50296062992126
 20
18.08346456692913
 30
0.0
 10
-18.50296062992126
 20
18.08346456692913
 30
0.0
 10
-18.50296062992126
 20
18.08346456692913
 30
0.0
 10
-19.53342125984252
 20
18.08346456692913
 30
0.0
 10
-19.53342125984252
 20
18.08346456692913
 30
0.0
 10
-19.53342125984252
 20
18.08346456692913
 30
0.0
 10
-19.53341338582677
 20
19.22987007874016
 30
0.0
 10
-19.53341338582677
 20
19.22987007874016
 30
0.0
 10
-19.53341338582677
 20
19.22987007874016
 30
0.0
 10
-13.86530708661417
 20
19.22987007874016
 30
0.0
 10
-13.86530708661417
 20
19.22987007874016
 30
0.0
 10
-13.86530708661417
 20
19.22987007874016
 30
0.0
 10
-13.86530708661417
 20
18.08346456692913
 30
0.0
 10
-13.86530708661417
 20
18.08346456692913
 30
0.0
 10
-13.86530708661417
 20
18.08346456692913
 30
0.0
 10
-15.2495
 20
18.08346456692913
 30
0.0
 10
-15.2495
 20
18.08346456692913
 30
0.0
 10
-15.2495
 20
18.08346456692913
 30
0.0
 10
-15.2495
 20
9.725074803149607
 30
0.0
 10
-15.2495
 20
9.725074803149607
 30
0.0
 10
-15.2495
 20
9.725074803149607
 30
0.0
 10
-14.13347637795276
 20
9.725074803149607
 30
0.0
 10
-14.13347637795276
 20
9.725074803149607
 30
0.0
 10
-13.75721653543307
 20
9.725074803149607
 30
0.0
 10
-13.42605511811024
 20
9.77333464566929
 30
0.0
 10
-13.14033464566929
 20
9.869838582677165
 30
0.0
 10
-12.86543700787402
 20
9.96267716535433
 30
0.0
 10
-12.62886614173228
 20
10.10154330708661
 30
0.0
 10
-12.43096456692913
 20
10.28640551181102
 30
0.0
 10
-12.22686614173228
 20
10.47849212598425
 30
0.0
 10
-12.04328346456693
 20
10.7381811023622
 30
0.0
 10
-11.87967716535433
 20
11.06540551181102
 30
0.0
 10
-11.70818897637795
 20
11.40837795275591
 30
0.0
 10
-11.55899212598425
 20
11.82442519685039
 30
0.0
 10
-11.43152362204724
 20
12.3134842519685
 30
0.0
 10
-11.43152362204724
 20
12.3134842519685
 30
0.0
 10
-11.36457480314961
 20
12.57036614173228
 30
0.0
 10
-11.36457480314961
 20
12.57036614173228
 30
0.0
 10
-11.36457480314961
 20
12.57036614173228
 30
0.0
 10
-10.27118503937008
 20
12.57036614173228
 30
0.0
 10
-10.27118503937008
 20
12.57036614173228
 30
0.0
 10
-10.27118503937008
 20
12.57036614173228
 30
0.0
 10
-10.40712204724409
 20
8.547909448818897
 30
0.0
 10
-10.40712204724409
 20
8.547909448818897
 30
0.0
 10
-10.40712204724409
 20
8.547909448818897
 30
0.0
 10
-19.53341338582677
 20
8.547909448818897
 30
0.0
 10
-19.53341338582677
 20
8.547909448818897
 30
0.0
 10
-19.53341338582677
 20
8.547909448818897
 30
0.0
 10
-19.53341338582677
 20
8.890413385826772
 30
0.0
 10
-19.53341338582677
 20
8.890413385826772
 30
0.0
  0
SPLINE
  5
65
330
1F
100
AcDbEntity
  8
Layer 1
 62
   250
370
     9
100
AcDbSpline
210
0.0
220
0.0
230
1.0
 70
    11
 71
     3
 72
    50
 73
    46
 74
     0
 42
0.0000000001
 43
0.0000000001
 40
0.0
 40
0.0
 40
0.0
 40
0.0
 40
0.0666666666666667
 40
0.0666666666666667
 40
0.0666666666666667
 40
0.1333333333333333
 40
0.1333333333333333
 40
0.1333333333333333
 40
0.2
 40
0.2
 40
0.2
 40
0.2666666666666667
 40
0.2666666666666667
 40
0.2666666666666667
 40
0.3333333333333333
 40
0.3333333333333333
 40
0.3333333333333333
 40
0.4
 40
0.4
 40
0.4
 40
0.4666666666666667
 40
0.4666666666666667
 40
0.4666666666666667
 40
0.5333333333333333
 40
0.5333333333333333
 40
0.5333333333333333
 40
0.6
 40
0.6
 40
0.6
 40
0.6666666666666666
 40
0.6666666666666666
 40
0.6666666666666666
 40
0.7333333333333333
 40
0.7333333333333333
 40
0.7333333333333333
 40
0.8
 40
0.8
 40
0.8
 40
0.8666666666666667
 40
0.8666666666666667
 40
0.8666666666666667
 40
0.9333333333333333
 40
0.9333333333333333
 40
0.9333333333333333
 40
1.0
 40
1.0
 40
1.0
 40
1.0
 10
-3.628877952755905
 20
8.724858267716536
 30
0.0
 10
-3.628877952755905
 20
8.724858267716536
 30
0.0
 10
-3.64357874015748
 20
8.62198031496063
 30
0.0
 10
-3.64357874015748
 20
8.62198031496063
 30
0.0
 10
-3.64357874015748
 20
8.62198031496063
 30
0.0
 10
-4.173413385826771
 20
8.62198031496063
 30
0.0
 10
-4.173413385826771
 20
8.62198031496063
 30
0.0
 10
-4.173413385826771
 20
8.62198031496063
 30
0.0
 10
-4.158712598425197
 20
8.720625984251969
 30
0.0
 10
-4.158712598425197
 20
8.720625984251969
 30
0.0
 10
-4.03292125984252
 20
8.80705905511811
 30
0.0
 10
-3.944236220472441
 20
8.879547244094487
 30
0.0
 10
-3.893177165354331
 20
8.93758661417323
 30
0.0
 10
-3.842110236220472
 20
8.99562598425197
 30
0.0
 10
-3.816456692913386
 20
9.062885826771653
 30
0.0
 10
-3.816456692913386
 20
9.138606299212599
 30
0.0
 10
-3.816456692913386
 20
9.241240157480314
 30
0.0
 10
-3.885200787401575
 20
9.292555118110236
 30
0.0
 10
-4.02246062992126
 20
9.292555118110236
 30
0.0
 10
-4.081248031496063
 20
9.292555118110236
 30
0.0
 10
-4.127830708661417
 20
9.288818897637796
 30
0.0
 10
-4.162448818897638
 20
9.28109842519685
 30
0.0
 10
-4.162448818897638
 20
9.28109842519685
 30
0.0
 10
-4.147751968503937
 20
9.383976377952756
 30
0.0
 10
-4.147751968503937
 20
9.383976377952756
 30
0.0
 10
-4.111885826771654
 20
9.393685039370078
 30
0.0
 10
-4.064803149606299
 20
9.39842125984252
 30
0.0
 10
-4.006267716535433
 20
9.39842125984252
 30
0.0
 10
-3.898405511811024
 20
9.39842125984252
 30
0.0
 10
-3.818196850393701
 20
9.376503937007874
 30
0.0
 10
-3.76613779527559
 20
9.332909448818898
 30
0.0
 10
-3.714070866141732
 20
9.289066929133858
 30
0.0
 10
-3.688169291338583
 20
9.23576377952756
 30
0.0
 10
-3.688169291338583
 20
9.172988188976378
 30
0.0
 10
-3.688169291338583
 20
9.079570866141733
 30
0.0
 10
-3.722047244094488
 20
8.996870078740157
 30
0.0
 10
-3.789795275590551
 20
8.92488188976378
 30
0.0
 10
-3.857807086614173
 20
8.852893700787401
 30
0.0
 10
-3.940755905511811
 20
8.785141732283465
 30
0.0
 10
-4.039145669291338
 20
8.721870078740157
 30
0.0
 10
-4.039145669291338
 20
8.721870078740157
 30
0.0
 10
-4.039145669291338
 20
8.716137795275591
 30
0.0
 10
-4.039145669291338
 20
8.716137795275591
 30
0.0
 10
-3.900897637795276
 20
8.716137795275591
 30
0.0
 10
-3.764141732283464
 20
8.719125984251969
 30
0.0
 10
-3.628877952755905
 20
8.724858267716536
 30
0.0
  0
SPLINE
  5
66
330
1F
100
AcDbEntity
  8
Layer 1
 62
   250
370
     9
100
AcDbSpline
210
0.0
220
0.0
230
1.0
 70
    11
 71
     3
 72
    17
 73
    13
 74
     0
 42
0.0000000001
 43
0.0000000001
 40
0.0
 40
0.0
 40
0.0
 40
0.0
 40
0.25
 40
0.25
 40
0.25
 40
0.5
 40
0.5
 40
0.5
 40
0.75
 40
0.75
 40
0.75
 40
1.0
 40
1.0
 40
1.0
 40
1.0
 10
-4.260850393700787
 20
8.62198031496063
 30
0.0
 10
-4.260850393700787
 20
8.62198031496063
 30
0.0
 10
-4.385645669291338
 20
8.62198031496063
 30
0.0
 10
-4.385645669291338
 20
8.62198031496063
 30
0.0
 10
-4.37236220472441
 20
8.882610236220472
 30
0.0
 10
-4.389452755905512
 20
9.14078346456693
 30
0.0
 10
-4.377775590551181
 20
9.39842125984252
 30
0.0
 10
-4.377775590551181
 20
9.39842125984252
 30
0.0
 10
-4.260850393700787
 20
9.39842125984252
 30
0.0
 10
-4.260850393700787
 20
9.39842125984252
 30
0.0
 10
-4.269043307086614
 20
9.139909448818898
 30
0.0
 10
-4.272653543307086
 20
8.880429133858268
 30
0.0
 10
-4.260850393700787
 20
8.62198031496063
 30
0.0
  0
SPLINE
  5
67
330
1F
100
AcDbEntity
  8
Layer 1
 62
   250
370
     9
100
AcDbSpline
210
0.0
220
0.0
230
1.0
 70
    11
 71
     3
 72
    38
 73
    34
 74
     0
 42
0.0000000001
 43
0.0000000001
 40
0.0
 40
0.0
 40
0.0
 40
0.0
 40
0.0909090909090909
 40
0.0909090909090909
 40
0.0909090909090909
 40
0.1818181818181818
 40
0.1818181818181818
 40
0.1818181818181818
 40
0.2727272727272727
 40
0.2727272727272727
 40
0.2727272727272727
 40
0.3636363636363636
 40
0.3636363636363636
 40
0.3636363636363636
 40
0.4545454545454546
 40
0.4545454545454546
 40
0.4545454545454546
 40
0.5454545454545454
 40
0.5454545454545454
 40
0.5454545454545454
 40
0.6363636363636364
 40
0.6363636363636364
 40
0.6363636363636364
 40
0.7272727272727273
 40
0.7272727272727273
 40
0.7272727272727273
 40
0.8181818181818182
 40
0.8181818181818182
 40
0.8181818181818182
 40
0.9090909090909092
 40
0.9090909090909092
 40
0.9090909090909092
 40
1.0
 40
1.0
 40
1.0
 40
1.0
 10
-8.458523622047244
 20
4.466145669291339
 30
0.0
 10
-8.458523622047244
 20
4.050645669291338
 30
0.0
 10
-8.634889763779528
 20
3.832681102362205
 30
0.0
 10
-8.987610236220473
 20
3.811515748031496
 30
0.0
 10
-8.987610236220473
 20
3.811515748031496
 30
0.0
 10
-9.009031496062992
 20
3.898448818897638
 30
0.0
 10
-9.009031496062992
 20
3.898448818897638
 30
0.0
 10
-8.743740157480316
 20
3.916381889763779
 30
0.0
 10
-8.603248031496063
 20
4.070074803149606
 30
0.0
 10
-8.587055118110236
 20
4.359035433070866
 30
0.0
 10
-8.587055118110236
 20
4.359035433070866
 30
0.0
 10
-8.59428346456693
 20
4.359035433070866
 30
0.0
 10
-8.59428346456693
 20
4.359035433070866
 30
0.0
 10
-8.643106299212599
 20
4.289283464566929
 30
0.0
 10
-8.72057874015748
 20
4.254657480314961
 30
0.0
 10
-8.827192913385828
 20
4.254657480314961
 30
0.0
 10
-8.913377952755905
 20
4.254657480314961
 30
0.0
 10
-8.980885826771653
 20
4.284303149606299
 30
0.0
 10
-9.029708661417322
 20
4.344090551181102
 30
0.0
 10
-9.078535433070867
 20
4.403622047244094
 30
0.0
 10
-9.10294094488189
 20
4.474618110236221
 30
0.0
 10
-9.10294094488189
 20
4.556814960629922
 30
0.0
 10
-9.10294094488189
 20
4.644748031496063
 30
0.0
 10
-9.075043307086615
 20
4.721224409448819
 30
0.0
 10
-9.018748031496063
 20
4.786240157480315
 30
0.0
 10
-8.962448818897638
 20
4.851248031496063
 30
0.0
 10
-8.883740157480315
 20
4.883633858267716
 30
0.0
 10
-8.781858267716535
 20
4.883633858267716
 30
0.0
 10
-8.692425196850394
 20
4.883633858267716
 30
0.0
 10
-8.616208661417323
 20
4.848507874015748
 30
0.0
 10
-8.553177165354331
 20
4.778263779527559
 30
0.0
 10
-8.490157480314961
 20
4.708015748031496
 30
0.0
 10
-8.458523622047244
 20
4.603893700787402
 30
0.0
 10
-8.458523622047244
 20
4.466145669291339
 30
0.0
  0
SPLINE
  5
68
330
1F
100
AcDbEntity
  8
Layer 1
 62
   250
370
     9
100
AcDbSpline
210
0.0
220
0.0
230
1.0
 70
    11
 71
     3
 72
    26
 73
    22
 74
     0
 42
0.0000000001
 43
0.0000000001
 40
0.0
 40
0.0
 40
0.0
 40
0.0
 40
0.1428571428571428
 40
0.1428571428571428
 40
0.1428571428571428
 40
0.2857142857142857
 40
0.2857142857142857
 40
0.2857142857142857
 40
0.4285714285714285
 40
0.4285714285714285
 40
0.4285714285714285
 40
0.5714285714285714
 40
0.5714285714285714
 40
0.5714285714285714
 40
0.7142857142857142
 40
0.7142857142857142
 40
0.7142857142857142
 40
0.8571428571428571
 40
0.8571428571428571
 40
0.8571428571428571
 40
1.0
 40
1.0
 40
1.0
 40
1.0
 10
-8.585562992125984
 20
4.449456692913386
 30
0.0
 10
-8.585562992125984
 20
4.560799212598425
 30
0.0
 10
-8.606244094488188
 20
4.644748031496063
 30
0.0
 10
-8.647594488188977
 20
4.700799212598425
 30
0.0
 10
-8.688944881889764
 20
4.757090551181102
 30
0.0
 10
-8.738015748031495
 20
4.785240157480315
 30
0.0
 10
-8.794307086614173
 20
4.785240157480315
 30
0.0
 10
-8.851354330708661
 20
4.785240157480315
 30
0.0
 10
-8.89594094488189
 20
4.765062992125984
 30
0.0
 10
-8.92832283464567
 20
4.724712598425197
 30
0.0
 10
-8.960708661417323
 20
4.684102362204724
 30
0.0
 10
-8.976901574803149
 20
4.635783464566929
 30
0.0
 10
-8.976901574803149
 20
4.579484251968504
 30
0.0
 10
-8.976901574803149
 20
4.51746062992126
 30
0.0
 10
-8.957220472440945
 20
4.463653543307086
 30
0.0
 10
-8.918358267716535
 20
4.417322834645669
 30
0.0
 10
-8.8795
 20
4.371236220472441
 30
0.0
 10
-8.8251968503937
 20
4.348074803149606
 30
0.0
 10
-8.755700787401574
 20
4.348074803149606
 30
0.0
 10
-8.681720472440945
 20
4.348074803149606
 30
0.0
 10
-8.624925196850393
 20
4.381952755905512
 30
0.0
 10
-8.585562992125984
 20
4.449456692913386
 30
0.0
  0
SPLINE
  5
69
330
1F
100
AcDbEntity
  8
Layer 1
 62
   250
370
     9
100
AcDbSpline
210
0.0
220
0.0
230
1.0
 70
    11
 71
     3
 72
    53
 73
    49
 74
     0
 42
0.0000000001
 43
0.0000000001
 40
0.0
 40
0.0
 40
0.0
 40
0.0
 40
0.0625
 40
0.0625
 40
0.0625
 40
0.125
 40
0.125
 40
0.125
 40
0.1875
 40
0.1875
 40
0.1875
 40
0.25
 40
0.25
 40
0.25
 40
0.3125
 40
0.3125
 40
0.3125
 40
0.375
 40
0.375
 40
0.375
 40
0.4375
 40
0.4375
 40
0.4375
 40
0.5
 40
0.5
 40
0.5
 40
0.5625
 40
0.5625
 40
0.5625
 40
0.625
 40
0.625
 40
0.625
 40
0.6875
 40
0.6875
 40
0.6875
 40
0.75
 40
0.75
 40
0.75
 40
0.8125
 40
0.8125
 40
0.8125
 40
0.875
 40
0.875
 40
0.875
 40
0.9375
 40
0.9375
 40
0.9375
 40
1.0
 40
1.0
 40
1.0
 40
1.0
 10
-7.783082677165354
 20
1.864401574803149
 30
0.0
 10
-7.783082677165354
 20
1.774472440944882
 30
0.0
 10
-7.815464566929134
 20
1.704224409448819
 30
0.0
 10
-7.880476377952756
 20
1.654161417322835
 30
0.0
 10
-7.945492125984252
 20
1.604094488188976
 30
0.0
 10
-8.022212598425197
 20
1.579181102362205
 30
0.0
 10
-8.110649606299212
 20
1.578933070866142
 30
0.0
 10
-8.197334645669292
 20
1.579181102362205
 30
0.0
 10
-8.272307086614173
 20
1.603094488188976
 30
0.0
 10
-8.335582677165354
 20
1.651417322834646
 30
0.0
 10
-8.398606299212599
 20
1.6995
 30
0.0
 10
-8.430240157480315
 20
1.766751968503937
 30
0.0
 10
-8.430240157480315
 20
1.853437007874016
 30
0.0
 10
-8.430240157480315
 20
1.910484251968504
 30
0.0
 10
-8.412307086614174
 20
1.962791338582677
 30
0.0
 10
-8.376433070866142
 20
2.010618110236221
 30
0.0
 10
-8.340318897637795
 20
2.058700787401575
 30
0.0
 10
-8.289003937007873
 20
2.096807086614173
 30
0.0
 10
-8.22224409448819
 20
2.124952755905512
 30
0.0
 10
-8.22224409448819
 20
2.124952755905512
 30
0.0
 10
-8.22224409448819
 20
2.132929133858268
 30
0.0
 10
-8.22224409448819
 20
2.132929133858268
 30
0.0
 10
-8.322633858267716
 20
2.194704724409449
 30
0.0
 10
-8.372696850393702
 20
2.271181102362205
 30
0.0
 10
-8.372696850393702
 20
2.36209842519685
 30
0.0
 10
-8.372696850393702
 20
2.435082677165354
 30
0.0
 10
-8.346043307086614
 20
2.491629921259843
 30
0.0
 10
-8.292492125984252
 20
2.531484251968504
 30
0.0
 10
-8.238933070866143
 20
2.571342519685039
 30
0.0
 10
-8.175161417322835
 20
2.591271653543307
 30
0.0
 10
-8.101177165354331
 20
2.591271653543307
 30
0.0
 10
-8.029192913385828
 20
2.591271653543307
 30
0.0
 10
-7.966913385826771
 20
2.572342519685039
 30
0.0
 10
-7.914106299212598
 20
2.534224409448819
 30
0.0
 10
-7.861295275590551
 20
2.496362204724409
 30
0.0
 10
-7.834893700787402
 20
2.444303149606299
 30
0.0
 10
-7.834893700787402
 20
2.378291338582677
 30
0.0
 10
-7.834893700787402
 20
2.332952755905512
 30
0.0
 10
-7.848842519685039
 20
2.289614173228347
 30
0.0
 10
-7.877240157480315
 20
2.248263779527559
 30
0.0
 10
-7.905385826771654
 20
2.206913385826772
 30
0.0
 10
-7.944492125984252
 20
2.176023622047244
 30
0.0
 10
-7.994562992125984
 20
2.155598425196851
 30
0.0
 10
-7.994562992125984
 20
2.155598425196851
 30
0.0
 10
-7.994562992125984
 20
2.147622047244095
 30
0.0
 10
-7.994562992125984
 20
2.147622047244095
 30
0.0
 10
-7.853574803149606
 20
2.068161417322834
 30
0.0
 10
-7.783082677165354
 20
1.973751968503937
 30
0.0
 10
-7.783082677165354
 20
1.864401574803149
 30
0.0
  0
SPLINE
  5
6A
330
1F
100
AcDbEntity
  8
Layer 1
 62
   250
370
     9
100
AcDbSpline
210
0.0
220
0.0
230
1.0
 70
    11
 71
     3
 72
    23
 73
    19
 74
     0
 42
0.0000000001
 43
0.0000000001
 40
0.0
 40
0.0
 40
0.0
 40
0.0
 40
0.1666666666666667
 40
0.1666666666666667
 40
0.1666666666666667
 40
0.3333333333333333
 40
0.3333333333333333
 40
0.3333333333333333
 40
0.5
 40
0.5
 40
0.5
 40
0.6666666666666666
 40
0.6666666666666666
 40
0.6666666666666666
 40
0.8333333333333333
 40
0.8333333333333333
 40
0.8333333333333333
 40
1.0
 40
1.0
 40
1.0
 40
1.0
 10
-7.950976377952756
 20
2.36209842519685
 30
0.0
 10
-7.950976377952756
 20
2.409181102362205
 30
0.0
 10
-7.966169291338582
 20
2.445303149606299
 30
0.0
 10
-7.99655905511811
 20
2.47046062992126
 30
0.0
 10
-8.026948818897639
 20
2.49561811023622
 30
0.0
 10
-8.063318897637796
 20
2.508066929133858
 30
0.0
 10
-8.105665354330709
 20
2.508066929133858
 30
0.0
 10
-8.14601968503937
 20
2.508066929133858
 30
0.0
 10
-8.181141732283464
 20
2.497114173228347
 30
0.0
 10
-8.211283464566929
 20
2.47494094488189
 30
0.0
 10
-8.241673228346457
 20
2.452767716535433
 30
0.0
 10
-8.25661811023622
 20
2.422625984251968
 30
0.0
 10
-8.25661811023622
 20
2.384763779527559
 30
0.0
 10
-8.25661811023622
 20
2.305799212598425
 30
0.0
 10
-8.199074803149607
 20
2.239043307086614
 30
0.0
 10
-8.083740157480316
 20
2.183992125984252
 30
0.0
 10
-7.995066929133858
 20
2.223354330708661
 30
0.0
 10
-7.950976377952756
 20
2.282885826771654
 30
0.0
 10
-7.950976377952756
 20
2.36209842519685
 30
0.0
  0
SPLINE
  5
6B
330
1F
100
AcDbEntity
  8
Layer 1
 62
   250
370
     9
100
AcDbSpline
210
0.0
220
0.0
230
1.0
 70
    11
 71
     3
 72
    26
 73
    22
 74
     0
 42
0.0000000001
 43
0.0000000001
 40
0.0
 40
0.0
 40
0.0
 40
0.0
 40
0.1428571428571428
 40
0.1428571428571428
 40
0.1428571428571428
 40
0.2857142857142857
 40
0.2857142857142857
 40
0.2857142857142857
 40
0.4285714285714285
 40
0.4285714285714285
 40
0.4285714285714285
 40
0.5714285714285714
 40
0.5714285714285714
 40
0.5714285714285714
 40
0.7142857142857142
 40
0.7142857142857142
 40
0.7142857142857142
 40
0.8571428571428571
 40
0.8571428571428571
 40
0.8571428571428571
 40
1.0
 40
1.0
 40
1.0
 40
1.0
 10
-7.904141732283464
 20
1.844716535433071
 30
0.0
 10
-7.904141732283464
 20
1.93613779527559
 30
0.0
 10
-7.97961811023622
 20
2.018594488188977
 30
0.0
 10
-8.13032283464567
 20
2.092074803149606
 30
0.0
 10
-8.18288188976378
 20
2.074141732283465
 30
0.0
 10
-8.226228346456693
 20
2.044751968503937
 30
0.0
 10
-8.259858267716535
 20
2.004141732283465
 30
0.0
 10
-8.293736220472441
 20
1.963543307086614
 30
0.0
 10
-8.310673228346456
 20
1.919452755905512
 30
0.0
 10
-8.310673228346456
 20
1.871625984251968
 30
0.0
 10
-8.310673228346456
 20
1.808854330708661
 30
0.0
 10
-8.290248031496063
 20
1.760771653543307
 30
0.0
 10
-8.249641732283465
 20
1.72690157480315
 30
0.0
 10
-8.20903937007874
 20
1.693023622047244
 30
0.0
 10
-8.160464566929134
 20
1.67607874015748
 30
0.0
 10
-8.104173228346456
 20
1.67607874015748
 30
0.0
 10
-8.05011811023622
 20
1.67607874015748
 30
0.0
 10
-8.003283464566929
 20
1.691275590551181
 30
0.0
 10
-7.963681102362205
 20
1.721417322834646
 30
0.0
 10
-7.924070866141732
 20
1.751555118110236
 30
0.0
 10
-7.904141732283464
 20
1.792661417322835
 30
0.0
 10
-7.904141732283464
 20
1.844716535433071
 30
0.0
  0
SPLINE
  5
6C
330
1F
100
AcDbEntity
  8
Layer 1
 62
   250
370
     9
100
AcDbSpline
210
0.0
220
0.0
230
1.0
 70
    11
 71
     3
 72
    35
 73
    31
 74
     0
 42
0.0000000001
 43
0.0000000001
 40
0.0
 40
0.0
 40
0.0
 40
0.0
 40
0.1
 40
0.1
 40
0.1
 40
0.2
 40
0.2
 40
0.2
 40
0.3
 40
0.3
 40
0.3
 40
0.4
 40
0.4
 40
0.4
 40
0.5
 40
0.5
 40
0.5
 40
0.6000000000000001
 40
0.6000000000000001
 40
0.6000000000000001
 40
0.7000000000000001
 40
0.7000000000000001
 40
0.7000000000000001
 40
0.8
 40
0.8
 40
0.8
 40
0.9
 40
0.9
 40
0.9
 40
1.0
 40
1.0
 40
1.0
 40
1.0
 10
-6.122570866141732
 20
0.8061181102362205
 30
0.0
 10
-6.122570866141732
 20
0.7161889763779528
 30
0.0
 10
-6.157692913385826
 20
0.5918897637795275
 30
0.0
 10
-6.228433070866142
 20
0.4339645669291339
 30
0.0
 10
-6.257578740157481
 20
0.3682007874015748
 30
0.0
 10
-6.322594488188976
 20
0.2386692913385827
 30
0.0
 10
-6.42398031496063
 20
0.0448700787401575
 30
0.0
 10
-6.493976377952756
 20
-0.0893937007874016
 30
0.0
 10
-6.529102362204725
 20
-0.1725905511811024
 30
0.0
 10
-6.529102362204725
 20
-0.2047283464566929
 30
0.0
 10
-6.529102362204725
 20
-0.2047283464566929
 30
0.0
 10
-6.657385826771653
 20
-0.1892795275590551
 30
0.0
 10
-6.657385826771653
 20
-0.1892795275590551
 30
0.0
 10
-6.657385826771653
 20
-0.1581456692913386
 30
0.0
 10
-6.620771653543307
 20
-0.0786771653543307
 30
0.0
 10
-6.547283464566929
 20
0.0493582677165354
 30
0.0
 10
-6.420244094488189
 20
0.2725472440944882
 30
0.0
 10
-6.352736220472441
 20
0.3926141732283465
 30
0.0
 10
-6.344263779527559
 20
0.4090551181102362
 30
0.0
 10
-6.270783464566929
 20
0.5487992125984252
 30
0.0
 10
-6.234165354330709
 20
0.6471968503937008
 30
0.0
 10
-6.234165354330709
 20
0.704732283464567
 30
0.0
 10
-6.339279527559055
 20
0.704732283464567
 30
0.0
 10
-6.498456692913386
 20
0.698255905511811
 30
0.0
 10
-6.712185039370079
 20
0.6855551181102362
 30
0.0
 10
-6.712185039370079
 20
0.6855551181102362
 30
0.0
 10
-6.707704724409449
 20
0.8061181102362205
 30
0.0
 10
-6.707704724409449
 20
0.8061181102362205
 30
0.0
 10
-6.707704724409449
 20
0.8061181102362205
 30
0.0
 10
-6.122570866141732
 20
0.8061181102362205
 30
0.0
 10
-6.122570866141732
 20
0.8061181102362205
 30
0.0
  0
SPLINE
  5
6D
330
1F
100
AcDbEntity
  8
Layer 1
 62
   250
370
     9
100
AcDbSpline
210
0.0
220
0.0
230
1.0
 70
    11
 71
     3
 72
    41
 73
    37
 74
     0
 42
0.0000000001
 43
0.0000000001
 40
0.0
 40
0.0
 40
0.0
 40
0.0
 40
0.0833333333333333
 40
0.0833333333333333
 40
0.0833333333333333
 40
0.1666666666666667
 40
0.1666666666666667
 40
0.1666666666666667
 40
0.25
 40
0.25
 40
0.25
 40
0.3333333333333333
 40
0.3333333333333333
 40
0.3333333333333333
 40
0.4166666666666666
 40
0.4166666666666666
 40
0.4166666666666666
 40
0.5
 40
0.5
 40
0.5
 40
0.5833333333333333
 40
0.5833333333333333
 40
0.5833333333333333
 40
0.6666666666666666
 40
0.6666666666666666
 40
0.6666666666666666
 40
0.75
 40
0.75
 40
0.75
 40
0.8333333333333333
 40
0.8333333333333333
 40
0.8333333333333333
 40
0.9166666666666666
 40
0.9166666666666666
 40
0.9166666666666666
 40
1.0
 40
1.0
 40
1.0
 40
1.0
 10
-3.81488188976378
 20
-0.4744842519685039
 30
0.0
 10
-3.81488188976378
 20
-0.5626653543307086
 30
0.0
 10
-3.843527559055118
 20
-0.6391377952755906
 30
0.0
 10
-3.900566929133858
 20
-0.7036574803149607
 30
0.0
 10
-3.957866141732283
 20
-0.7684212598425196
 30
0.0
 10
-4.038074803149606
 20
-0.8008070866141732
 30
0.0
 10
-4.141696850393701
 20
-0.8008070866141732
 30
0.0
 10
-4.230874015748031
 20
-0.8008070866141732
 30
0.0
 10
-4.306854330708662
 20
-0.7666811023622048
 30
0.0
 10
-4.369874015748032
 20
-0.6986771653543307
 30
0.0
 10
-4.432893700787401
 20
-0.6304173228346457
 30
0.0
 10
-4.464279527559055
 20
-0.5302874015748031
 30
0.0
 10
-4.464279527559055
 20
-0.3980078740157481
 30
0.0
 10
-4.464279527559055
 20
-0.0131535433070866
 30
0.0
 10
-4.294149606299213
 20
0.1898622047244095
 30
0.0
 10
-3.953633858267716
 20
0.2107834645669291
 30
0.0
 10
-3.953633858267716
 20
0.2107834645669291
 30
0.0
 10
-3.944161417322835
 20
0.1260905511811024
 30
0.0
 10
-3.944161417322835
 20
0.1260905511811024
 30
0.0
 10
-4.073444881889764
 20
0.1128858267716535
 30
0.0
 10
-4.168354330708661
 20
0.0750236220472441
 30
0.0
 10
-4.229133858267716
 20
0.012507874015748
 30
0.0
 10
-4.289661417322835
 20
-0.0500196850393701
 30
0.0
 10
-4.325535433070866
 20
-0.1449291338582677
 30
0.0
 10
-4.336748031496063
 20
-0.2724645669291338
 30
0.0
 10
-4.336748031496063
 20
-0.2724645669291338
 30
0.0
 10
-4.328523622047245
 20
-0.2724645669291338
 30
0.0
 10
-4.328523622047245
 20
-0.2724645669291338
 30
0.0
 10
-4.28194094488189
 20
-0.2077007874015748
 30
0.0
 10
-4.203728346456693
 20
-0.1753188976377953
 30
0.0
 10
-4.093622047244095
 20
-0.1753188976377953
 30
0.0
 10
-4.006688976377953
 20
-0.1753188976377953
 30
0.0
 10
-3.938437007874016
 20
-0.2049645669291339
 30
0.0
 10
-3.888862204724409
 20
-0.264
 30
0.0
 10
-3.839543307086614
 20
-0.3230354330708661
 30
0.0
 10
-3.81488188976378
 20
-0.3932834645669291
 30
0.0
 10
-3.81488188976378
 20
-0.4744842519685039
 30
0.0
  0
SPLINE
  5
6E
330
1F
100
AcDbEntity
  8
Layer 1
 62
   250
370
     9
100
AcDbSpline
210
0.0
220
0.0
230
1.0
 70
    11
 71
     3
 72
    26
 73
    22
 74
     0
 42
0.0000000001
 43
0.0000000001
 40
0.0
 40
0.0
 40
0.0
 40
0.0
 40
0.1428571428571428
 40
0.1428571428571428
 40
0.1428571428571428
 40
0.2857142857142857
 40
0.2857142857142857
 40
0.2857142857142857
 40
0.4285714285714285
 40
0.4285714285714285
 40
0.4285714285714285
 40
0.5714285714285714
 40
0.5714285714285714
 40
0.5714285714285714
 40
0.7142857142857142
 40
0.7142857142857142
 40
0.7142857142857142
 40
0.8571428571428571
 40
0.8571428571428571
 40
0.8571428571428571
 40
1.0
 40
1.0
 40
1.0
 40
1.0
 10
-3.94192125984252
 20
-0.4956574803149607
 30
0.0
 10
-3.94192125984252
 20
-0.4333818897637795
 30
0.0
 10
-3.960850393700787
 20
-0.3798307086614173
 30
0.0
 10
-3.999216535433071
 20
-0.3352362204724409
 30
0.0
 10
-4.037326771653543
 20
-0.2904055118110236
 30
0.0
 10
-4.093374015748031
 20
-0.267984251968504
 30
0.0
 10
-4.167358267716535
 20
-0.267984251968504
 30
0.0
 10
-4.236854330708661
 20
-0.267984251968504
 30
0.0
 10
-4.293645669291339
 20
-0.2966338582677165
 30
0.0
 10
-4.337488188976378
 20
-0.3534251968503937
 30
0.0
 10
-4.337488188976378
 20
-0.4784685039370078
 30
0.0
 10
-4.318559055118111
 20
-0.5686417322834646
 30
0.0
 10
-4.280944881889764
 20
-0.6239448818897638
 30
0.0
 10
-4.243082677165354
 20
-0.678996062992126
 30
0.0
 10
-4.195751968503937
 20
-0.7066456692913385
 30
0.0
 10
-4.138956692913386
 20
-0.7066456692913385
 30
0.0
 10
-4.077677165354331
 20
-0.7066456692913385
 30
0.0
 10
-4.029358267716535
 20
-0.6859724409448819
 30
0.0
 10
-3.99448031496063
 20
-0.6443661417322835
 30
0.0
 10
-3.959358267716536
 20
-0.602767716535433
 30
0.0
 10
-3.94192125984252
 20
-0.5532007874015749
 30
0.0
 10
-3.94192125984252
 20
-0.4956574803149607
 30
0.0
  0
SPLINE
  5
6F
330
1F
100
AcDbEntity
  8
Layer 1
 62
   250
370
     9
100
AcDbSpline
210
0.0
220
0.0
230
1.0
 70
    11
 71
     3
 72
    47
 73
    43
 74
     0
 42
0.0000000001
 43
0.0000000001
 40
0.0
 40
0.0
 40
0.0
 40
0.0
 40
0.0714285714285714
 40
0.0714285714285714
 40
0.0714285714285714
 40
0.1428571428571428
 40
0.1428571428571428
 40
0.1428571428571428
 40
0.2142857142857143
 40
0.2142857142857143
 40
0.2142857142857143
 40
0.2857142857142857
 40
0.2857142857142857
 40
0.2857142857142857
 40
0.3571428571428571
 40
0.3571428571428571
 40
0.3571428571428571
 40
0.4285714285714285
 40
0.4285714285714285
 40
0.4285714285714285
 40
0.5
 40
0.5
 40
0.5
 40
0.5714285714285714
 40
0.5714285714285714
 40
0.5714285714285714
 40
0.6428571428571428
 40
0.6428571428571428
 40
0.6428571428571428
 40
0.7142857142857142
 40
0.7142857142857142
 40
0.7142857142857142
 40
0.7857142857142857
 40
0.7857142857142857
 40
0.7857142857142857
 40
0.8571428571428571
 40
0.8571428571428571
 40
0.8571428571428571
 40
0.9285714285714285
 40
0.9285714285714285
 40
0.9285714285714285
 40
1.0
 40
1.0
 40
1.0
 40
1.0
 10
-1.548015748031496
 20
0.1939251968503937
 30
0.0
 10
-1.548015748031496
 20
0.0935393700787402
 30
0.0
 10
-1.597086614173228
 20
0.0046102362204724
 30
0.0
 10
-1.694736220472441
 20
-0.0731023622047244
 30
0.0
 10
-1.792633858267717
 20
-0.1510787401574803
 30
0.0
 10
-1.923161417322835
 20
-0.1931732283464567
 30
0.0
 10
-2.086566929133858
 20
-0.1993976377952756
 30
0.0
 10
-2.086566929133858
 20
-0.1993976377952756
 30
0.0
 10
-2.106992125984252
 20
-0.1134645669291339
 30
0.0
 10
-2.106992125984252
 20
-0.1134645669291339
 30
0.0
 10
-1.972728346456693
 20
-0.104992125984252
 30
0.0
 10
-1.867614173228346
 20
-0.0760984251968504
 30
0.0
 10
-1.791385826771654
 20
-0.0265236220472441
 30
0.0
 10
-1.715405511811024
 20
0.0230433070866142
 30
0.0
 10
-1.677299212598425
 20
0.0855708661417323
 30
0.0
 10
-1.677299212598425
 20
0.1610472440944882
 30
0.0
 10
-1.677299212598425
 20
0.242751968503937
 30
0.0
 10
-1.708188976377953
 20
0.3000472440944882
 30
0.0
 10
-1.769964566929134
 20
0.3329251968503937
 30
0.0
 10
-1.831740157480315
 20
0.3658070866141732
 30
0.0
 10
-1.942338582677165
 20
0.382244094488189
 30
0.0
 10
-2.102011811023622
 20
0.382244094488189
 30
0.0
 10
-2.074862204724409
 20
0.6039488188976377
 30
0.0
 10
-2.061161417322835
 20
0.7556417322834645
 30
0.0
 10
-2.061161417322835
 20
0.8368503937007874
 30
0.0
 10
-2.061161417322835
 20
0.8368503937007874
 30
0.0
 10
-1.615275590551181
 20
0.8368503937007874
 30
0.0
 10
-1.615275590551181
 20
0.8368503937007874
 30
0.0
 10
-1.615275590551181
 20
0.8368503937007874
 30
0.0
 10
-1.619507874015748
 20
0.7207755905511811
 30
0.0
 10
-1.619507874015748
 20
0.7207755905511811
 30
0.0
 10
-1.718897637795276
 20
0.7344763779527559
 30
0.0
 10
-1.836228346456693
 20
0.7412007874015748
 30
0.0
 10
-1.971236220472441
 20
0.7412007874015748
 30
0.0
 10
-1.98444094488189
 20
0.6482834645669291
 30
0.0
 10
-1.991165354330709
 20
0.5610944881889763
 30
0.0
 10
-1.991165354330709
 20
0.4798937007874016
 30
0.0
 10
-1.841208661417323
 20
0.4798937007874016
 30
0.0
 10
-1.729858267716536
 20
0.4572283464566929
 30
0.0
 10
-1.657122047244094
 20
0.4116377952755906
 30
0.0
 10
-1.58438188976378
 20
0.3662992125984252
 30
0.0
 10
-1.548015748031496
 20
0.2935629921259842
 30
0.0
 10
-1.548015748031496
 20
0.1939251968503937
 30
0.0
  0
SPLINE
  5
70
330
1F
100
AcDbEntity
  8
Layer 1
 62
   250
370
     9
100
AcDbSpline
210
0.0
220
0.0
230
1.0
 70
    11
 71
     3
 72
    41
 73
    37
 74
     0
 42
0.0000000001
 43
0.0000000001
 40
0.0
 40
0.0
 40
0.0
 40
0.0
 40
0.0833333333333333
 40
0.0833333333333333
 40
0.0833333333333333
 40
0.1666666666666667
 40
0.1666666666666667
 40
0.1666666666666667
 40
0.25
 40
0.25
 40
0.25
 40
0.3333333333333333
 40
0.3333333333333333
 40
0.3333333333333333
 40
0.4166666666666666
 40
0.4166666666666666
 40
0.4166666666666666
 40
0.5
 40
0.5
 40
0.5
 40
0.5833333333333333
 40
0.5833333333333333
 40
0.5833333333333333
 40
0.6666666666666666
 40
0.6666666666666666
 40
0.6666666666666666
 40
0.75
 40
0.75
 40
0.75
 40
0.8333333333333333
 40
0.8333333333333333
 40
0.8333333333333333
 40
0.9166666666666666
 40
0.9166666666666666
 40
0.9166666666666666
 40
1.0
 40
1.0
 40
1.0
 40
1.0
 10
0.2030354330708661
 20
1.878866141732283
 30
0.0
 10
0.2030354330708661
 20
1.878866141732283
 30
0.0
 10
0.1875944881889764
 20
1.764271653543307
 30
0.0
 10
0.1875944881889764
 20
1.764271653543307
 30
0.0
 10
0.1875944881889764
 20
1.764271653543307
 30
0.0
 10
0.0612992125984252
 20
1.764271653543307
 30
0.0
 10
0.0612992125984252
 20
1.764271653543307
 30
0.0
 10
0.0612992125984252
 20
1.673850393700787
 30
0.0
 10
0.0642913385826772
 20
1.556031496062992
 30
0.0
 10
0.0700157480314961
 20
1.411051181102362
 30
0.0
 10
0.0700157480314961
 20
1.411051181102362
 30
0.0
 10
-0.0547795275590551
 20
1.411051181102362
 30
0.0
 10
-0.0547795275590551
 20
1.411051181102362
 30
0.0
 10
-0.0507952755905512
 20
1.53659842519685
 30
0.0
 10
-0.0487992125984252
 20
1.654425196850394
 30
0.0
 10
-0.0487992125984252
 20
1.764271653543307
 30
0.0
 10
-0.0487992125984252
 20
1.764271653543307
 30
0.0
 10
-0.4618070866141732
 20
1.764271653543307
 30
0.0
 10
-0.4618070866141732
 20
1.764271653543307
 30
0.0
 10
-0.4618070866141732
 20
1.764271653543307
 30
0.0
 10
-0.477248031496063
 20
1.856196850393701
 30
0.0
 10
-0.477248031496063
 20
1.856196850393701
 30
0.0
 10
-0.477248031496063
 20
1.86890157480315
 30
0.0
 10
-0.4112401574803149
 20
1.964551181102362
 30
0.0
 10
-0.2794685039370079
 20
2.143153543307087
 30
0.0
 10
-0.1476929133858268
 20
2.321511811023622
 30
0.0
 10
-0.0819330708661417
 20
2.414673228346456
 30
0.0
 10
-0.0824291338582677
 20
2.421897637795276
 30
0.0
 10
-0.0824291338582677
 20
2.421897637795276
 30
0.0
 10
0.0700157480314961
 20
2.421897637795276
 30
0.0
 10
0.0700157480314961
 20
2.421897637795276
 30
0.0
 10
0.0642913385826772
 20
2.311791338582677
 30
0.0
 10
0.0612992125984252
 20
2.128208661417323
 30
0.0
 10
0.0612992125984252
 20
1.870889763779528
 30
0.0
 10
0.1056417322834646
 20
1.870889763779528
 30
0.0
 10
0.1527204724409449
 20
1.873633858267717
 30
0.0
 10
0.2030354330708661
 20
1.878866141732283
 30
0.0
  0
SPLINE
  5
71
330
1F
100
AcDbEntity
  8
Layer 1
 62
   250
370
     9
100
AcDbSpline
210
0.0
220
0.0
230
1.0
 70
    11
 71
     3
 72
    23
 73
    19
 74
     0
 42
0.0000000001
 43
0.0000000001
 40
0.0
 40
0.0
 40
0.0
 40
0.0
 40
0.1666666666666667
 40
0.1666666666666667
 40
0.1666666666666667
 40
0.3333333333333333
 40
0.3333333333333333
 40
0.3333333333333333
 40
0.5
 40
0.5
 40
0.5
 40
0.6666666666666666
 40
0.6666666666666666
 40
0.6666666666666666
 40
0.8333333333333333
 40
0.8333333333333333
 40
0.8333333333333333
 40
1.0
 40
1.0
 40
1.0
 40
1.0
 10
-0.0415708661417323
 20
2.318275590551181
 30
0.0
 10
-0.0415708661417323
 20
2.318275590551181
 30
0.0
 10
-0.0473070866141732
 20
2.318275590551181
 30
0.0
 10
-0.0473070866141732
 20
2.318275590551181
 30
0.0
 10
-0.0473070866141732
 20
2.305070866141732
 30
0.0
 10
-0.0996181102362205
 20
2.229346456692913
 30
0.0
 10
-0.204240157480315
 20
2.091342519685039
 30
0.0
 10
-0.3088582677165354
 20
1.953094488188976
 30
0.0
 10
-0.3611692913385827
 20
1.880110236220472
 30
0.0
 10
-0.3611692913385827
 20
1.872389763779527
 30
0.0
 10
-0.3611692913385827
 20
1.872389763779527
 30
0.0
 10
-0.3611692913385827
 20
1.866409448818898
 30
0.0
 10
-0.3611692913385827
 20
1.866409448818898
 30
0.0
 10
-0.275484251968504
 20
1.866409448818898
 30
0.0
 10
-0.1716062992125984
 20
1.868149606299213
 30
0.0
 10
-0.0495472440944882
 20
1.87163779527559
 30
0.0
 10
-0.0485511811023622
 20
2.02234251968504
 30
0.0
 10
-0.0458110236220472
 20
2.171307086614173
 30
0.0
 10
-0.0415708661417323
 20
2.318275590551181
 30
0.0
  0
SPLINE
  5
72
330
1F
100
AcDbEntity
  8
Layer 1
 62
   250
370
     9
100
AcDbSpline
210
0.0
220
0.0
230
1.0
 70
    11
 71
     3
 72
    68
 73
    64
 74
     0
 42
0.0000000001
 43
0.0000000001
 40
0.0
 40
0.0
 40
0.0
 40
0.0
 40
0.0476190476190476
 40
0.0476190476190476
 40
0.0476190476190476
 40
0.0952380952380952
 40
0.0952380952380952
 40
0.0952380952380952
 40
0.1428571428571428
 40
0.1428571428571428
 40
0.1428571428571428
 40
0.1904761904761905
 40
0.1904761904761905
 40
0.1904761904761905
 40
0.2380952380952381
 40
0.2380952380952381
 40
0.2380952380952381
 40
0.2857142857142857
 40
0.2857142857142857
 40
0.2857142857142857
 40
0.3333333333333333
 40
0.3333333333333333
 40
0.3333333333333333
 40
0.3809523809523809
 40
0.3809523809523809
 40
0.3809523809523809
 40
0.4285714285714285
 40
0.4285714285714285
 40
0.4285714285714285
 40
0.4761904761904762
 40
0.4761904761904762
 40
0.4761904761904762
 40
0.5238095238095237
 40
0.5238095238095237
 40
0.5238095238095237
 40
0.5714285714285714
 40
0.5714285714285714
 40
0.5714285714285714
 40
0.6190476190476191
 40
0.6190476190476191
 40
0.6190476190476191
 40
0.6666666666666666
 40
0.6666666666666666
 40
0.6666666666666666
 40
0.7142857142857142
 40
0.7142857142857142
 40
0.7142857142857142
 40
0.7619047619047619
 40
0.7619047619047619
 40
0.7619047619047619
 40
0.8095238095238095
 40
0.8095238095238095
 40
0.8095238095238095
 40
0.8571428571428571
 40
0.8571428571428571
 40
0.8571428571428571
 40
0.9047619047619047
 40
0.9047619047619047
 40
0.9047619047619047
 40
0.9523809523809523
 40
0.9523809523809523
 40
0.9523809523809523
 40
1.0
 40
1.0
 40
1.0
 40
1.0
 10
0.8419606299212599
 20
4.211984251968504
 30
0.0
 10
0.8419606299212599
 20
4.113334645669291
 30
0.0
 10
0.7926299212598426
 20
4.024405511811024
 30
0.0
 10
0.693992125984252
 20
3.94544094488189
 30
0.0
 10
0.5955944881889764
 20
3.866228346456693
 30
0.0
 10
0.4536062992125984
 20
3.82213779527559
 30
0.0
 10
0.2682834645669291
 20
3.812925196850394
 30
0.0
 10
0.2682834645669291
 20
3.812925196850394
 30
0.0
 10
0.2471062992125984
 20
3.90259842519685
 30
0.0
 10
0.2471062992125984
 20
3.90259842519685
 30
0.0
 10
0.3945708661417323
 20
3.912314960629921
 30
0.0
 10
0.5096574803149606
 20
3.941704724409449
 30
0.0
 10
0.5923582677165354
 20
3.991031496062992
 30
0.0
 10
0.6750629921259843
 20
4.040102362204724
 30
0.0
 10
0.7164133858267716
 20
4.105366141732284
 30
0.0
 10
0.7164133858267716
 20
4.186566929133858
 30
0.0
 10
0.7164133858267716
 20
4.262051181102362
 30
0.0
 10
0.6855196850393701
 20
4.315110236220472
 30
0.0
 10
0.623744094488189
 20
4.345992125984252
 30
0.0
 10
0.5617165354330709
 20
4.376885826771653
 30
0.0
 10
0.4717952755905512
 20
4.392326771653543
 30
0.0
 10
0.3537244094488189
 20
4.392326771653543
 30
0.0
 10
0.3537244094488189
 20
4.392326771653543
 30
0.0
 10
0.3681653543307087
 20
4.479259842519685
 30
0.0
 10
0.3681653543307087
 20
4.479259842519685
 30
0.0
 10
0.4620787401574803
 20
4.479259842519685
 30
0.0
 10
0.5393031496062992
 20
4.493464566929134
 30
0.0
 10
0.5995866141732283
 20
4.522358267716536
 30
0.0
 10
0.6598661417322834
 20
4.551007874015748
 30
0.0
 10
0.690007874015748
 20
4.59036220472441
 30
0.0
 10
0.690007874015748
 20
4.640433070866142
 30
0.0
 10
0.690007874015748
 20
4.687755905511811
 30
0.0
 10
0.6710708661417323
 20
4.721137795275591
 30
0.0
 10
0.6332086614173228
 20
4.741066929133858
 30
0.0
 10
0.5950984251968504
 20
4.760996062992126
 30
0.0
 10
0.5363110236220472
 20
4.771208661417323
 30
0.0
 10
0.4566023622047244
 20
4.771208661417323
 30
0.0
 10
0.3965669291338583
 20
4.771208661417323
 30
0.0
 10
0.344251968503937
 20
4.76598031496063
 30
0.0
 10
0.2996692913385827
 20
4.755767716535433
 30
0.0
 10
0.2996692913385827
 20
4.755767716535433
 30
0.0
 10
0.3083858267716535
 20
4.858645669291339
 30
0.0
 10
0.3083858267716535
 20
4.858645669291339
 30
0.0
 10
0.3532204724409449
 20
4.871842519685039
 30
0.0
 10
0.4234645669291339
 20
4.878318897637795
 30
0.0
 10
0.5193740157480315
 20
4.878318897637795
 30
0.0
 10
0.6078031496062992
 20
4.878318897637795
 30
0.0
 10
0.6760511811023622
 20
4.859633858267716
 30
0.0
 10
0.7238858267716536
 20
4.821771653543308
 30
0.0
 10
0.7719606299212598
 20
4.784157480314961
 30
0.0
 10
0.7958740157480315
 20
4.739326771653543
 30
0.0
 10
0.7958740157480315
 20
4.687259842519685
 30
0.0
 10
0.7958740157480315
 20
4.580149606299212
 30
0.0
 10
0.7395748031496063
 20
4.507909448818897
 30
0.0
 10
0.627236220472441
 20
4.470295275590551
 30
0.0
 10
0.627236220472441
 20
4.470295275590551
 30
0.0
 10
0.627236220472441
 20
4.463074803149606
 30
0.0
 10
0.627236220472441
 20
4.463074803149606
 30
0.0
 10
0.6890118110236221
 20
4.451362204724409
 30
0.0
 10
0.7403267716535433
 20
4.423216535433071
 30
0.0
 10
0.7809251968503937
 20
4.378377952755906
 30
0.0
 10
0.8215275590551181
 20
4.333791338582677
 30
0.0
 10
0.8419606299212599
 20
4.278236220472441
 30
0.0
 10
0.8419606299212599
 20
4.211984251968504
 30
0.0
  0
SPLINE
  5
73
330
1F
100
AcDbEntity
  8
Layer 1
 62
   250
370
     9
100
AcDbSpline
210
0.0
220
0.0
230
1.0
 70
    11
 71
     3
 72
    50
 73
    46
 74
     0
 42
0.0000000001
 43
0.0000000001
 40
0.0
 40
0.0
 40
0.0
 40
0.0
 40
0.0666666666666667
 40
0.0666666666666667
 40
0.0666666666666667
 40
0.1333333333333333
 40
0.1333333333333333
 40
0.1333333333333333
 40
0.2
 40
0.2
 40
0.2
 40
0.2666666666666667
 40
0.2666666666666667
 40
0.2666666666666667
 40
0.3333333333333333
 40
0.3333333333333333
 40
0.3333333333333333
 40
0.4
 40
0.4
 40
0.4
 40
0.4666666666666667
 40
0.4666666666666667
 40
0.4666666666666667
 40
0.5333333333333333
 40
0.5333333333333333
 40
0.5333333333333333
 40
0.6
 40
0.6
 40
0.6
 40
0.6666666666666666
 40
0.6666666666666666
 40
0.6666666666666666
 40
0.7333333333333333
 40
0.7333333333333333
 40
0.7333333333333333
 40
0.8
 40
0.8
 40
0.8
 40
0.8666666666666667
 40
0.8666666666666667
 40
0.8666666666666667
 40
0.9333333333333333
 40
0.9333333333333333
 40
0.9333333333333333
 40
1.0
 40
1.0
 40
1.0
 40
1.0
 10
0.1712322834645669
 20
6.429413385826772
 30
0.0
 10
0.1712322834645669
 20
6.429413385826772
 30
0.0
 10
0.1565354330708661
 20
6.326531496062992
 30
0.0
 10
0.1565354330708661
 20
6.326531496062992
 30
0.0
 10
0.1565354330708661
 20
6.326531496062992
 30
0.0
 10
-0.3732992125984252
 20
6.326531496062992
 30
0.0
 10
-0.3732992125984252
 20
6.326531496062992
 30
0.0
 10
-0.3732992125984252
 20
6.326531496062992
 30
0.0
 10
-0.3586023622047244
 20
6.425181102362204
 30
0.0
 10
-0.3586023622047244
 20
6.425181102362204
 30
0.0
 10
-0.2328070866141732
 20
6.511610236220473
 30
0.0
 10
-0.1441259842519685
 20
6.584102362204725
 30
0.0
 10
-0.0930669291338583
 20
6.64213779527559
 30
0.0
 10
-0.041996062992126
 20
6.70017716535433
 30
0.0
 10
-0.0163425196850394
 20
6.767437007874015
 30
0.0
 10
-0.0163425196850394
 20
6.843161417322834
 30
0.0
 10
-0.0163425196850394
 20
6.945791338582677
 30
0.0
 10
-0.0850905511811024
 20
6.997110236220473
 30
0.0
 10
-0.2223464566929134
 20
6.997110236220473
 30
0.0
 10
-0.2811377952755906
 20
6.997110236220473
 30
0.0
 10
-0.3277165354330709
 20
6.993370078740157
 30
0.0
 10
-0.3623385826771653
 20
6.985649606299212
 30
0.0
 10
-0.3623385826771653
 20
6.985649606299212
 30
0.0
 10
-0.3476377952755906
 20
7.088531496062992
 30
0.0
 10
-0.3476377952755906
 20
7.088531496062992
 30
0.0
 10
-0.3117716535433071
 20
7.098240157480315
 30
0.0
 10
-0.2646889763779527
 20
7.102972440944882
 30
0.0
 10
-0.2061574803149606
 20
7.102972440944882
 30
0.0
 10
-0.0982952755905512
 20
7.102972440944882
 30
0.0
 10
-0.0180826771653543
 20
7.081055118110236
 30
0.0
 10
0.0339724409448819
 20
7.037460629921259
 30
0.0
 10
0.0860393700787402
 20
6.993618110236221
 30
0.0
 10
0.1119409448818898
 20
6.940314960629921
 30
0.0
 10
0.1119409448818898
 20
6.877543307086614
 30
0.0
 10
0.1119409448818898
 20
6.784125984251968
 30
0.0
 10
0.0780629921259842
 20
6.701425196850393
 30
0.0
 10
0.0103149606299213
 20
6.629437007874015
 30
0.0
 10
-0.0576929133858268
 20
6.557448818897638
 30
0.0
 10
-0.1406456692913386
 20
6.489692913385827
 30
0.0
 10
-0.2390354330708661
 20
6.426425196850394
 30
0.0
 10
-0.2390354330708661
 20
6.426425196850394
 30
0.0
 10
-0.2390354330708661
 20
6.420692913385826
 30
0.0
 10
-0.2390354330708661
 20
6.420692913385826
 30
0.0
 10
-0.1007874015748031
 20
6.420692913385826
 30
0.0
 10
0.0359685039370079
 20
6.423681102362205
 30
0.0
 10
0.1712322834645669
 20
6.429413385826772
 30
0.0
  0
SPLINE
  5
74
330
1F
100
AcDbEntity
  8
Layer 1
 62
   250
370
     9
100
AcDbSpline
210
0.0
220
0.0
230
1.0
 70
    11
 71
     3
 72
    17
 73
    13
 74
     0
 42
0.0000000001
 43
0.0000000001
 40
0.0
 40
0.0
 40
0.0
 40
0.0
 40
0.25
 40
0.25
 40
0.25
 40
0.5
 40
0.5
 40
0.5
 40
0.75
 40
0.75
 40
0.75
 40
1.0
 40
1.0
 40
1.0
 40
1.0
 10
-1.832492125984252
 20
8.058043307086614
 30
0.0
 10
-1.832492125984252
 20
8.058043307086614
 30
0.0
 10
-1.957287401574803
 20
8.058043307086614
 30
0.0
 10
-1.957287401574803
 20
8.058043307086614
 30
0.0
 10
-1.944003937007874
 20
8.318673228346457
 30
0.0
 10
-1.961094488188976
 20
8.576842519685039
 30
0.0
 10
-1.94942125984252
 20
8.83448031496063
 30
0.0
 10
-1.94942125984252
 20
8.83448031496063
 30
0.0
 10
-1.832492125984252
 20
8.83448031496063
 30
0.0
 10
-1.832492125984252
 20
8.83448031496063
 30
0.0
 10
-1.840685039370079
 20
8.575968503937007
 30
0.0
 10
-1.844295275590551
 20
8.316492125984253
 30
0.0
 10
-1.832492125984252
 20
8.058043307086614
 30
0.0
  0
SPLINE
  5
75
330
1F
100
AcDbEntity
  8
Layer 1
 62
   250
370
     9
100
AcDbSpline
210
0.0
220
0.0
230
1.0
 70
    11
 71
     3
 72
    17
 73
    13
 74
     0
 42
0.0000000001
 43
0.0000000001
 40
0.0
 40
0.0
 40
0.0
 40
0.0
 40
0.25
 40
0.25
 40
0.25
 40
0.5
 40
0.5
 40
0.5
 40
0.75
 40
0.75
 40
0.75
 40
1.0
 40
1.0
 40
1.0
 40
1.0
 10
-6.240562992125985
 20
7.997350393700787
 30
0.0
 10
-6.240562992125985
 20
7.997350393700787
 30
0.0
 10
-6.365358267716536
 20
7.997350393700787
 30
0.0
 10
-6.365358267716536
 20
7.997350393700787
 30
0.0
 10
-6.352074803149606
 20
8.257984251968503
 30
0.0
 10
-6.369165354330709
 20
8.516153543307087
 30
0.0
 10
-6.357492125984252
 20
8.773791338582678
 30
0.0
 10
-6.357492125984252
 20
8.773791338582678
 30
0.0
 10
-6.240562992125985
 20
8.773791338582678
 30
0.0
 10
-6.240562992125985
 20
8.773791338582678
 30
0.0
 10
-6.248755905511811
 20
8.515279527559056
 30
0.0
 10
-6.252370078740157
 20
8.255799212598426
 30
0.0
 10
-6.240562992125985
 20
7.997350393700787
 30
0.0
  0
SPLINE
  5
76
330
1F
100
AcDbEntity
  8
Layer 1
 62
   250
370
     9
100
AcDbSpline
210
0.0
220
0.0
230
1.0
 70
    11
 71
     3
 72
    17
 73
    13
 74
     0
 42
0.0000000001
 43
0.0000000001
 40
0.0
 40
0.0
 40
0.0
 40
0.0
 40
0.25
 40
0.25
 40
0.25
 40
0.5
 40
0.5
 40
0.5
 40
0.75
 40
0.75
 40
0.75
 40
1.0
 40
1.0
 40
1.0
 40
1.0
 10
-6.619244094488189
 20
7.997350393700787
 30
0.0
 10
-6.619244094488189
 20
7.997350393700787
 30
0.0
 10
-6.74403937007874
 20
7.997350393700787
 30
0.0
 10
-6.74403937007874
 20
7.997350393700787
 30
0.0
 10
-6.730755905511811
 20
8.257984251968503
 30
0.0
 10
-6.747846456692914
 20
8.516153543307087
 30
0.0
 10
-6.736173228346456
 20
8.773791338582678
 30
0.0
 10
-6.736173228346456
 20
8.773791338582678
 30
0.0
 10
-6.619244094488189
 20
8.773791338582678
 30
0.0
 10
-6.619244094488189
 20
8.773791338582678
 30
0.0
 10
-6.627437007874016
 20
8.515279527559056
 30
0.0
 10
-6.631051181102362
 20
8.255799212598426
 30
0.0
 10
-6.619244094488189
 20
7.997350393700787
 30
0.0
  0
SPLINE
  5
77
330
1F
100
AcDbEntity
  8
Layer 1
 62
   250
370
     9
100
AcDbSpline
210
0.0
220
0.0
230
1.0
 70
    11
 71
     3
 72
    29
 73
    25
 74
     0
 42
0.0000000001
 43
0.0000000001
 40
0.0
 40
0.0
 40
0.0
 40
0.0
 40
0.125
 40
0.125
 40
0.125
 40
0.25
 40
0.25
 40
0.25
 40
0.375
 40
0.375
 40
0.375
 40
0.5
 40
0.5
 40
0.5
 40
0.625
 40
0.625
 40
0.625
 40
0.75
 40
0.75
 40
0.75
 40
0.875
 40
0.875
 40
0.875
 40
1.0
 40
1.0
 40
1.0
 40
1.0
 10
-7.527047244094488
 20
6.685216535433071
 30
0.0
 10
-7.527047244094488
 20
6.568389763779527
 30
0.0
 10
-7.555944881889764
 20
6.470740157480315
 30
0.0
 10
-7.613732283464567
 20
6.391783464566929
 30
0.0
 10
-7.671771653543307
 20
6.313066929133858
 30
0.0
 10
-7.753476377952756
 20
6.273712598425197
 30
0.0
 10
-7.859094488188976
 20
6.273712598425197
 30
0.0
 10
-7.960232283464567
 20
6.273712598425197
 30
0.0
 10
-8.03770472440945
 20
6.30957874015748
 30
0.0
 10
-8.091759842519686
 20
6.381562992125985
 30
0.0
 10
-8.145811023622047
 20
6.45355905511811
 30
0.0
 10
-8.172712598425196
 20
6.545476377952756
 30
0.0
 10
-8.172712598425196
 20
6.656826771653543
 30
0.0
 10
-8.172712598425196
 20
6.773653543307087
 30
0.0
 10
-8.143814960629921
 20
6.871295275590551
 30
0.0
 10
-8.086023622047245
 20
6.950259842519685
 30
0.0
 10
-8.027988188976378
 20
7.028976377952756
 30
0.0
 10
-7.946283464566929
 20
7.068330708661417
 30
0.0
 10
-7.840665354330708
 20
7.068330708661417
 30
0.0
 10
-7.739527559055118
 20
7.068330708661417
 30
0.0
 10
-7.662062992125985
 20
7.032464566929134
 30
0.0
 10
-7.608007874015748
 20
6.960472440944882
 30
0.0
 10
-7.553952755905512
 20
6.888484251968504
 30
0.0
 10
-7.527047244094488
 20
6.796566929133858
 30
0.0
 10
-7.527047244094488
 20
6.685216535433071
 30
0.0
  0
SPLINE
  5
78
330
1F
100
AcDbEntity
  8
Layer 1
 62
   250
370
     9
100
AcDbSpline
210
0.0
220
0.0
230
1.0
 70
    11
 71
     3
 72
    29
 73
    25
 74
     0
 42
0.0000000001
 43
0.0000000001
 40
0.0
 40
0.0
 40
0.0
 40
0.0
 40
0.125
 40
0.125
 40
0.125
 40
0.25
 40
0.25
 40
0.25
 40
0.375
 40
0.375
 40
0.375
 40
0.5
 40
0.5
 40
0.5
 40
0.625
 40
0.625
 40
0.625
 40
0.75
 40
0.75
 40
0.75
 40
0.875
 40
0.875
 40
0.875
 40
1.0
 40
1.0
 40
1.0
 40
1.0
 10
-7.650350393700787
 20
6.656074803149607
 30
0.0
 10
-7.650350393700787
 20
6.751976377952756
 30
0.0
 10
-7.66853937007874
 20
6.828696850393701
 30
0.0
 10
-7.704905511811024
 20
6.886744094488189
 30
0.0
 10
-7.741523622047244
 20
6.944535433070866
 30
0.0
 10
-7.791842519685039
 20
6.972925196850394
 30
0.0
 10
-7.856106299212598
 20
6.971929133858268
 30
0.0
 10
-7.917881889763779
 20
6.971929133858268
 30
0.0
 10
-7.96546062992126
 20
6.944535433070866
 30
0.0
 10
-7.999090551181102
 20
6.88948031496063
 30
0.0
 10
-8.032720472440944
 20
6.83467716535433
 30
0.0
 10
-8.049409448818897
 20
6.766673228346456
 30
0.0
 10
-8.049409448818897
 20
6.685968503937008
 30
0.0
 10
-8.049409448818897
 20
6.59005905511811
 30
0.0
 10
-8.031228346456693
 20
6.513338582677165
 30
0.0
 10
-7.994858267716536
 20
6.455299212598425
 30
0.0
 10
-7.958236220472441
 20
6.397507874015748
 30
0.0
 10
-7.907917322834646
 20
6.369110236220473
 30
0.0
 10
-7.843653543307086
 20
6.370106299212599
 30
0.0
 10
-7.787354330708661
 20
6.370106299212599
 30
0.0
 10
-7.74101968503937
 20
6.395267716535433
 30
0.0
 10
-7.704661417322835
 20
6.445838582677165
 30
0.0
 10
-7.66853937007874
 20
6.496405511811024
 30
0.0
 10
-7.650350393700787
 20
6.566649606299213
 30
0.0
 10
-7.650350393700787
 20
6.656074803149607
 30
0.0
  0
SPLINE
  5
79
330
1F
100
AcDbEntity
  8
Layer 1
 62
   250
370
     9
100
AcDbSpline
210
0.0
220
0.0
230
1.0
 70
    11
 71
     3
 72
    17
 73
    13
 74
     0
 42
0.0000000001
 43
0.0000000001
 40
0.0
 40
0.0
 40
0.0
 40
0.0
 40
0.25
 40
0.25
 40
0.25
 40
0.5
 40
0.5
 40
0.5
 40
0.75
 40
0.75
 40
0.75
 40
1.0
 40
1.0
 40
1.0
 40
1.0
 10
-8.28234251968504
 20
6.292968503937008
 30
0.0
 10
-8.28234251968504
 20
6.292968503937008
 30
0.0
 10
-8.407141732283465
 20
6.292968503937008
 30
0.0
 10
-8.407141732283465
 20
6.292968503937008
 30
0.0
 10
-8.393858267716535
 20
6.55359842519685
 30
0.0
 10
-8.410944881889764
 20
6.811771653543307
 30
0.0
 10
-8.399271653543307
 20
7.069409448818898
 30
0.0
 10
-8.399271653543307
 20
7.069409448818898
 30
0.0
 10
-8.28234251968504
 20
7.069409448818898
 30
0.0
 10
-8.28234251968504
 20
7.069409448818898
 30
0.0
 10
-8.290535433070866
 20
6.810897637795276
 30
0.0
 10
-8.294149606299213
 20
6.551417322834646
 30
0.0
 10
-8.28234251968504
 20
6.292968503937008
 30
0.0
  0
SPLINE
  5
7A
330
1F
100
AcDbEntity
  8
Layer 1
 62
   250
370
    20
100
AcDbSpline
210
0.0
220
0.0
230
1.0
 70
    11
 71
     3
 72
    17
 73
    13
 74
     0
 42
0.0000000001
 43
0.0000000001
 40
0.0
 40
0.0
 40
0.0
 40
0.0
 40
0.25
 40
0.25
 40
0.25
 40
0.5
 40
0.5
 40
0.5
 40
0.75
 40
0.75
 40
0.75
 40
1.0
 40
1.0
 40
1.0
 40
1.0
 10
-4.130496062992126
 20
7.548007874015748
 30
0.0
 10
-2.336011811023622
 20
7.548007874015748
 30
0.0
 10
-0.8812913385826772
 20
6.093287401574803
 30
0.0
 10
-0.8812913385826772
 20
4.298803149606299
 30
0.0
 10
-0.8812913385826772
 20
2.504318897637795
 30
0.0
 10
-2.336011811023622
 20
1.04959842519685
 30
0.0
 10
-4.130496062992126
 20
1.04959842519685
 30
0.0
 10
-5.92498031496063
 20
1.04959842519685
 30
0.0
 10
-7.379700787401575
 20
2.504318897637795
 30
0.0
 10
-7.379700787401575
 20
4.298803149606299
 30
0.0
 10
-7.379700787401575
 20
6.093287401574803
 30
0.0
 10
-5.92498031496063
 20
7.548007874015748
 30
0.0
 10
-4.130496062992126
 20
7.548007874015748
 30
0.0
  0
SPLINE
  5
7B
330
1F
100
AcDbEntity
  8
Layer 1
 62
   250
370
    20
100
AcDbSpline
210
0.0
220
0.0
230
1.0
 70
    11
 71
     3
 72
    29
 73
    25
 74
     0
 42
0.0000000001
 43
0.0000000001
 40
0.0
 40
0.0
 40
0.0
 40
0.0
 40
0.125
 40
0.125
 40
0.125
 40
0.25
 40
0.25
 40
0.25
 40
0.375
 40
0.375
 40
0.375
 40
0.5
 40
0.5
 40
0.5
 40
0.625
 40
0.625
 40
0.625
 40
0.75
 40
0.75
 40
0.75
 40
0.875
 40
0.875
 40
0.875
 40
1.0
 40
1.0
 40
1.0
 40
1.0
 10
-5.511464566929134
 20
6.690704724409449
 30
0.0
 10
-5.511464566929134
 20
6.690704724409449
 30
0.0
 10
-5.51146062992126
 20
6.690708661417323
 30
0.0
 10
-5.51146062992126
 20
6.690708661417323
 30
0.0
 10
-5.490716535433071
 20
6.702685039370079
 30
0.0
 10
-5.463956692913386
 20
6.695511811023622
 30
0.0
 10
-5.451984251968504
 20
6.674771653543307
 30
0.0
 10
-5.451984251968504
 20
6.674771653543307
 30
0.0
 10
-5.234248031496063
 20
6.297649606299212
 30
0.0
 10
-5.234248031496063
 20
6.297649606299212
 30
0.0
 10
-5.222275590551181
 20
6.276905511811024
 30
0.0
 10
-5.229440944881889
 20
6.250145669291339
 30
0.0
 10
-5.250188976377952
 20
6.238169291338583
 30
0.0
 10
-5.250188976377952
 20
6.238169291338583
 30
0.0
 10
-5.250192913385827
 20
6.238165354330708
 30
0.0
 10
-5.250192913385827
 20
6.238165354330708
 30
0.0
 10
-5.270937007874016
 20
6.226188976377952
 30
0.0
 10
-5.297696850393701
 20
6.233362204724409
 30
0.0
 10
-5.309669291338583
 20
6.254102362204724
 30
0.0
 10
-5.309669291338583
 20
6.254102362204724
 30
0.0
 10
-5.527409448818898
 20
6.631224409448819
 30
0.0
 10
-5.527409448818898
 20
6.631224409448819
 30
0.0
 10
-5.539377952755905
 20
6.651968503937008
 30
0.0
 10
-5.532212598425197
 20
6.678728346456693
 30
0.0
 10
-5.511464566929134
 20
6.690704724409449
 30
0.0
  0
SPLINE
  5
7C
330
1F
100
AcDbEntity
  8
Layer 1
 62
   250
370
    20
100
AcDbSpline
210
0.0
220
0.0
230
1.0
 70
    11
 71
     3
 72
    29
 73
    25
 74
     0
 42
0.0000000001
 43
0.0000000001
 40
0.0
 40
0.0
 40
0.0
 40
0.0
 40
0.125
 40
0.125
 40
0.125
 40
0.25
 40
0.25
 40
0.25
 40
0.375
 40
0.375
 40
0.375
 40
0.5
 40
0.5
 40
0.5
 40
0.625
 40
0.625
 40
0.625
 40
0.75
 40
0.75
 40
0.75
 40
0.875
 40
0.875
 40
0.875
 40
1.0
 40
1.0
 40
1.0
 40
1.0
 10
-6.522401574803149
 20
5.679763779527559
 30
0.0
 10
-6.522401574803149
 20
5.679763779527559
 30
0.0
 10
-6.522401574803149
 20
5.679767716535433
 30
0.0
 10
-6.522401574803149
 20
5.679767716535433
 30
0.0
 10
-6.51042125984252
 20
5.700515748031496
 30
0.0
 10
-6.483665354330709
 20
5.707685039370078
 30
0.0
 10
-6.462925196850394
 20
5.695712598425197
 30
0.0
 10
-6.462925196850394
 20
5.695712598425197
 30
0.0
 10
-6.085795275590551
 20
5.477972440944882
 30
0.0
 10
-6.085795275590551
 20
5.477972440944882
 30
0.0
 10
-6.065055118110236
 20
5.466003937007874
 30
0.0
 10
-6.057881889763779
 20
5.439240157480315
 30
0.0
 10
-6.06986220472441
 20
5.418496062992126
 30
0.0
 10
-6.06986220472441
 20
5.418496062992126
 30
0.0
 10
-6.06986220472441
 20
5.418492125984252
 30
0.0
 10
-6.06986220472441
 20
5.418492125984252
 30
0.0
 10
-6.081838582677165
 20
5.397748031496063
 30
0.0
 10
-6.108598425196851
 20
5.390578740157481
 30
0.0
 10
-6.129342519685039
 20
5.402551181102362
 30
0.0
 10
-6.129342519685039
 20
5.402551181102362
 30
0.0
 10
-6.506468503937008
 20
5.620287401574803
 30
0.0
 10
-6.506468503937008
 20
5.620287401574803
 30
0.0
 10
-6.527208661417323
 20
5.632259842519685
 30
0.0
 10
-6.534377952755905
 20
5.659023622047244
 30
0.0
 10
-6.522401574803149
 20
5.679763779527559
 30
0.0
  0
SPLINE
  5
7D
330
1F
100
AcDbEntity
  8
Layer 1
 62
   250
370
    20
100
AcDbSpline
210
0.0
220
0.0
230
1.0
 70
    11
 71
     3
 72
    29
 73
    25
 74
     0
 42
0.0000000001
 43
0.0000000001
 40
0.0
 40
0.0
 40
0.0
 40
0.0
 40
0.125
 40
0.125
 40
0.125
 40
0.25
 40
0.25
 40
0.25
 40
0.375
 40
0.375
 40
0.375
 40
0.5
 40
0.5
 40
0.5
 40
0.625
 40
0.625
 40
0.625
 40
0.75
 40
0.75
 40
0.75
 40
0.875
 40
0.875
 40
0.875
 40
1.0
 40
1.0
 40
1.0
 40
1.0
 10
-6.892433070866142
 20
4.298799212598425
 30
0.0
 10
-6.892433070866142
 20
4.298799212598425
 30
0.0
 10
-6.892433070866142
 20
4.298803149606299
 30
0.0
 10
-6.892433070866142
 20
4.298803149606299
 30
0.0
 10
-6.892433070866142
 20
4.322755905511811
 30
0.0
 10
-6.872842519685039
 20
4.342350393700787
 30
0.0
 10
-6.848889763779527
 20
4.342350393700787
 30
0.0
 10
-6.848889763779527
 20
4.342350393700787
 30
0.0
 10
-6.41342125984252
 20
4.342350393700787
 30
0.0
 10
-6.41342125984252
 20
4.342350393700787
 30
0.0
 10
-6.389468503937008
 20
4.342350393700787
 30
0.0
 10
-6.369881889763779
 20
4.322755905511811
 30
0.0
 10
-6.369881889763779
 20
4.298803149606299
 30
0.0
 10
-6.369881889763779
 20
4.298803149606299
 30
0.0
 10
-6.369881889763779
 20
4.298799212598425
 30
0.0
 10
-6.369881889763779
 20
4.298799212598425
 30
0.0
 10
-6.369881889763779
 20
4.274850393700787
 30
0.0
 10
-6.389468503937008
 20
4.255255905511811
 30
0.0
 10
-6.41342125984252
 20
4.255255905511811
 30
0.0
 10
-6.41342125984252
 20
4.255255905511811
 30
0.0
 10
-6.848889763779527
 20
4.255255905511811
 30
0.0
 10
-6.848889763779527
 20
4.255255905511811
 30
0.0
 10
-6.872842519685039
 20
4.255255905511811
 30
0.0
 10
-6.892433070866142
 20
4.274850393700787
 30
0.0
 10
-6.892433070866142
 20
4.298799212598425
 30
0.0
  0
SPLINE
  5
7E
330
1F
100
AcDbEntity
  8
Layer 1
 62
   250
370
    20
100
AcDbSpline
210
0.0
220
0.0
230
1.0
 70
    11
 71
     3
 72
    29
 73
    25
 74
     0
 42
0.0000000001
 43
0.0000000001
 40
0.0
 40
0.0
 40
0.0
 40
0.0
 40
0.125
 40
0.125
 40
0.125
 40
0.25
 40
0.25
 40
0.25
 40
0.375
 40
0.375
 40
0.375
 40
0.5
 40
0.5
 40
0.5
 40
0.625
 40
0.625
 40
0.625
 40
0.75
 40
0.75
 40
0.75
 40
0.875
 40
0.875
 40
0.875
 40
1.0
 40
1.0
 40
1.0
 40
1.0
 10
-6.522397637795276
 20
2.917834645669291
 30
0.0
 10
-6.522397637795276
 20
2.917834645669291
 30
0.0
 10
-6.522401574803149
 20
2.917838582677165
 30
0.0
 10
-6.522401574803149
 20
2.917838582677165
 30
0.0
 10
-6.534377952755905
 20
2.938582677165354
 30
0.0
 10
-6.527204724409449
 20
2.96534251968504
 30
0.0
 10
-6.506464566929134
 20
2.977314960629921
 30
0.0
 10
-6.506464566929134
 20
2.977314960629921
 30
0.0
 10
-6.129342519685039
 20
3.195051181102362
 30
0.0
 10
-6.129342519685039
 20
3.195051181102362
 30
0.0
 10
-6.108598425196851
 20
3.207023622047244
 30
0.0
 10
-6.081838582677165
 20
3.199858267716535
 30
0.0
 10
-6.06986220472441
 20
3.179110236220473
 30
0.0
 10
-6.06986220472441
 20
3.179110236220473
 30
0.0
 10
-6.069858267716535
 20
3.179106299212598
 30
0.0
 10
-6.069858267716535
 20
3.179106299212598
 30
0.0
 10
-6.057881889763779
 20
3.158362204724409
 30
0.0
 10
-6.065055118110236
 20
3.131602362204724
 30
0.0
 10
-6.085795275590551
 20
3.119629921259842
 30
0.0
 10
-6.085795275590551
 20
3.119629921259842
 30
0.0
 10
-6.462917322834645
 20
2.901889763779527
 30
0.0
 10
-6.462917322834645
 20
2.901889763779527
 30
0.0
 10
-6.483661417322835
 20
2.88992125984252
 30
0.0
 10
-6.51042125984252
 20
2.897086614173229
 30
0.0
 10
-6.522397637795276
 20
2.917834645669291
 30
0.0
  0
SPLINE
  5
7F
330
1F
100
AcDbEntity
  8
Layer 1
 62
   250
370
    20
100
AcDbSpline
210
0.0
220
0.0
230
1.0
 70
    11
 71
     3
 72
    29
 73
    25
 74
     0
 42
0.0000000001
 43
0.0000000001
 40
0.0
 40
0.0
 40
0.0
 40
0.0
 40
0.125
 40
0.125
 40
0.125
 40
0.25
 40
0.25
 40
0.25
 40
0.375
 40
0.375
 40
0.375
 40
0.5
 40
0.5
 40
0.5
 40
0.625
 40
0.625
 40
0.625
 40
0.75
 40
0.75
 40
0.75
 40
0.875
 40
0.875
 40
0.875
 40
1.0
 40
1.0
 40
1.0
 40
1.0
 10
-5.511456692913386
 20
1.906897637795276
 30
0.0
 10
-5.511456692913386
 20
1.906897637795276
 30
0.0
 10
-5.51146062992126
 20
1.906897637795276
 30
0.0
 10
-5.51146062992126
 20
1.906897637795276
 30
0.0
 10
-5.532208661417322
 20
1.918877952755905
 30
0.0
 10
-5.539377952755905
 20
1.945633858267717
 30
0.0
 10
-5.527405511811024
 20
1.966374015748031
 30
0.0
 10
-5.527405511811024
 20
1.966374015748031
 30
0.0
 10
-5.309665354330709
 20
2.343503937007874
 30
0.0
 10
-5.309665354330709
 20
2.343503937007874
 30
0.0
 10
-5.297696850393701
 20
2.364244094488189
 30
0.0
 10
-5.270933070866142
 20
2.371417322834646
 30
0.0
 10
-5.250188976377952
 20
2.359437007874016
 30
0.0
 10
-5.250188976377952
 20
2.359437007874016
 30
0.0
 10
-5.250185039370079
 20
2.359437007874016
 30
0.0
 10
-5.250185039370079
 20
2.359437007874016
 30
0.0
 10
-5.229440944881889
 20
2.34746062992126
 30
0.0
 10
-5.222271653543307
 20
2.320700787401575
 30
0.0
 10
-5.234244094488189
 20
2.299956692913386
 30
0.0
 10
-5.234244094488189
 20
2.299956692913386
 30
0.0
 10
-5.45198031496063
 20
1.922830708661417
 30
0.0
 10
-5.45198031496063
 20
1.922830708661417
 30
0.0
 10
-5.463952755905511
 20
1.902090551181102
 30
0.0
 10
-5.490716535433071
 20
1.89492125984252
 30
0.0
 10
-5.511456692913386
 20
1.906897637795276
 30
0.0
  0
SPLINE
  5
80
330
1F
100
AcDbEntity
  8
Layer 1
 62
   250
370
    20
100
AcDbSpline
210
0.0
220
0.0
230
1.0
 70
    11
 71
     3
 72
    29
 73
    25
 74
     0
 42
0.0000000001
 43
0.0000000001
 40
0.0
 40
0.0
 40
0.0
 40
0.0
 40
0.125
 40
0.125
 40
0.125
 40
0.25
 40
0.25
 40
0.25
 40
0.375
 40
0.375
 40
0.375
 40
0.5
 40
0.5
 40
0.5
 40
0.625
 40
0.625
 40
0.625
 40
0.75
 40
0.75
 40
0.75
 40
0.875
 40
0.875
 40
0.875
 40
1.0
 40
1.0
 40
1.0
 40
1.0
 10
-4.130492125984252
 20
1.536866141732284
 30
0.0
 10
-4.130492125984252
 20
1.536866141732284
 30
0.0
 10
-4.130496062992126
 20
1.536866141732284
 30
0.0
 10
-4.130496062992126
 20
1.536866141732284
 30
0.0
 10
-4.154448818897638
 20
1.536866141732284
 30
0.0
 10
-4.174043307086614
 20
1.556456692913386
 30
0.0
 10
-4.174043307086614
 20
1.580409448818898
 30
0.0
 10
-4.174043307086614
 20
1.580409448818898
 30
0.0
 10
-4.174043307086614
 20
2.015877952755905
 30
0.0
 10
-4.174043307086614
 20
2.015877952755905
 30
0.0
 10
-4.174043307086614
 20
2.039830708661417
 30
0.0
 10
-4.154448818897638
 20
2.059417322834646
 30
0.0
 10
-4.130496062992126
 20
2.059417322834646
 30
0.0
 10
-4.130496062992126
 20
2.059417322834646
 30
0.0
 10
-4.130492125984252
 20
2.059417322834646
 30
0.0
 10
-4.130492125984252
 20
2.059417322834646
 30
0.0
 10
-4.106543307086614
 20
2.059417322834646
 30
0.0
 10
-4.086948818897638
 20
2.039830708661417
 30
0.0
 10
-4.086948818897638
 20
2.015877952755905
 30
0.0
 10
-4.086948818897638
 20
2.015877952755905
 30
0.0
 10
-4.086948818897638
 20
1.580409448818898
 30
0.0
 10
-4.086948818897638
 20
1.580409448818898
 30
0.0
 10
-4.086948818897638
 20
1.556456692913386
 30
0.0
 10
-4.106543307086614
 20
1.536866141732284
 30
0.0
 10
-4.130492125984252
 20
1.536866141732284
 30
0.0
  0
SPLINE
  5
81
330
1F
100
AcDbEntity
  8
Layer 1
 62
   250
370
    20
100
AcDbSpline
210
0.0
220
0.0
230
1.0
 70
    11
 71
     3
 72
    29
 73
    25
 74
     0
 42
0.0000000001
 43
0.0000000001
 40
0.0
 40
0.0
 40
0.0
 40
0.0
 40
0.125
 40
0.125
 40
0.125
 40
0.25
 40
0.25
 40
0.25
 40
0.375
 40
0.375
 40
0.375
 40
0.5
 40
0.5
 40
0.5
 40
0.625
 40
0.625
 40
0.625
 40
0.75
 40
0.75
 40
0.75
 40
0.875
 40
0.875
 40
0.875
 40
1.0
 40
1.0
 40
1.0
 40
1.0
 10
-2.749527559055118
 20
1.90690157480315
 30
0.0
 10
-2.749527559055118
 20
1.90690157480315
 30
0.0
 10
-2.749531496062992
 20
1.906897637795276
 30
0.0
 10
-2.749531496062992
 20
1.906897637795276
 30
0.0
 10
-2.770275590551181
 20
1.89492125984252
 30
0.0
 10
-2.797035433070866
 20
1.902094488188976
 30
0.0
 10
-2.809007874015748
 20
1.922834645669291
 30
0.0
 10
-2.809007874015748
 20
1.922834645669291
 30
0.0
 10
-3.026744094488189
 20
2.299956692913386
 30
0.0
 10
-3.026744094488189
 20
2.299956692913386
 30
0.0
 10
-3.038716535433071
 20
2.320700787401575
 30
0.0
 10
-3.031551181102362
 20
2.34746062992126
 30
0.0
 10
-3.010803149606299
 20
2.359437007874016
 30
0.0
 10
-3.010803149606299
 20
2.359437007874016
 30
0.0
 10
-3.010799212598425
 20
2.35944094488189
 30
0.0
 10
-3.010799212598425
 20
2.35944094488189
 30
0.0
 10
-2.990055118110236
 20
2.371417322834646
 30
0.0
 10
-2.963295275590551
 20
2.364244094488189
 30
0.0
 10
-2.951322834645669
 20
2.343503937007874
 30
0.0
 10
-2.951322834645669
 20
2.343503937007874
 30
0.0
 10
-2.733582677165354
 20
1.966381889763779
 30
0.0
 10
-2.733582677165354
 20
1.966381889763779
 30
0.0
 10
-2.721614173228347
 20
1.945637795275591
 30
0.0
 10
-2.728779527559055
 20
1.918877952755905
 30
0.0
 10
-2.749527559055118
 20
1.90690157480315
 30
0.0
  0
SPLINE
  5
82
330
1F
100
AcDbEntity
  8
Layer 1
 62
   250
370
    20
100
AcDbSpline
210
0.0
220
0.0
230
1.0
 70
    11
 71
     3
 72
    29
 73
    25
 74
     0
 42
0.0000000001
 43
0.0000000001
 40
0.0
 40
0.0
 40
0.0
 40
0.0
 40
0.125
 40
0.125
 40
0.125
 40
0.25
 40
0.25
 40
0.25
 40
0.375
 40
0.375
 40
0.375
 40
0.5
 40
0.5
 40
0.5
 40
0.625
 40
0.625
 40
0.625
 40
0.75
 40
0.75
 40
0.75
 40
0.875
 40
0.875
 40
0.875
 40
1.0
 40
1.0
 40
1.0
 40
1.0
 10
-1.738590551181102
 20
2.917842519685039
 30
0.0
 10
-1.738590551181102
 20
2.917842519685039
 30
0.0
 10
-1.738590551181102
 20
2.917838582677165
 30
0.0
 10
-1.738590551181102
 20
2.917838582677165
 30
0.0
 10
-1.750570866141732
 20
2.897090551181102
 30
0.0
 10
-1.777326771653543
 20
2.88992125984252
 30
0.0
 10
-1.798066929133858
 20
2.901893700787402
 30
0.0
 10
-1.798066929133858
 20
2.901893700787402
 30
0.0
 10
-2.175196850393701
 20
3.119633858267716
 30
0.0
 10
-2.175196850393701
 20
3.119633858267716
 30
0.0
 10
-2.195937007874016
 20
3.131602362204724
 30
0.0
 10
-2.203110236220473
 20
3.158366141732283
 30
0.0
 10
-2.191129921259843
 20
3.179110236220473
 30
0.0
 10
-2.191129921259843
 20
3.179110236220473
 30
0.0
 10
-2.191129921259843
 20
3.179114173228347
 30
0.0
 10
-2.191129921259843
 20
3.179114173228347
 30
0.0
 10
-2.179153543307087
 20
3.199858267716535
 30
0.0
 10
-2.152393700787401
 20
3.207027559055118
 30
0.0
 10
-2.131649606299213
 20
3.195055118110236
 30
0.0
 10
-2.131649606299213
 20
3.195055118110236
 30
0.0
 10
-1.754523622047244
 20
2.977318897637795
 30
0.0
 10
-1.754523622047244
 20
2.977318897637795
 30
0.0
 10
-1.733783464566929
 20
2.965346456692914
 30
0.0
 10
-1.726614173228346
 20
2.938582677165354
 30
0.0
 10
-1.738590551181102
 20
2.917842519685039
 30
0.0
  0
SPLINE
  5
83
330
1F
100
AcDbEntity
  8
Layer 1
 62
   250
370
    20
100
AcDbSpline
210
0.0
220
0.0
230
1.0
 70
    11
 71
     3
 72
    29
 73
    25
 74
     0
 42
0.0000000001
 43
0.0000000001
 40
0.0
 40
0.0
 40
0.0
 40
0.0
 40
0.125
 40
0.125
 40
0.125
 40
0.25
 40
0.25
 40
0.25
 40
0.375
 40
0.375
 40
0.375
 40
0.5
 40
0.5
 40
0.5
 40
0.625
 40
0.625
 40
0.625
 40
0.75
 40
0.75
 40
0.75
 40
0.875
 40
0.875
 40
0.875
 40
1.0
 40
1.0
 40
1.0
 40
1.0
 10
-1.36855905511811
 20
4.298807086614174
 30
0.0
 10
-1.36855905511811
 20
4.298807086614174
 30
0.0
 10
-1.36855905511811
 20
4.298803149606299
 30
0.0
 10
-1.36855905511811
 20
4.298803149606299
 30
0.0
 10
-1.36855905511811
 20
4.274850393700787
 30
0.0
 10
-1.388149606299213
 20
4.255255905511811
 30
0.0
 10
-1.412102362204724
 20
4.255255905511811
 30
0.0
 10
-1.412102362204724
 20
4.255255905511811
 30
0.0
 10
-1.847570866141732
 20
4.255255905511811
 30
0.0
 10
-1.847570866141732
 20
4.255255905511811
 30
0.0
 10
-1.871523622047244
 20
4.255255905511811
 30
0.0
 10
-1.891110236220472
 20
4.274850393700787
 30
0.0
 10
-1.891110236220472
 20
4.298803149606299
 30
0.0
 10
-1.891110236220472
 20
4.298803149606299
 30
0.0
 10
-1.891110236220472
 20
4.298807086614174
 30
0.0
 10
-1.891110236220472
 20
4.298807086614174
 30
0.0
 10
-1.891110236220472
 20
4.322755905511811
 30
0.0
 10
-1.871523622047244
 20
4.342350393700787
 30
0.0
 10
-1.847570866141732
 20
4.342350393700787
 30
0.0
 10
-1.847570866141732
 20
4.342350393700787
 30
0.0
 10
-1.412102362204724
 20
4.342350393700787
 30
0.0
 10
-1.412102362204724
 20
4.342350393700787
 30
0.0
 10
-1.388149606299213
 20
4.342350393700787
 30
0.0
 10
-1.36855905511811
 20
4.322755905511811
 30
0.0
 10
-1.36855905511811
 20
4.298807086614174
 30
0.0
  0
SPLINE
  5
84
330
1F
100
AcDbEntity
  8
Layer 1
 62
   250
370
    20
100
AcDbSpline
210
0.0
220
0.0
230
1.0
 70
    11
 71
     3
 72
    29
 73
    25
 74
     0
 42
0.0000000001
 43
0.0000000001
 40
0.0
 40
0.0
 40
0.0
 40
0.0
 40
0.125
 40
0.125
 40
0.125
 40
0.25
 40
0.25
 40
0.25
 40
0.375
 40
0.375
 40
0.375
 40
0.5
 40
0.5
 40
0.5
 40
0.625
 40
0.625
 40
0.625
 40
0.75
 40
0.75
 40
0.75
 40
0.875
 40
0.875
 40
0.875
 40
1.0
 40
1.0
 40
1.0
 40
1.0
 10
-1.738594488188976
 20
5.679771653543307
 30
0.0
 10
-1.738594488188976
 20
5.679771653543307
 30
0.0
 10
-1.738590551181102
 20
5.679767716535433
 30
0.0
 10
-1.738590551181102
 20
5.679767716535433
 30
0.0
 10
-1.726614173228346
 20
5.659023622047244
 30
0.0
 10
-1.733787401574803
 20
5.632263779527559
 30
0.0
 10
-1.754527559055118
 20
5.620291338582677
 30
0.0
 10
-1.754527559055118
 20
5.620291338582677
 30
0.0
 10
-2.131649606299213
 20
5.402555118110236
 30
0.0
 10
-2.131649606299213
 20
5.402555118110236
 30
0.0
 10
-2.152393700787401
 20
5.390582677165354
 30
0.0
 10
-2.179153543307087
 20
5.397748031496063
 30
0.0
 10
-2.191129921259843
 20
5.418496062992126
 30
0.0
 10
-2.191129921259843
 20
5.418496062992126
 30
0.0
 10
-2.191133858267717
 20
5.4185
 30
0.0
 10
-2.191133858267717
 20
5.4185
 30
0.0
 10
-2.203110236220473
 20
5.439244094488189
 30
0.0
 10
-2.195937007874016
 20
5.466003937007874
 30
0.0
 10
-2.175196850393701
 20
5.477976377952756
 30
0.0
 10
-2.175196850393701
 20
5.477976377952756
 30
0.0
 10
-1.798074803149606
 20
5.695716535433071
 30
0.0
 10
-1.798074803149606
 20
5.695716535433071
 30
0.0
 10
-1.777330708661417
 20
5.707685039370078
 30
0.0
 10
-1.750570866141732
 20
5.70051968503937
 30
0.0
 10
-1.738594488188976
 20
5.679771653543307
 30
0.0
  0
SPLINE
  5
85
330
1F
100
AcDbEntity
  8
Layer 1
 62
   250
370
    20
100
AcDbSpline
210
0.0
220
0.0
230
1.0
 70
    11
 71
     3
 72
    29
 73
    25
 74
     0
 42
0.0000000001
 43
0.0000000001
 40
0.0
 40
0.0
 40
0.0
 40
0.0
 40
0.125
 40
0.125
 40
0.125
 40
0.25
 40
0.25
 40
0.25
 40
0.375
 40
0.375
 40
0.375
 40
0.5
 40
0.5
 40
0.5
 40
0.625
 40
0.625
 40
0.625
 40
0.75
 40
0.75
 40
0.75
 40
0.875
 40
0.875
 40
0.875
 40
1.0
 40
1.0
 40
1.0
 40
1.0
 10
-2.749535433070866
 20
6.690708661417323
 30
0.0
 10
-2.749535433070866
 20
6.690708661417323
 30
0.0
 10
-2.749531496062992
 20
6.690708661417323
 30
0.0
 10
-2.749531496062992
 20
6.690708661417323
 30
0.0
 10
-2.728783464566929
 20
6.678728346456693
 30
0.0
 10
-2.721614173228347
 20
6.651972440944882
 30
0.0
 10
-2.733586614173229
 20
6.631232283464567
 30
0.0
 10
-2.733586614173229
 20
6.631232283464567
 30
0.0
 10
-2.951326771653543
 20
6.254102362204724
 30
0.0
 10
-2.951326771653543
 20
6.254102362204724
 30
0.0
 10
-2.963295275590551
 20
6.233362204724409
 30
0.0
 10
-2.99005905511811
 20
6.226188976377952
 30
0.0
 10
-3.010803149606299
 20
6.238169291338583
 30
0.0
 10
-3.010803149606299
 20
6.238169291338583
 30
0.0
 10
-3.010807086614173
 20
6.238169291338583
 30
0.0
 10
-3.010807086614173
 20
6.238169291338583
 30
0.0
 10
-3.031551181102362
 20
6.250145669291339
 30
0.0
 10
-3.038720472440945
 20
6.276905511811024
 30
0.0
 10
-3.026748031496063
 20
6.297649606299212
 30
0.0
 10
-3.026748031496063
 20
6.297649606299212
 30
0.0
 10
-2.809011811023622
 20
6.674775590551181
 30
0.0
 10
-2.809011811023622
 20
6.674775590551181
 30
0.0
 10
-2.79703937007874
 20
6.695515748031496
 30
0.0
 10
-2.770275590551181
 20
6.702685039370079
 30
0.0
 10
-2.749535433070866
 20
6.690708661417323
 30
0.0
  0
SPLINE
  5
86
330
1F
100
AcDbEntity
  8
Layer 1
 62
   250
370
    20
100
AcDbSpline
210
0.0
220
0.0
230
1.0
 70
    11
 71
     3
 72
    29
 73
    25
 74
     0
 42
0.0000000001
 43
0.0000000001
 40
0.0
 40
0.0
 40
0.0
 40
0.0
 40
0.125
 40
0.125
 40
0.125
 40
0.25
 40
0.25
 40
0.25
 40
0.375
 40
0.375
 40
0.375
 40
0.5
 40
0.5
 40
0.5
 40
0.625
 40
0.625
 40
0.625
 40
0.75
 40
0.75
 40
0.75
 40
0.875
 40
0.875
 40
0.875
 40
1.0
 40
1.0
 40
1.0
 40
1.0
 10
-4.1305
 20
7.060740157480315
 30
0.0
 10
-4.1305
 20
7.060740157480315
 30
0.0
 10
-4.130496062992126
 20
7.060740157480315
 30
0.0
 10
-4.130496062992126
 20
7.060740157480315
 30
0.0
 10
-4.106543307086614
 20
7.060740157480315
 30
0.0
 10
-4.086948818897638
 20
7.041149606299212
 30
0.0
 10
-4.086948818897638
 20
7.017196850393701
 30
0.0
 10
-4.086948818897638
 20
7.017196850393701
 30
0.0
 10
-4.086948818897638
 20
6.581728346456693
 30
0.0
 10
-4.086948818897638
 20
6.581728346456693
 30
0.0
 10
-4.086948818897638
 20
6.557775590551181
 30
0.0
 10
-4.106543307086614
 20
6.538188976377953
 30
0.0
 10
-4.130496062992126
 20
6.538188976377953
 30
0.0
 10
-4.130496062992126
 20
6.538188976377953
 30
0.0
 10
-4.1305
 20
6.538188976377953
 30
0.0
 10
-4.1305
 20
6.538188976377953
 30
0.0
 10
-4.154448818897638
 20
6.538188976377953
 30
0.0
 10
-4.174043307086614
 20
6.557775590551181
 30
0.0
 10
-4.174043307086614
 20
6.581728346456693
 30
0.0
 10
-4.174043307086614
 20
6.581728346456693
 30
0.0
 10
-4.174043307086614
 20
7.017196850393701
 30
0.0
 10
-4.174043307086614
 20
7.017196850393701
 30
0.0
 10
-4.174043307086614
 20
7.041149606299212
 30
0.0
 10
-4.154448818897638
 20
7.060740157480315
 30
0.0
 10
-4.1305
 20
7.060740157480315
 30
0.0
  0
SPLINE
  5
87
330
1F
100
AcDbEntity
  8
Layer 1
 62
   250
370
    20
100
AcDbSpline
210
0.0
220
0.0
230
1.0
 70
    11
 71
     3
 72
    17
 73
    13
 74
     0
 42
0.0000000001
 43
0.0000000001
 40
0.0
 40
0.0
 40
0.0
 40
0.0
 40
0.25
 40
0.25
 40
0.25
 40
0.5
 40
0.5
 40
0.5
 40
0.75
 40
0.75
 40
0.75
 40
1.0
 40
1.0
 40
1.0
 40
1.0
 10
-4.130496062992126
 20
4.472984251968504
 30
0.0
 10
-4.034299212598425
 20
4.472984251968504
 30
0.0
 10
-3.956314960629921
 20
4.395
 30
0.0
 10
-3.956314960629921
 20
4.298803149606299
 30
0.0
 10
-3.956314960629921
 20
4.202606299212598
 30
0.0
 10
-4.034299212598425
 20
4.124622047244094
 30
0.0
 10
-4.130496062992126
 20
4.124622047244094
 30
0.0
 10
-4.226692913385826
 20
4.124622047244094
 30
0.0
 10
-4.304677165354331
 20
4.202606299212598
 30
0.0
 10
-4.304677165354331
 20
4.298803149606299
 30
0.0
 10
-4.304677165354331
 20
4.395
 30
0.0
 10
-4.226692913385826
 20
4.472984251968504
 30
0.0
 10
-4.130496062992126
 20
4.472984251968504
 30
0.0
  0
SPLINE
  5
88
330
1F
100
AcDbEntity
  8
Layer 1
 62
   250
370
     9
100
AcDbSpline
210
0.0
220
0.0
230
1.0
 70
    11
 71
     3
 72
   149
 73
   145
 74
     0
 42
0.0000000001
 43
0.0000000001
 40
0.0
 40
0.0
 40
0.0
 40
0.0
 40
0.0208333333333333
 40
0.0208333333333333
 40
0.0208333333333333
 40
0.0416666666666667
 40
0.0416666666666667
 40
0.0416666666666667
 40
0.0625
 40
0.0625
 40
0.0625
 40
0.0833333333333333
 40
0.0833333333333333
 40
0.0833333333333333
 40
0.1041666666666667
 40
0.1041666666666667
 40
0.1041666666666667
 40
0.125
 40
0.125
 40
0.125
 40
0.1458333333333333
 40
0.1458333333333333
 40
0.1458333333333333
 40
0.1666666666666667
 40
0.1666666666666667
 40
0.1666666666666667
 40
0.1875
 40
0.1875
 40
0.1875
 40
0.2083333333333333
 40
0.2083333333333333
 40
0.2083333333333333
 40
0.2291666666666667
 40
0.2291666666666667
 40
0.2291666666666667
 40
0.25
 40
0.25
 40
0.25
 40
0.2708333333333333
 40
0.2708333333333333
 40
0.2708333333333333
 40
0.2916666666666666
 40
0.2916666666666666
 40
0.2916666666666666
 40
0.3125
 40
0.3125
 40
0.3125
 40
0.3333333333333333
 40
0.3333333333333333
 40
0.3333333333333333
 40
0.3541666666666666
 40
0.3541666666666666
 40
0.3541666666666666
 40
0.375
 40
0.375
 40
0.375
 40
0.3958333333333333
 40
0.3958333333333333
 40
0.3958333333333333
 40
0.4166666666666666
 40
0.4166666666666666
 40
0.4166666666666666
 40
0.4375
 40
0.4375
 40
0.4375
 40
0.4583333333333333
 40
0.4583333333333333
 40
0.4583333333333333
 40
0.4791666666666666
 40
0.4791666666666666
 40
0.4791666666666666
 40
0.5
 40
0.5
 40
0.5
 40
0.5208333333333333
 40
0.5208333333333333
 40
0.5208333333333333
 40
0.5416666666666666
 40
0.5416666666666666
 40
0.5416666666666666
 40
0.5625
 40
0.5625
 40
0.5625
 40
0.5833333333333333
 40
0.5833333333333333
 40
0.5833333333333333
 40
0.6041666666666666
 40
0.6041666666666666
 40
0.6041666666666666
 40
0.625
 40
0.625
 40
0.625
 40
0.6458333333333333
 40
0.6458333333333333
 40
0.6458333333333333
 40
0.6666666666666666
 40
0.6666666666666666
 40
0.6666666666666666
 40
0.6875
 40
0.6875
 40
0.6875
 40
0.7083333333333333
 40
0.7083333333333333
 40
0.7083333333333333
 40
0.7291666666666666
 40
0.7291666666666666
 40
0.7291666666666666
 40
0.75
 40
0.75
 40
0.75
 40
0.7708333333333333
 40
0.7708333333333333
 40
0.7708333333333333
 40
0.7916666666666666
 40
0.7916666666666666
 40
0.7916666666666666
 40
0.8125
 40
0.8125
 40
0.8125
 40
0.8333333333333333
 40
0.8333333333333333
 40
0.8333333333333333
 40
0.8541666666666666
 40
0.8541666666666666
 40
0.8541666666666666
 40
0.875
 40
0.875
 40
0.875
 40
0.8958333333333333
 40
0.8958333333333333
 40
0.8958333333333333
 40
0.9166666666666666
 40
0.9166666666666666
 40
0.9166666666666666
 40
0.9375
 40
0.9375
 40
0.9375
 40
0.9583333333333333
 40
0.9583333333333333
 40
0.9583333333333333
 40
0.9791666666666666
 40
0.9791666666666666
 40
0.9791666666666666
 40
1.0
 40
1.0
 40
1.0
 40
1.0
 10
-12.84103937007874
 20
-10.01073622047244
 30
0.0
 10
-12.79279921259842
 20
-10.02215748031496
 30
0.0
 10
-12.74495275590551
 20
-10.03459448818898
 30
0.0
 10
-12.69753149606299
 20
-10.04804330708661
 30
0.0
 10
-12.59390551181102
 20
-9.59716535433071
 30
0.0
 10
-12.42074409448819
 20
-9.12426377952756
 30
0.0
 10
-12.20542125984252
 20
-8.751228346456694
 30
0.0
 10
-11.38358267716535
 20
-7.327393700787401
 30
0.0
 10
-9.55576377952756
 20
-8.380153543307086
 30
0.0
 10
-10.37870472440945
 20
-9.805885826771654
 30
0.0
 10
-10.58677952755906
 20
-10.16636614173228
 30
0.0
 10
-10.9316062992126
 20
-10.54034251968504
 30
0.0
 10
-11.29040551181102
 20
-10.84876771653543
 30
0.0
 10
-11.25444488188976
 20
-10.88274015748032
 30
0.0
 10
-11.21918503937008
 20
-10.91744094488189
 30
0.0
 10
-11.18473228346457
 20
-10.95293700787402
 30
0.0
 10
-10.86942125984252
 20
-10.61399606299213
 30
0.0
 10
-10.48270472440945
 20
-10.2907125984252
 30
0.0
 10
-10.10943700787402
 20
-10.07515354330709
 30
0.0
 10
-8.68578346456693
 20
-9.252996062992127
 30
0.0
 10
-7.629228346456693
 20
-11.07862204724409
 30
0.0
 10
-9.054779527559056
 20
-11.90187007874016
 30
0.0
 10
-9.414968503937008
 20
-12.10987795275591
 30
0.0
 10
-9.900165354330708
 20
-12.26127559055118
 30
0.0
 10
-10.36481102362205
 20
-12.34900393700787
 30
0.0
 10
-10.35070866141732
 20
-12.39624803149606
 30
0.0
 10
-10.33755511811024
 20
-12.4438937007874
 30
0.0
 10
-10.32547637795276
 20
-12.49197244094488
 30
0.0
 10
-9.88315748031496
 20
-12.35625196850394
 30
0.0
 10
-9.38698031496063
 20
-12.26975196850394
 30
0.0
 10
-8.956216535433072
 20
-12.26970078740158
 30
0.0
 10
-7.312224409448818
 20
-12.26951968503937
 30
0.0
 10
-7.310027559055118
 20
-14.37883464566929
 30
0.0
 10
-8.956216535433072
 20
-14.3790157480315
 30
0.0
 10
-9.372145669291339
 20
-14.37905905511811
 30
0.0
 10
-9.868027559055118
 20
-14.26757874015748
 30
0.0
 10
-10.31427952755906
 20
-14.11123228346457
 30
0.0
 10
-10.3256968503937
 20
-14.15947244094488
 30
0.0
 10
-10.33813779527559
 20
-14.2073188976378
 30
0.0
 10
-10.35158661417323
 20
-14.25474015748031
 30
0.0
 10
-9.900708661417323
 20
-14.35836220472441
 30
0.0
 10
-9.427814960629922
 20
-14.53152362204724
 30
0.0
 10
-9.054779527559056
 20
-14.74684645669291
 30
0.0
 10
-7.630944881889763
 20
-15.56868503937008
 30
0.0
 10
-8.683704724409449
 20
-17.39650393700787
 30
0.0
 10
-10.10943700787402
 20
-16.57356299212599
 30
0.0
 10
-10.46990157480315
 20
-16.36549606299213
 30
0.0
 10
-10.84387007874016
 20
-16.02068897637795
 30
0.0
 10
-11.15228346456693
 20
-15.66190551181102
 30
0.0
 10
-11.18624803149606
 20
-15.69786220472441
 30
0.0
 10
-11.22094881889764
 20
-15.73312598425197
 30
0.0
 10
-11.25644488188976
 20
-15.76757480314961
 30
0.0
 10
-10.91752362204724
 20
-16.08288188976378
 30
0.0
 10
-10.59425590551181
 20
-16.46957874015748
 30
0.0
 10
-10.37870472440945
 20
-16.84283070866142
 30
0.0
 10
-9.556547244094489
 20
-18.2664842519685
 30
0.0
 10
-11.38217322834646
 20
-19.32303937007874
 30
0.0
 10
-12.20542125984252
 20
-17.89748818897638
 30
0.0
 10
-12.41342913385827
 20
-17.53729527559055
 30
0.0
 10
-12.56483070866142
 20
-17.05208661417323
 30
0.0
 10
-12.65255905511811
 20
-16.58744094488189
 30
0.0
 10
-12.69979921259842
 20
-16.60153937007874
 30
0.0
 10
-12.74747244094488
 20
-16.61464173228346
 30
0.0
 10
-12.79554330708661
 20
-16.62673228346457
 30
0.0
 10
-12.65981102362205
 20
-17.06905905511811
 30
0.0
 10
-12.5733031496063
 20
-17.56526771653543
 30
0.0
 10
-12.57325196850394
 20
-17.99605118110236
 30
0.0
 10
-12.57307086614173
 20
-19.64004330708661
 30
0.0
 10
-14.68238582677165
 20
-19.64224015748032
 30
0.0
 10
-14.68256692913386
 20
-17.99605118110236
 30
0.0
 10
-14.68261023622047
 20
-17.58013385826772
 30
0.0
 10
-14.57112992125984
 20
-17.08426771653543
 30
0.0
 10
-14.41479527559055
 20
-16.63802362204724
 30
0.0
 10
-14.46303543307087
 20
-16.6266062992126
 30
0.0
 10
-14.51087007874016
 20
-16.61414173228346
 30
0.0
 10
-14.55829133858268
 20
-16.6006968503937
 30
0.0
 10
-14.66191732283465
 20
-17.05156692913386
 30
0.0
 10
-14.83507874015748
 20
-17.52445669291339
 30
0.0
 10
-15.05039763779528
 20
-17.89748818897638
 30
0.0
 10
-15.87223622047244
 20
-19.32132283464567
 30
0.0
 10
-17.70005511811024
 20
-18.26856299212599
 30
0.0
 10
-16.87711417322835
 20
-16.84283070866142
 30
0.0
 10
-16.66904724409449
 20
-16.48236614173228
 30
0.0
 10
-16.32424015748031
 20
-16.1083937007874
 30
0.0
 10
-15.96545275590551
 20
-15.79998031496063
 30
0.0
 10
-16.0014094488189
 20
-15.7660157480315
 30
0.0
 10
-16.03663385826772
 20
-15.73127559055118
 30
0.0
 10
-16.07108267716535
 20
-15.69577952755906
 30
0.0
 10
-16.38639763779528
 20
-16.03472047244095
 30
0.0
 10
-16.77311417322835
 20
-16.35800393700787
 30
0.0
 10
-17.14638188976378
 20
-16.57356299212599
 30
0.0
 10
-18.57003543307087
 20
-17.39572047244095
 30
0.0
 10
-19.6265905511811
 20
-15.57009448818898
 30
0.0
 10
-18.20103937007874
 20
-14.74684645669291
 30
0.0
 10
-17.84085039370079
 20
-14.53883858267717
 30
0.0
 10
-17.35565354330708
 20
-14.38744094488189
 30
0.0
 10
-16.89100787401575
 20
-14.2997125984252
 30
0.0
 10
-16.90511023622047
 20
-14.25246850393701
 30
0.0
 10
-16.91826377952756
 20
-14.20482283464567
 30
0.0
 10
-16.93034251968504
 20
-14.15674409448819
 30
0.0
 10
-17.37266141732283
 20
-14.29246456692913
 30
0.0
 10
-17.86883858267716
 20
-14.37896456692913
 30
0.0
 10
-18.29960236220472
 20
-14.3790157480315
 30
0.0
 10
-19.94359448818897
 20
-14.3791968503937
 30
0.0
 10
-19.94579133858268
 20
-12.26988188976378
 30
0.0
 10
-18.29960236220472
 20
-12.26970078740158
 30
0.0
 10
-17.8836968503937
 20
-12.26965748031496
 30
0.0
 10
-17.38784251968504
 20
-12.38112598425197
 30
0.0
 10
-16.94161023622047
 20
-12.53746062992126
 30
0.0
 10
-16.9301968503937
 20
-12.48922047244094
 30
0.0
 10
-16.91775984251969
 20
-12.44137795275591
 30
0.0
 10
-16.90431496062992
 20
-12.39396062992126
 30
0.0
 10
-17.35516929133858
 20
-12.29033464566929
 30
0.0
 10
-17.82802755905512
 20
-12.11717716535433
 30
0.0
 10
-18.20103937007874
 20
-11.90187007874016
 30
0.0
 10
-19.62487401574803
 20
-11.08003149606299
 30
0.0
 10
-18.57211417322835
 20
-9.252212598425197
 30
0.0
 10
-17.14638188976378
 20
-10.07515354330709
 30
0.0
 10
-16.78594488188977
 20
-10.28320078740157
 30
0.0
 10
-16.41201181102362
 20
-10.62797244094488
 30
0.0
 10
-16.10361417322835
 20
-10.98672047244095
 30
0.0
 10
-16.06965354330709
 20
-10.95076377952756
 30
0.0
 10
-16.0349094488189
 20
-10.91555118110236
 30
0.0
 10
-15.99942519685039
 20
-10.88109842519685
 30
0.0
 10
-16.33832677165354
 20
-10.56580708661417
 30
0.0
 10
-16.66157086614173
 20
-10.17911811023622
 30
0.0
 10
-16.87711417322835
 20
-9.805885826771654
 30
0.0
 10
-17.69927165354331
 20
-8.382232283464568
 30
0.0
 10
-15.87364566929134
 20
-7.325677165354331
 30
0.0
 10
-15.05039763779528
 20
-8.751228346456694
 30
0.0
 10
-14.84241338582677
 20
-9.111377952755905
 30
0.0
 10
-14.69102362204724
 20
-9.596511811023621
 30
0.0
 10
-14.60329133858268
 20
-10.06111417322835
 30
0.0
 10
-14.55605511811024
 20
-10.04701181102362
 30
0.0
 10
-14.50840157480315
 20
-10.03388976377953
 30
0.0
 10
-14.46033070866142
 20
-10.02181102362205
 30
0.0
 10
-14.59603149606299
 20
-9.57951968503937
 30
0.0
 10
-14.6825157480315
 20
-9.083389763779527
 30
0.0
 10
-14.68256692913386
 20
-8.65266535433071
 30
0.0
 10
-14.68274803149606
 20
-7.008673228346456
 30
0.0
 10
-12.57343307086614
 20
-7.00648031496063
 30
0.0
 10
-12.57325196850394
 20
-8.65266535433071
 30
0.0
 10
-12.57320866141732
 20
-9.06859842519685
 30
0.0
 10
-12.68469291338583
 20
-9.564484251968503
 30
0.0
 10
-12.84103937007874
 20
-10.01073622047244
 30
0.0
  0
SPLINE
  5
89
330
1F
100
AcDbEntity
  8
Layer 1
 62
   250
370
     9
100
AcDbSpline
210
0.0
220
0.0
230
1.0
 70
    11
 71
     3
 72
    17
 73
    13
 74
     0
 42
0.0000000001
 43
0.0000000001
 40
0.0
 40
0.0
 40
0.0
 40
0.0
 40
0.25
 40
0.25
 40
0.25
 40
0.5
 40
0.5
 40
0.5
 40
0.75
 40
0.75
 40
0.75
 40
1.0
 40
1.0
 40
1.0
 40
1.0
 10
-13.6279094488189
 20
-13.15017716535433
 30
0.0
 10
-13.5317125984252
 20
-13.15017716535433
 30
0.0
 10
-13.45372834645669
 20
-13.22816141732283
 30
0.0
 10
-13.45372834645669
 20
-13.32435826771654
 30
0.0
 10
-13.45372834645669
 20
-13.42055511811024
 30
0.0
 10
-13.5317125984252
 20
-13.49853937007874
 30
0.0
 10
-13.6279094488189
 20
-13.49853937007874
 30
0.0
 10
-13.7241062992126
 20
-13.49853937007874
 30
0.0
 10
-13.8020905511811
 20
-13.42055511811024
 30
0.0
 10
-13.8020905511811
 20
-13.32435826771654
 30
0.0
 10
-13.8020905511811
 20
-13.22816141732283
 30
0.0
 10
-13.7241062992126
 20
-13.15017716535433
 30
0.0
 10
-13.6279094488189
 20
-13.15017716535433
 30
0.0
  0
SPLINE
  5
8A
330
1F
100
AcDbEntity
  8
Layer 1
 62
   250
370
     9
100
AcDbSpline
210
0.0
220
0.0
230
1.0
 70
    11
 71
     3
 72
    50
 73
    46
 74
     0
 42
0.0000000001
 43
0.0000000001
 40
0.0
 40
0.0
 40
0.0
 40
0.0
 40
0.0666666666666667
 40
0.0666666666666667
 40
0.0666666666666667
 40
0.1333333333333333
 40
0.1333333333333333
 40
0.1333333333333333
 40
0.2
 40
0.2
 40
0.2
 40
0.2666666666666667
 40
0.2666666666666667
 40
0.2666666666666667
 40
0.3333333333333333
 40
0.3333333333333333
 40
0.3333333333333333
 40
0.4
 40
0.4
 40
0.4
 40
0.4666666666666667
 40
0.4666666666666667
 40
0.4666666666666667
 40
0.5333333333333333
 40
0.5333333333333333
 40
0.5333333333333333
 40
0.6
 40
0.6
 40
0.6
 40
0.6666666666666666
 40
0.6666666666666666
 40
0.6666666666666666
 40
0.7333333333333333
 40
0.7333333333333333
 40
0.7333333333333333
 40
0.8
 40
0.8
 40
0.8
 40
0.8666666666666667
 40
0.8666666666666667
 40
0.8666666666666667
 40
0.9333333333333333
 40
0.9333333333333333
 40
0.9333333333333333
 40
1.0
 40
1.0
 40
1.0
 40
1.0
 10
-13.12629133858268
 20
-8.8983031496063
 30
0.0
 10
-13.12629133858268
 20
-8.8983031496063
 30
0.0
 10
-13.14099212598425
 20
-9.001181102362205
 30
0.0
 10
-13.14099212598425
 20
-9.001181102362205
 30
0.0
 10
-13.14099212598425
 20
-9.001181102362205
 30
0.0
 10
-13.67082677165354
 20
-9.001181102362205
 30
0.0
 10
-13.67082677165354
 20
-9.001181102362205
 30
0.0
 10
-13.67082677165354
 20
-9.001181102362205
 30
0.0
 10
-13.65612598425197
 20
-8.902535433070867
 30
0.0
 10
-13.65612598425197
 20
-8.902535433070867
 30
0.0
 10
-13.53033464566929
 20
-8.816102362204724
 30
0.0
 10
-13.44164960629921
 20
-8.743614173228346
 30
0.0
 10
-13.3905905511811
 20
-8.685574803149606
 30
0.0
 10
-13.33952362204724
 20
-8.627535433070866
 30
0.0
 10
-13.31387007874016
 20
-8.56027559055118
 30
0.0
 10
-13.31387007874016
 20
-8.484555118110237
 30
0.0
 10
-13.31387007874016
 20
-8.38192125984252
 30
0.0
 10
-13.38261417322835
 20
-8.330606299212599
 30
0.0
 10
-13.51987401574803
 20
-8.330606299212599
 30
0.0
 10
-13.57866141732283
 20
-8.330606299212599
 30
0.0
 10
-13.62524409448819
 20
-8.33434251968504
 30
0.0
 10
-13.65986220472441
 20
-8.342062992125983
 30
0.0
 10
-13.65986220472441
 20
-8.342062992125983
 30
0.0
 10
-13.64516535433071
 20
-8.23918503937008
 30
0.0
 10
-13.64516535433071
 20
-8.23918503937008
 30
0.0
 10
-13.60929921259843
 20
-8.229476377952755
 30
0.0
 10
-13.56221653543307
 20
-8.224740157480316
 30
0.0
 10
-13.5036811023622
 20
-8.224740157480316
 30
0.0
 10
-13.3958188976378
 20
-8.224740157480316
 30
0.0
 10
-13.31561023622047
 20
-8.24665748031496
 30
0.0
 10
-13.26355118110236
 20
-8.290251968503936
 30
0.0
 10
-13.2114842519685
 20
-8.334094488188976
 30
0.0
 10
-13.18558267716536
 20
-8.387397637795276
 30
0.0
 10
-13.18558267716536
 20
-8.450173228346456
 30
0.0
 10
-13.18558267716536
 20
-8.543590551181103
 30
0.0
 10
-13.21946062992126
 20
-8.626291338582677
 30
0.0
 10
-13.28720866141732
 20
-8.698279527559055
 30
0.0
 10
-13.35522047244094
 20
-8.770267716535432
 30
0.0
 10
-13.43816929133858
 20
-8.83801968503937
 30
0.0
 10
-13.53655905511811
 20
-8.901291338582677
 30
0.0
 10
-13.53655905511811
 20
-8.901291338582677
 30
0.0
 10
-13.53655905511811
 20
-8.907023622047245
 30
0.0
 10
-13.53655905511811
 20
-8.907023622047245
 30
0.0
 10
-13.39831102362205
 20
-8.907023622047245
 30
0.0
 10
-13.26155511811024
 20
-8.904035433070867
 30
0.0
 10
-13.12629133858268
 20
-8.8983031496063
 30
0.0
  0
SPLINE
  5
8B
330
1F
100
AcDbEntity
  8
Layer 1
 62
   250
370
     9
100
AcDbSpline
210
0.0
220
0.0
230
1.0
 70
    11
 71
     3
 72
    17
 73
    13
 74
     0
 42
0.0000000001
 43
0.0000000001
 40
0.0
 40
0.0
 40
0.0
 40
0.0
 40
0.25
 40
0.25
 40
0.25
 40
0.5
 40
0.5
 40
0.5
 40
0.75
 40
0.75
 40
0.75
 40
1.0
 40
1.0
 40
1.0
 40
1.0
 10
-13.75826377952756
 20
-9.001181102362205
 30
0.0
 10
-13.75826377952756
 20
-9.001181102362205
 30
0.0
 10
-13.88305905511811
 20
-9.001181102362205
 30
0.0
 10
-13.88305905511811
 20
-9.001181102362205
 30
0.0
 10
-13.86977559055118
 20
-8.740551181102362
 30
0.0
 10
-13.88686614173228
 20
-8.482377952755906
 30
0.0
 10
-13.87518897637795
 20
-8.224740157480316
 30
0.0
 10
-13.87518897637795
 20
-8.224740157480316
 30
0.0
 10
-13.75826377952756
 20
-8.224740157480316
 30
0.0
 10
-13.75826377952756
 20
-8.224740157480316
 30
0.0
 10
-13.76645669291339
 20
-8.483251968503938
 30
0.0
 10
-13.77006692913386
 20
-8.742732283464568
 30
0.0
 10
-13.75826377952756
 20
-9.001181102362205
 30
0.0
  0
SPLINE
  5
8C
330
1F
100
AcDbEntity
  8
Layer 1
 62
   250
370
     9
100
AcDbSpline
210
0.0
220
0.0
230
1.0
 70
    11
 71
     3
 72
    38
 73
    34
 74
     0
 42
0.0000000001
 43
0.0000000001
 40
0.0
 40
0.0
 40
0.0
 40
0.0
 40
0.0909090909090909
 40
0.0909090909090909
 40
0.0909090909090909
 40
0.1818181818181818
 40
0.1818181818181818
 40
0.1818181818181818
 40
0.2727272727272727
 40
0.2727272727272727
 40
0.2727272727272727
 40
0.3636363636363636
 40
0.3636363636363636
 40
0.3636363636363636
 40
0.4545454545454546
 40
0.4545454545454546
 40
0.4545454545454546
 40
0.5454545454545454
 40
0.5454545454545454
 40
0.5454545454545454
 40
0.6363636363636364
 40
0.6363636363636364
 40
0.6363636363636364
 40
0.7272727272727273
 40
0.7272727272727273
 40
0.7272727272727273
 40
0.8181818181818182
 40
0.8181818181818182
 40
0.8181818181818182
 40
0.9090909090909092
 40
0.9090909090909092
 40
0.9090909090909092
 40
1.0
 40
1.0
 40
1.0
 40
1.0
 10
-17.95593700787402
 20
-13.1570157480315
 30
0.0
 10
-17.95593700787402
 20
-13.5725157480315
 30
0.0
 10
-18.1323031496063
 20
-13.79048031496063
 30
0.0
 10
-18.48502362204724
 20
-13.81164566929134
 30
0.0
 10
-18.48502362204724
 20
-13.81164566929134
 30
0.0
 10
-18.50644488188976
 20
-13.7247125984252
 30
0.0
 10
-18.50644488188976
 20
-13.7247125984252
 30
0.0
 10
-18.24115354330709
 20
-13.70677952755906
 30
0.0
 10
-18.10066141732284
 20
-13.55308661417323
 30
0.0
 10
-18.08446850393701
 20
-13.26412598425197
 30
0.0
 10
-18.08446850393701
 20
-13.26412598425197
 30
0.0
 10
-18.0916968503937
 20
-13.26412598425197
 30
0.0
 10
-18.0916968503937
 20
-13.26412598425197
 30
0.0
 10
-18.14051968503937
 20
-13.33387795275591
 30
0.0
 10
-18.21799212598425
 20
-13.36850393700787
 30
0.0
 10
-18.3246062992126
 20
-13.36850393700787
 30
0.0
 10
-18.41079133858268
 20
-13.36850393700787
 30
0.0
 10
-18.47829921259843
 20
-13.33885826771654
 30
0.0
 10
-18.5271220472441
 20
-13.27907086614173
 30
0.0
 10
-18.57594881889764
 20
-13.21953937007874
 30
0.0
 10
-18.60035433070866
 20
-13.14854330708661
 30
0.0
 10
-18.60035433070866
 20
-13.06634645669291
 30
0.0
 10
-18.60035433070866
 20
-12.97841338582677
 30
0.0
 10
-18.57245669291338
 20
-12.90193700787402
 30
0.0
 10
-18.51616141732283
 20
-12.83692125984252
 30
0.0
 10
-18.45986220472441
 20
-12.77191338582677
 30
0.0
 10
-18.38115354330709
 20
-12.73952755905512
 30
0.0
 10
-18.27927165354331
 20
-12.73952755905512
 30
0.0
 10
-18.18983858267717
 20
-12.73952755905512
 30
0.0
 10
-18.1136220472441
 20
-12.77465354330709
 30
0.0
 10
-18.0505905511811
 20
-12.84489763779528
 30
0.0
 10
-17.98757086614173
 20
-12.91514566929134
 30
0.0
 10
-17.95593700787402
 20
-13.01926771653543
 30
0.0
 10
-17.95593700787402
 20
-13.1570157480315
 30
0.0
  0
SPLINE
  5
8D
330
1F
100
AcDbEntity
  8
Layer 1
 62
   250
370
     9
100
AcDbSpline
210
0.0
220
0.0
230
1.0
 70
    11
 71
     3
 72
    26
 73
    22
 74
     0
 42
0.0000000001
 43
0.0000000001
 40
0.0
 40
0.0
 40
0.0
 40
0.0
 40
0.1428571428571428
 40
0.1428571428571428
 40
0.1428571428571428
 40
0.2857142857142857
 40
0.2857142857142857
 40
0.2857142857142857
 40
0.4285714285714285
 40
0.4285714285714285
 40
0.4285714285714285
 40
0.5714285714285714
 40
0.5714285714285714
 40
0.5714285714285714
 40
0.7142857142857142
 40
0.7142857142857142
 40
0.7142857142857142
 40
0.8571428571428571
 40
0.8571428571428571
 40
0.8571428571428571
 40
1.0
 40
1.0
 40
1.0
 40
1.0
 10
-18.08297637795276
 20
-13.17370472440945
 30
0.0
 10
-18.08297637795276
 20
-13.06236220472441
 30
0.0
 10
-18.10365748031496
 20
-12.97841338582677
 30
0.0
 10
-18.14500787401575
 20
-12.92236220472441
 30
0.0
 10
-18.18635826771654
 20
-12.86607086614173
 30
0.0
 10
-18.23542913385827
 20
-12.83792125984252
 30
0.0
 10
-18.29172047244095
 20
-12.83792125984252
 30
0.0
 10
-18.34876771653543
 20
-12.83792125984252
 30
0.0
 10
-18.39335433070866
 20
-12.85809842519685
 30
0.0
 10
-18.42573622047244
 20
-12.89844881889764
 30
0.0
 10
-18.4581220472441
 20
-12.93905905511811
 30
0.0
 10
-18.47431496062992
 20
-12.9873779527559
 30
0.0
 10
-18.47431496062992
 20
-13.04367716535433
 30
0.0
 10
-18.47431496062992
 20
-13.10570078740158
 30
0.0
 10
-18.45463385826772
 20
-13.15950787401575
 30
0.0
 10
-18.41577165354331
 20
-13.20583858267717
 30
0.0
 10
-18.37691338582677
 20
-13.25192519685039
 30
0.0
 10
-18.32261023622047
 20
-13.27508661417323
 30
0.0
 10
-18.25311417322835
 20
-13.27508661417323
 30
0.0
 10
-18.17913385826771
 20
-13.27508661417323
 30
0.0
 10
-18.12233858267717
 20
-13.24120866141732
 30
0.0
 10
-18.08297637795276
 20
-13.17370472440945
 30
0.0
  0
SPLINE
  5
8E
330
1F
100
AcDbEntity
  8
Layer 1
 62
   250
370
     9
100
AcDbSpline
210
0.0
220
0.0
230
1.0
 70
    11
 71
     3
 72
    53
 73
    49
 74
     0
 42
0.0000000001
 43
0.0000000001
 40
0.0
 40
0.0
 40
0.0
 40
0.0
 40
0.0625
 40
0.0625
 40
0.0625
 40
0.125
 40
0.125
 40
0.125
 40
0.1875
 40
0.1875
 40
0.1875
 40
0.25
 40
0.25
 40
0.25
 40
0.3125
 40
0.3125
 40
0.3125
 40
0.375
 40
0.375
 40
0.375
 40
0.4375
 40
0.4375
 40
0.4375
 40
0.5
 40
0.5
 40
0.5
 40
0.5625
 40
0.5625
 40
0.5625
 40
0.625
 40
0.625
 40
0.625
 40
0.6875
 40
0.6875
 40
0.6875
 40
0.75
 40
0.75
 40
0.75
 40
0.8125
 40
0.8125
 40
0.8125
 40
0.875
 40
0.875
 40
0.875
 40
0.9375
 40
0.9375
 40
0.9375
 40
1.0
 40
1.0
 40
1.0
 40
1.0
 10
-17.28049606299212
 20
-15.75875984251969
 30
0.0
 10
-17.28049606299212
 20
-15.84868897637795
 30
0.0
 10
-17.3128779527559
 20
-15.91893700787402
 30
0.0
 10
-17.37788976377953
 20
-15.969
 30
0.0
 10
-17.44290551181102
 20
-16.01906692913386
 30
0.0
 10
-17.51962598425197
 20
-16.04398031496063
 30
0.0
 10
-17.60806299212598
 20
-16.04422834645669
 30
0.0
 10
-17.69474803149606
 20
-16.04398031496063
 30
0.0
 10
-17.76972047244094
 20
-16.02006692913386
 30
0.0
 10
-17.83299606299213
 20
-15.97174409448819
 30
0.0
 10
-17.89601968503937
 20
-15.92366141732284
 30
0.0
 10
-17.92765354330709
 20
-15.8564094488189
 30
0.0
 10
-17.92765354330709
 20
-15.76972440944882
 30
0.0
 10
-17.92765354330709
 20
-15.71267716535433
 30
0.0
 10
-17.90972047244095
 20
-15.66037007874016
 30
0.0
 10
-17.87384645669291
 20
-15.61254330708661
 30
0.0
 10
-17.83773228346457
 20
-15.56446062992126
 30
0.0
 10
-17.78641732283464
 20
-15.52635433070866
 30
0.0
 10
-17.71965748031496
 20
-15.49820866141732
 30
0.0
 10
-17.71965748031496
 20
-15.49820866141732
 30
0.0
 10
-17.71965748031496
 20
-15.49023228346457
 30
0.0
 10
-17.71965748031496
 20
-15.49023228346457
 30
0.0
 10
-17.82004724409449
 20
-15.42845669291339
 30
0.0
 10
-17.87011023622047
 20
-15.35198031496063
 30
0.0
 10
-17.87011023622047
 20
-15.26106299212598
 30
0.0
 10
-17.87011023622047
 20
-15.18807874015748
 30
0.0
 10
-17.84345669291339
 20
-15.13153149606299
 30
0.0
 10
-17.78990551181102
 20
-15.09167716535433
 30
0.0
 10
-17.73634645669291
 20
-15.0518188976378
 30
0.0
 10
-17.6725748031496
 20
-15.03188976377953
 30
0.0
 10
-17.5985905511811
 20
-15.03188976377953
 30
0.0
 10
-17.5266062992126
 20
-15.03188976377953
 30
0.0
 10
-17.46432677165354
 20
-15.05081889763779
 30
0.0
 10
-17.41151968503937
 20
-15.08893700787402
 30
0.0
 10
-17.35870866141732
 20
-15.12679921259843
 30
0.0
 10
-17.33230708661417
 20
-15.17885826771654
 30
0.0
 10
-17.33230708661417
 20
-15.24487007874016
 30
0.0
 10
-17.33230708661417
 20
-15.29020866141732
 30
0.0
 10
-17.34625590551181
 20
-15.33354724409449
 30
0.0
 10
-17.37465354330709
 20
-15.37489763779528
 30
0.0
 10
-17.40279921259842
 20
-15.41624803149606
 30
0.0
 10
-17.44190551181102
 20
-15.44713779527559
 30
0.0
 10
-17.49197637795276
 20
-15.46756299212598
 30
0.0
 10
-17.49197637795276
 20
-15.46756299212598
 30
0.0
 10
-17.49197637795276
 20
-15.47553937007874
 30
0.0
 10
-17.49197637795276
 20
-15.47553937007874
 30
0.0
 10
-17.35098818897638
 20
-15.555
 30
0.0
 10
-17.28049606299212
 20
-15.6494094488189
 30
0.0
 10
-17.28049606299212
 20
-15.75875984251969
 30
0.0
  0
SPLINE
  5
8F
330
1F
100
AcDbEntity
  8
Layer 1
 62
   250
370
     9
100
AcDbSpline
210
0.0
220
0.0
230
1.0
 70
    11
 71
     3
 72
    23
 73
    19
 74
     0
 42
0.0000000001
 43
0.0000000001
 40
0.0
 40
0.0
 40
0.0
 40
0.0
 40
0.1666666666666667
 40
0.1666666666666667
 40
0.1666666666666667
 40
0.3333333333333333
 40
0.3333333333333333
 40
0.3333333333333333
 40
0.5
 40
0.5
 40
0.5
 40
0.6666666666666666
 40
0.6666666666666666
 40
0.6666666666666666
 40
0.8333333333333333
 40
0.8333333333333333
 40
0.8333333333333333
 40
1.0
 40
1.0
 40
1.0
 40
1.0
 10
-17.44838976377953
 20
-15.26106299212598
 30
0.0
 10
-17.44838976377953
 20
-15.21398031496063
 30
0.0
 10
-17.46358267716536
 20
-15.17785826771654
 30
0.0
 10
-17.49397244094488
 20
-15.15270078740157
 30
0.0
 10
-17.52436220472441
 20
-15.12754330708661
 30
0.0
 10
-17.56073228346457
 20
-15.11509448818898
 30
0.0
 10
-17.60307874015748
 20
-15.11509448818898
 30
0.0
 10
-17.64343307086614
 20
-15.11509448818898
 30
0.0
 10
-17.67855511811024
 20
-15.12604724409449
 30
0.0
 10
-17.7086968503937
 20
-15.14822047244095
 30
0.0
 10
-17.73908661417323
 20
-15.1703937007874
 30
0.0
 10
-17.75403149606299
 20
-15.20053543307087
 30
0.0
 10
-17.75403149606299
 20
-15.23839763779528
 30
0.0
 10
-17.75403149606299
 20
-15.31736220472441
 30
0.0
 10
-17.69648818897638
 20
-15.38411811023622
 30
0.0
 10
-17.58115354330709
 20
-15.43916929133858
 30
0.0
 10
-17.49248031496063
 20
-15.39980708661417
 30
0.0
 10
-17.44838976377953
 20
-15.34027559055118
 30
0.0
 10
-17.44838976377953
 20
-15.26106299212598
 30
0.0
  0
SPLINE
  5
90
330
1F
100
AcDbEntity
  8
Layer 1
 62
   250
370
     9
100
AcDbSpline
210
0.0
220
0.0
230
1.0
 70
    11
 71
     3
 72
    26
 73
    22
 74
     0
 42
0.0000000001
 43
0.0000000001
 40
0.0
 40
0.0
 40
0.0
 40
0.0
 40
0.1428571428571428
 40
0.1428571428571428
 40
0.1428571428571428
 40
0.2857142857142857
 40
0.2857142857142857
 40
0.2857142857142857
 40
0.4285714285714285
 40
0.4285714285714285
 40
0.4285714285714285
 40
0.5714285714285714
 40
0.5714285714285714
 40
0.5714285714285714
 40
0.7142857142857142
 40
0.7142857142857142
 40
0.7142857142857142
 40
0.8571428571428571
 40
0.8571428571428571
 40
0.8571428571428571
 40
1.0
 40
1.0
 40
1.0
 40
1.0
 10
-17.40155511811023
 20
-15.77844488188976
 30
0.0
 10
-17.40155511811023
 20
-15.68702362204724
 30
0.0
 10
-17.47703149606299
 20
-15.60456692913386
 30
0.0
 10
-17.62773622047244
 20
-15.53108661417323
 30
0.0
 10
-17.68029527559055
 20
-15.54901968503937
 30
0.0
 10
-17.72364173228346
 20
-15.5784094488189
 30
0.0
 10
-17.75727165354331
 20
-15.61901968503937
 30
0.0
 10
-17.79114960629921
 20
-15.65961811023622
 30
0.0
 10
-17.80808661417323
 20
-15.70370866141732
 30
0.0
 10
-17.80808661417323
 20
-15.75153543307087
 30
0.0
 10
-17.80808661417323
 20
-15.81430708661417
 30
0.0
 10
-17.78766141732283
 20
-15.86238976377953
 30
0.0
 10
-17.74705511811024
 20
-15.89625984251968
 30
0.0
 10
-17.70645275590551
 20
-15.93013779527559
 30
0.0
 10
-17.65787795275591
 20
-15.94708267716535
 30
0.0
 10
-17.60158661417323
 20
-15.94708267716535
 30
0.0
 10
-17.54753149606299
 20
-15.94708267716535
 30
0.0
 10
-17.5006968503937
 20
-15.93188582677165
 30
0.0
 10
-17.46109448818898
 20
-15.90174409448819
 30
0.0
 10
-17.4214842519685
 20
-15.8716062992126
 30
0.0
 10
-17.40155511811023
 20
-15.8305
 30
0.0
 10
-17.40155511811023
 20
-15.77844488188976
 30
0.0
  0
SPLINE
  5
91
330
1F
100
AcDbEntity
  8
Layer 1
 62
   250
370
     9
100
AcDbSpline
210
0.0
220
0.0
230
1.0
 70
    11
 71
     3
 72
    35
 73
    31
 74
     0
 42
0.0000000001
 43
0.0000000001
 40
0.0
 40
0.0
 40
0.0
 40
0.0
 40
0.1
 40
0.1
 40
0.1
 40
0.2
 40
0.2
 40
0.2
 40
0.3
 40
0.3
 40
0.3
 40
0.4
 40
0.4
 40
0.4
 40
0.5
 40
0.5
 40
0.5
 40
0.6000000000000001
 40
0.6000000000000001
 40
0.6000000000000001
 40
0.7000000000000001
 40
0.7000000000000001
 40
0.7000000000000001
 40
0.8
 40
0.8
 40
0.8
 40
0.9
 40
0.9
 40
0.9
 40
1.0
 40
1.0
 40
1.0
 40
1.0
 10
-15.6199842519685
 20
-16.81704330708661
 30
0.0
 10
-15.6199842519685
 20
-16.90697244094488
 30
0.0
 10
-15.6551062992126
 20
-17.03127165354331
 30
0.0
 10
-15.72584645669291
 20
-17.1891968503937
 30
0.0
 10
-15.75499212598425
 20
-17.25496062992126
 30
0.0
 10
-15.82000787401575
 20
-17.38449212598425
 30
0.0
 10
-15.9213937007874
 20
-17.57829133858268
 30
0.0
 10
-15.99138976377953
 20
-17.71255511811023
 30
0.0
 10
-16.0265157480315
 20
-17.79575196850394
 30
0.0
 10
-16.0265157480315
 20
-17.82788976377953
 30
0.0
 10
-16.0265157480315
 20
-17.82788976377953
 30
0.0
 10
-16.15479921259843
 20
-17.81244094488189
 30
0.0
 10
-16.15479921259843
 20
-17.81244094488189
 30
0.0
 10
-16.15479921259843
 20
-17.78130708661417
 30
0.0
 10
-16.11818503937008
 20
-17.70183858267717
 30
0.0
 10
-16.0446968503937
 20
-17.5738031496063
 30
0.0
 10
-15.91765748031496
 20
-17.35061417322835
 30
0.0
 10
-15.85014960629921
 20
-17.23054724409449
 30
0.0
 10
-15.84167716535433
 20
-17.2141062992126
 30
0.0
 10
-15.7681968503937
 20
-17.07436220472441
 30
0.0
 10
-15.73157874015748
 20
-16.97596456692913
 30
0.0
 10
-15.73157874015748
 20
-16.91842913385827
 30
0.0
 10
-15.83669291338583
 20
-16.91842913385827
 30
0.0
 10
-15.99587007874016
 20
-16.92490551181102
 30
0.0
 10
-16.20959842519685
 20
-16.9376062992126
 30
0.0
 10
-16.20959842519685
 20
-16.9376062992126
 30
0.0
 10
-16.20511811023622
 20
-16.81704330708661
 30
0.0
 10
-16.20511811023622
 20
-16.81704330708661
 30
0.0
 10
-16.20511811023622
 20
-16.81704330708661
 30
0.0
 10
-15.6199842519685
 20
-16.81704330708661
 30
0.0
 10
-15.6199842519685
 20
-16.81704330708661
 30
0.0
  0
SPLINE
  5
92
330
1F
100
AcDbEntity
  8
Layer 1
 62
   250
370
     9
100
AcDbSpline
210
0.0
220
0.0
230
1.0
 70
    11
 71
     3
 72
    41
 73
    37
 74
     0
 42
0.0000000001
 43
0.0000000001
 40
0.0
 40
0.0
 40
0.0
 40
0.0
 40
0.0833333333333333
 40
0.0833333333333333
 40
0.0833333333333333
 40
0.1666666666666667
 40
0.1666666666666667
 40
0.1666666666666667
 40
0.25
 40
0.25
 40
0.25
 40
0.3333333333333333
 40
0.3333333333333333
 40
0.3333333333333333
 40
0.4166666666666666
 40
0.4166666666666666
 40
0.4166666666666666
 40
0.5
 40
0.5
 40
0.5
 40
0.5833333333333333
 40
0.5833333333333333
 40
0.5833333333333333
 40
0.6666666666666666
 40
0.6666666666666666
 40
0.6666666666666666
 40
0.75
 40
0.75
 40
0.75
 40
0.8333333333333333
 40
0.8333333333333333
 40
0.8333333333333333
 40
0.9166666666666666
 40
0.9166666666666666
 40
0.9166666666666666
 40
1.0
 40
1.0
 40
1.0
 40
1.0
 10
-13.31229527559055
 20
-18.09764566929134
 30
0.0
 10
-13.31229527559055
 20
-18.18582677165354
 30
0.0
 10
-13.34094094488189
 20
-18.26229921259842
 30
0.0
 10
-13.39798031496063
 20
-18.3268188976378
 30
0.0
 10
-13.45527952755906
 20
-18.39158267716535
 30
0.0
 10
-13.53548818897638
 20
-18.42396850393701
 30
0.0
 10
-13.63911023622047
 20
-18.42396850393701
 30
0.0
 10
-13.7282874015748
 20
-18.42396850393701
 30
0.0
 10
-13.80426771653543
 20
-18.38984251968504
 30
0.0
 10
-13.8672874015748
 20
-18.32183858267717
 30
0.0
 10
-13.93030708661417
 20
-18.25357874015748
 30
0.0
 10
-13.96169291338583
 20
-18.15344881889764
 30
0.0
 10
-13.96169291338583
 20
-18.02116929133858
 30
0.0
 10
-13.96169291338583
 20
-17.63631496062992
 30
0.0
 10
-13.79156299212598
 20
-17.43329921259842
 30
0.0
 10
-13.45104724409449
 20
-17.41237795275591
 30
0.0
 10
-13.45104724409449
 20
-17.41237795275591
 30
0.0
 10
-13.44157480314961
 20
-17.49707086614173
 30
0.0
 10
-13.44157480314961
 20
-17.49707086614173
 30
0.0
 10
-13.57085826771653
 20
-17.51027559055118
 30
0.0
 10
-13.66576771653543
 20
-17.54813779527559
 30
0.0
 10
-13.72654724409449
 20
-17.61065354330709
 30
0.0
 10
-13.78707480314961
 20
-17.6731811023622
 30
0.0
 10
-13.82294881889764
 20
-17.7680905511811
 30
0.0
 10
-13.83416141732283
 20
-17.89562598425197
 30
0.0
 10
-13.83416141732283
 20
-17.89562598425197
 30
0.0
 10
-13.82593700787402
 20
-17.89562598425197
 30
0.0
 10
-13.82593700787402
 20
-17.89562598425197
 30
0.0
 10
-13.77935433070866
 20
-17.83086220472441
 30
0.0
 10
-13.70114173228346
 20
-17.79848031496063
 30
0.0
 10
-13.59103543307087
 20
-17.79848031496063
 30
0.0
 10
-13.50410236220472
 20
-17.79848031496063
 30
0.0
 10
-13.43585039370079
 20
-17.82812598425197
 30
0.0
 10
-13.38627559055118
 20
-17.88716141732283
 30
0.0
 10
-13.33695669291339
 20
-17.9461968503937
 30
0.0
 10
-13.31229527559055
 20
-18.01644488188976
 30
0.0
 10
-13.31229527559055
 20
-18.09764566929134
 30
0.0
  0
SPLINE
  5
93
330
1F
100
AcDbEntity
  8
Layer 1
 62
   250
370
     9
100
AcDbSpline
210
0.0
220
0.0
230
1.0
 70
    11
 71
     3
 72
    26
 73
    22
 74
     0
 42
0.0000000001
 43
0.0000000001
 40
0.0
 40
0.0
 40
0.0
 40
0.0
 40
0.1428571428571428
 40
0.1428571428571428
 40
0.1428571428571428
 40
0.2857142857142857
 40
0.2857142857142857
 40
0.2857142857142857
 40
0.4285714285714285
 40
0.4285714285714285
 40
0.4285714285714285
 40
0.5714285714285714
 40
0.5714285714285714
 40
0.5714285714285714
 40
0.7142857142857142
 40
0.7142857142857142
 40
0.7142857142857142
 40
0.8571428571428571
 40
0.8571428571428571
 40
0.8571428571428571
 40
1.0
 40
1.0
 40
1.0
 40
1.0
 10
-13.43933464566929
 20
-18.11881889763779
 30
0.0
 10
-13.43933464566929
 20
-18.05654330708661
 30
0.0
 10
-13.45826377952756
 20
-18.00299212598425
 30
0.0
 10
-13.49662992125984
 20
-17.95839763779528
 30
0.0
 10
-13.53474015748031
 20
-17.91356692913386
 30
0.0
 10
-13.5907874015748
 20
-17.89114566929134
 30
0.0
 10
-13.66477165354331
 20
-17.89114566929134
 30
0.0
 10
-13.73426771653543
 20
-17.89114566929134
 30
0.0
 10
-13.79105905511811
 20
-17.91979527559055
 30
0.0
 10
-13.83490157480315
 20
-17.97658661417323
 30
0.0
 10
-13.83490157480315
 20
-18.10162992125984
 30
0.0
 10
-13.81597244094488
 20
-18.1918031496063
 30
0.0
 10
-13.77835826771654
 20
-18.2471062992126
 30
0.0
 10
-13.74049606299213
 20
-18.30215748031496
 30
0.0
 10
-13.69316535433071
 20
-18.32980708661417
 30
0.0
 10
-13.63637007874016
 20
-18.32980708661417
 30
0.0
 10
-13.5750905511811
 20
-18.32980708661417
 30
0.0
 10
-13.52677165354331
 20
-18.30913385826772
 30
0.0
 10
-13.4918937007874
 20
-18.26752755905512
 30
0.0
 10
-13.45677165354331
 20
-18.22592913385827
 30
0.0
 10
-13.43933464566929
 20
-18.17636220472441
 30
0.0
 10
-13.43933464566929
 20
-18.11881889763779
 30
0.0
  0
SPLINE
  5
94
330
1F
100
AcDbEntity
  8
Layer 1
 62
   250
370
     9
100
AcDbSpline
210
0.0
220
0.0
230
1.0
 70
    11
 71
     3
 72
    47
 73
    43
 74
     0
 42
0.0000000001
 43
0.0000000001
 40
0.0
 40
0.0
 40
0.0
 40
0.0
 40
0.0714285714285714
 40
0.0714285714285714
 40
0.0714285714285714
 40
0.1428571428571428
 40
0.1428571428571428
 40
0.1428571428571428
 40
0.2142857142857143
 40
0.2142857142857143
 40
0.2142857142857143
 40
0.2857142857142857
 40
0.2857142857142857
 40
0.2857142857142857
 40
0.3571428571428571
 40
0.3571428571428571
 40
0.3571428571428571
 40
0.4285714285714285
 40
0.4285714285714285
 40
0.4285714285714285
 40
0.5
 40
0.5
 40
0.5
 40
0.5714285714285714
 40
0.5714285714285714
 40
0.5714285714285714
 40
0.6428571428571428
 40
0.6428571428571428
 40
0.6428571428571428
 40
0.7142857142857142
 40
0.7142857142857142
 40
0.7142857142857142
 40
0.7857142857142857
 40
0.7857142857142857
 40
0.7857142857142857
 40
0.8571428571428571
 40
0.8571428571428571
 40
0.8571428571428571
 40
0.9285714285714285
 40
0.9285714285714285
 40
0.9285714285714285
 40
1.0
 40
1.0
 40
1.0
 40
1.0
 10
-11.04542913385827
 20
-17.42923622047244
 30
0.0
 10
-11.04542913385827
 20
-17.52962204724409
 30
0.0
 10
-11.0945
 20
-17.61855118110236
 30
0.0
 10
-11.19214960629921
 20
-17.69626377952756
 30
0.0
 10
-11.29004724409449
 20
-17.77424015748031
 30
0.0
 10
-11.42057480314961
 20
-17.81633464566929
 30
0.0
 10
-11.58398031496063
 20
-17.82255905511811
 30
0.0
 10
-11.58398031496063
 20
-17.82255905511811
 30
0.0
 10
-11.60440551181102
 20
-17.73662598425197
 30
0.0
 10
-11.60440551181102
 20
-17.73662598425197
 30
0.0
 10
-11.47014173228346
 20
-17.72815354330709
 30
0.0
 10
-11.36502755905512
 20
-17.69925984251968
 30
0.0
 10
-11.28879921259843
 20
-17.64968503937008
 30
0.0
 10
-11.2128188976378
 20
-17.60011811023622
 30
0.0
 10
-11.1747125984252
 20
-17.5375905511811
 30
0.0
 10
-11.1747125984252
 20
-17.46211417322835
 30
0.0
 10
-11.1747125984252
 20
-17.3804094488189
 30
0.0
 10
-11.20560236220472
 20
-17.32311417322835
 30
0.0
 10
-11.26737795275591
 20
-17.29023622047244
 30
0.0
 10
-11.32915354330709
 20
-17.25735433070866
 30
0.0
 10
-11.43975196850394
 20
-17.24091732283464
 30
0.0
 10
-11.59942519685039
 20
-17.24091732283464
 30
0.0
 10
-11.57227559055118
 20
-17.0192125984252
 30
0.0
 10
-11.55857480314961
 20
-16.86751968503937
 30
0.0
 10
-11.55857480314961
 20
-16.78631102362205
 30
0.0
 10
-11.55857480314961
 20
-16.78631102362205
 30
0.0
 10
-11.11268897637795
 20
-16.78631102362205
 30
0.0
 10
-11.11268897637795
 20
-16.78631102362205
 30
0.0
 10
-11.11268897637795
 20
-16.78631102362205
 30
0.0
 10
-11.11692125984252
 20
-16.90238582677165
 30
0.0
 10
-11.11692125984252
 20
-16.90238582677165
 30
0.0
 10
-11.21631102362205
 20
-16.88868503937008
 30
0.0
 10
-11.33364173228346
 20
-16.88196062992126
 30
0.0
 10
-11.46864960629921
 20
-16.88196062992126
 30
0.0
 10
-11.48185433070866
 20
-16.97487795275591
 30
0.0
 10
-11.48857874015748
 20
-17.06206692913386
 30
0.0
 10
-11.48857874015748
 20
-17.14326771653543
 30
0.0
 10
-11.33862204724409
 20
-17.14326771653543
 30
0.0
 10
-11.22727165354331
 20
-17.16593307086614
 30
0.0
 10
-11.15453543307087
 20
-17.21152362204725
 30
0.0
 10
-11.08179527559055
 20
-17.25686220472441
 30
0.0
 10
-11.04542913385827
 20
-17.32959842519685
 30
0.0
 10
-11.04542913385827
 20
-17.42923622047244
 30
0.0
  0
SPLINE
  5
95
330
1F
100
AcDbEntity
  8
Layer 1
 62
   250
370
     9
100
AcDbSpline
210
0.0
220
0.0
230
1.0
 70
    11
 71
     3
 72
    41
 73
    37
 74
     0
 42
0.0000000001
 43
0.0000000001
 40
0.0
 40
0.0
 40
0.0
 40
0.0
 40
0.0833333333333333
 40
0.0833333333333333
 40
0.0833333333333333
 40
0.1666666666666667
 40
0.1666666666666667
 40
0.1666666666666667
 40
0.25
 40
0.25
 40
0.25
 40
0.3333333333333333
 40
0.3333333333333333
 40
0.3333333333333333
 40
0.4166666666666666
 40
0.4166666666666666
 40
0.4166666666666666
 40
0.5
 40
0.5
 40
0.5
 40
0.5833333333333333
 40
0.5833333333333333
 40
0.5833333333333333
 40
0.6666666666666666
 40
0.6666666666666666
 40
0.6666666666666666
 40
0.75
 40
0.75
 40
0.75
 40
0.8333333333333333
 40
0.8333333333333333
 40
0.8333333333333333
 40
0.9166666666666666
 40
0.9166666666666666
 40
0.9166666666666666
 40
1.0
 40
1.0
 40
1.0
 40
1.0
 10
-9.294377952755905
 20
-15.74429527559055
 30
0.0
 10
-9.294377952755905
 20
-15.74429527559055
 30
0.0
 10
-9.309818897637795
 20
-15.85888976377953
 30
0.0
 10
-9.309818897637795
 20
-15.85888976377953
 30
0.0
 10
-9.309818897637795
 20
-15.85888976377953
 30
0.0
 10
-9.436114173228347
 20
-15.85888976377953
 30
0.0
 10
-9.436114173228347
 20
-15.85888976377953
 30
0.0
 10
-9.436114173228347
 20
-15.94931102362205
 30
0.0
 10
-9.433122047244094
 20
-16.06712992125984
 30
0.0
 10
-9.427397637795275
 20
-16.21211023622047
 30
0.0
 10
-9.427397637795275
 20
-16.21211023622047
 30
0.0
 10
-9.552192913385827
 20
-16.21211023622047
 30
0.0
 10
-9.552192913385827
 20
-16.21211023622047
 30
0.0
 10
-9.548208661417323
 20
-16.08656299212598
 30
0.0
 10
-9.546212598425196
 20
-15.96873622047244
 30
0.0
 10
-9.546212598425196
 20
-15.85888976377953
 30
0.0
 10
-9.546212598425196
 20
-15.85888976377953
 30
0.0
 10
-9.959220472440945
 20
-15.85888976377953
 30
0.0
 10
-9.959220472440945
 20
-15.85888976377953
 30
0.0
 10
-9.959220472440945
 20
-15.85888976377953
 30
0.0
 10
-9.974661417322835
 20
-15.76696456692913
 30
0.0
 10
-9.974661417322835
 20
-15.76696456692913
 30
0.0
 10
-9.974661417322835
 20
-15.75425984251969
 30
0.0
 10
-9.908653543307087
 20
-15.65861023622047
 30
0.0
 10
-9.77688188976378
 20
-15.48000787401575
 30
0.0
 10
-9.645106299212598
 20
-15.30164960629921
 30
0.0
 10
-9.579346456692914
 20
-15.20848818897638
 30
0.0
 10
-9.57984251968504
 20
-15.20126377952756
 30
0.0
 10
-9.57984251968504
 20
-15.20126377952756
 30
0.0
 10
-9.427397637795275
 20
-15.20126377952756
 30
0.0
 10
-9.427397637795275
 20
-15.20126377952756
 30
0.0
 10
-9.433122047244094
 20
-15.31137007874016
 30
0.0
 10
-9.436114173228347
 20
-15.49495275590551
 30
0.0
 10
-9.436114173228347
 20
-15.75227165354331
 30
0.0
 10
-9.391771653543307
 20
-15.75227165354331
 30
0.0
 10
-9.344692913385828
 20
-15.74952755905512
 30
0.0
 10
-9.294377952755905
 20
-15.74429527559055
 30
0.0
  0
SPLINE
  5
96
330
1F
100
AcDbEntity
  8
Layer 1
 62
   250
370
     9
100
AcDbSpline
210
0.0
220
0.0
230
1.0
 70
    11
 71
     3
 72
    23
 73
    19
 74
     0
 42
0.0000000001
 43
0.0000000001
 40
0.0
 40
0.0
 40
0.0
 40
0.0
 40
0.1666666666666667
 40
0.1666666666666667
 40
0.1666666666666667
 40
0.3333333333333333
 40
0.3333333333333333
 40
0.3333333333333333
 40
0.5
 40
0.5
 40
0.5
 40
0.6666666666666666
 40
0.6666666666666666
 40
0.6666666666666666
 40
0.8333333333333333
 40
0.8333333333333333
 40
0.8333333333333333
 40
1.0
 40
1.0
 40
1.0
 40
1.0
 10
-9.538984251968504
 20
-15.30488582677165
 30
0.0
 10
-9.538984251968504
 20
-15.30488582677165
 30
0.0
 10
-9.544720472440945
 20
-15.30488582677165
 30
0.0
 10
-9.544720472440945
 20
-15.30488582677165
 30
0.0
 10
-9.544720472440945
 20
-15.3180905511811
 30
0.0
 10
-9.597031496062993
 20
-15.39381496062992
 30
0.0
 10
-9.701653543307087
 20
-15.53181889763779
 30
0.0
 10
-9.806271653543307
 20
-15.67006692913386
 30
0.0
 10
-9.858582677165355
 20
-15.74305118110236
 30
0.0
 10
-9.858582677165355
 20
-15.75077165354331
 30
0.0
 10
-9.858582677165355
 20
-15.75077165354331
 30
0.0
 10
-9.858582677165355
 20
-15.75675196850394
 30
0.0
 10
-9.858582677165355
 20
-15.75675196850394
 30
0.0
 10
-9.772897637795275
 20
-15.75675196850394
 30
0.0
 10
-9.66901968503937
 20
-15.75501181102362
 30
0.0
 10
-9.54696062992126
 20
-15.75152362204724
 30
0.0
 10
-9.545964566929134
 20
-15.6008188976378
 30
0.0
 10
-9.543224409448818
 20
-15.45185433070866
 30
0.0
 10
-9.538984251968504
 20
-15.30488582677165
 30
0.0
  0
SPLINE
  5
97
330
1F
100
AcDbEntity
  8
Layer 1
 62
   250
370
     9
100
AcDbSpline
210
0.0
220
0.0
230
1.0
 70
    11
 71
     3
 72
    68
 73
    64
 74
     0
 42
0.0000000001
 43
0.0000000001
 40
0.0
 40
0.0
 40
0.0
 40
0.0
 40
0.0476190476190476
 40
0.0476190476190476
 40
0.0476190476190476
 40
0.0952380952380952
 40
0.0952380952380952
 40
0.0952380952380952
 40
0.1428571428571428
 40
0.1428571428571428
 40
0.1428571428571428
 40
0.1904761904761905
 40
0.1904761904761905
 40
0.1904761904761905
 40
0.2380952380952381
 40
0.2380952380952381
 40
0.2380952380952381
 40
0.2857142857142857
 40
0.2857142857142857
 40
0.2857142857142857
 40
0.3333333333333333
 40
0.3333333333333333
 40
0.3333333333333333
 40
0.3809523809523809
 40
0.3809523809523809
 40
0.3809523809523809
 40
0.4285714285714285
 40
0.4285714285714285
 40
0.4285714285714285
 40
0.4761904761904762
 40
0.4761904761904762
 40
0.4761904761904762
 40
0.5238095238095237
 40
0.5238095238095237
 40
0.5238095238095237
 40
0.5714285714285714
 40
0.5714285714285714
 40
0.5714285714285714
 40
0.6190476190476191
 40
0.6190476190476191
 40
0.6190476190476191
 40
0.6666666666666666
 40
0.6666666666666666
 40
0.6666666666666666
 40
0.7142857142857142
 40
0.7142857142857142
 40
0.7142857142857142
 40
0.7619047619047619
 40
0.7619047619047619
 40
0.7619047619047619
 40
0.8095238095238095
 40
0.8095238095238095
 40
0.8095238095238095
 40
0.8571428571428571
 40
0.8571428571428571
 40
0.8571428571428571
 40
0.9047619047619047
 40
0.9047619047619047
 40
0.9047619047619047
 40
0.9523809523809523
 40
0.9523809523809523
 40
0.9523809523809523
 40
1.0
 40
1.0
 40
1.0
 40
1.0
 10
-8.655452755905511
 20
-13.41117716535433
 30
0.0
 10
-8.655452755905511
 20
-13.50982677165354
 30
0.0
 10
-8.70478346456693
 20
-13.59875590551181
 30
0.0
 10
-8.80342125984252
 20
-13.67772047244094
 30
0.0
 10
-8.901818897637796
 20
-13.75693307086614
 30
0.0
 10
-9.043807086614173
 20
-13.80102362204724
 30
0.0
 10
-9.229129921259842
 20
-13.81023622047244
 30
0.0
 10
-9.229129921259842
 20
-13.81023622047244
 30
0.0
 10
-9.250307086614173
 20
-13.72056299212598
 30
0.0
 10
-9.250307086614173
 20
-13.72056299212598
 30
0.0
 10
-9.102842519685039
 20
-13.71084645669291
 30
0.0
 10
-8.987755905511811
 20
-13.68145669291339
 30
0.0
 10
-8.905055118110237
 20
-13.63212992125984
 30
0.0
 10
-8.822350393700788
 20
-13.58305905511811
 30
0.0
 10
-8.781
 20
-13.51779527559055
 30
0.0
 10
-8.781
 20
-13.43659448818898
 30
0.0
 10
-8.781
 20
-13.36111023622047
 30
0.0
 10
-8.811893700787401
 20
-13.30805118110236
 30
0.0
 10
-8.873669291338583
 20
-13.27716929133858
 30
0.0
 10
-8.9356968503937
 20
-13.24627559055118
 30
0.0
 10
-9.02561811023622
 20
-13.23083464566929
 30
0.0
 10
-9.143688976377954
 20
-13.23083464566929
 30
0.0
 10
-9.143688976377954
 20
-13.23083464566929
 30
0.0
 10
-9.129248031496063
 20
-13.14390157480315
 30
0.0
 10
-9.129248031496063
 20
-13.14390157480315
 30
0.0
 10
-9.035334645669291
 20
-13.14390157480315
 30
0.0
 10
-8.958110236220472
 20
-13.1296968503937
 30
0.0
 10
-8.897826771653543
 20
-13.1008031496063
 30
0.0
 10
-8.837547244094488
 20
-13.07215354330709
 30
0.0
 10
-8.807405511811023
 20
-13.03279921259842
 30
0.0
 10
-8.807405511811023
 20
-12.98272834645669
 30
0.0
 10
-8.807405511811023
 20
-12.93540551181102
 30
0.0
 10
-8.82634251968504
 20
-12.90202362204724
 30
0.0
 10
-8.864204724409449
 20
-12.88209448818898
 30
0.0
 10
-8.902314960629921
 20
-12.86216535433071
 30
0.0
 10
-8.961102362204725
 20
-12.85195275590551
 30
0.0
 10
-9.040811023622048
 20
-12.85195275590551
 30
0.0
 10
-9.100846456692913
 20
-12.85195275590551
 30
0.0
 10
-9.153161417322835
 20
-12.8571811023622
 30
0.0
 10
-9.19774409448819
 20
-12.8673937007874
 30
0.0
 10
-9.19774409448819
 20
-12.8673937007874
 30
0.0
 10
-9.189027559055118
 20
-12.7645157480315
 30
0.0
 10
-9.189027559055118
 20
-12.7645157480315
 30
0.0
 10
-9.144192913385826
 20
-12.75131889763779
 30
0.0
 10
-9.073948818897637
 20
-12.74484251968504
 30
0.0
 10
-8.97803937007874
 20
-12.74484251968504
 30
0.0
 10
-8.889610236220472
 20
-12.74484251968504
 30
0.0
 10
-8.821362204724409
 20
-12.76352755905512
 30
0.0
 10
-8.773527559055118
 20
-12.80138976377953
 30
0.0
 10
-8.725452755905511
 20
-12.83900393700787
 30
0.0
 10
-8.70153937007874
 20
-12.88383464566929
 30
0.0
 10
-8.70153937007874
 20
-12.93590157480315
 30
0.0
 10
-8.70153937007874
 20
-13.04301181102362
 30
0.0
 10
-8.757838582677165
 20
-13.11525196850394
 30
0.0
 10
-8.870177165354331
 20
-13.15286614173228
 30
0.0
 10
-8.870177165354331
 20
-13.15286614173228
 30
0.0
 10
-8.870177165354331
 20
-13.16008661417323
 30
0.0
 10
-8.870177165354331
 20
-13.16008661417323
 30
0.0
 10
-8.808401574803149
 20
-13.17179921259843
 30
0.0
 10
-8.757086614173229
 20
-13.19994488188976
 30
0.0
 10
-8.716488188976378
 20
-13.24478346456693
 30
0.0
 10
-8.675885826771653
 20
-13.28937007874016
 30
0.0
 10
-8.655452755905511
 20
-13.34492519685039
 30
0.0
 10
-8.655452755905511
 20
-13.41117716535433
 30
0.0
  0
SPLINE
  5
98
330
1F
100
AcDbEntity
  8
Layer 1
 62
   250
370
     9
100
AcDbSpline
210
0.0
220
0.0
230
1.0
 70
    11
 71
     3
 72
    50
 73
    46
 74
     0
 42
0.0000000001
 43
0.0000000001
 40
0.0
 40
0.0
 40
0.0
 40
0.0
 40
0.0666666666666667
 40
0.0666666666666667
 40
0.0666666666666667
 40
0.1333333333333333
 40
0.1333333333333333
 40
0.1333333333333333
 40
0.2
 40
0.2
 40
0.2
 40
0.2666666666666667
 40
0.2666666666666667
 40
0.2666666666666667
 40
0.3333333333333333
 40
0.3333333333333333
 40
0.3333333333333333
 40
0.4
 40
0.4
 40
0.4
 40
0.4666666666666667
 40
0.4666666666666667
 40
0.4666666666666667
 40
0.5333333333333333
 40
0.5333333333333333
 40
0.5333333333333333
 40
0.6
 40
0.6
 40
0.6
 40
0.6666666666666666
 40
0.6666666666666666
 40
0.6666666666666666
 40
0.7333333333333333
 40
0.7333333333333333
 40
0.7333333333333333
 40
0.8
 40
0.8
 40
0.8
 40
0.8666666666666667
 40
0.8666666666666667
 40
0.8666666666666667
 40
0.9333333333333333
 40
0.9333333333333333
 40
0.9333333333333333
 40
1.0
 40
1.0
 40
1.0
 40
1.0
 10
-9.326181102362204
 20
-11.19374803149606
 30
0.0
 10
-9.326181102362204
 20
-11.19374803149606
 30
0.0
 10
-9.340877952755905
 20
-11.29662992125984
 30
0.0
 10
-9.340877952755905
 20
-11.29662992125984
 30
0.0
 10
-9.340877952755905
 20
-11.29662992125984
 30
0.0
 10
-9.870712598425197
 20
-11.29662992125984
 30
0.0
 10
-9.870712598425197
 20
-11.29662992125984
 30
0.0
 10
-9.870712598425197
 20
-11.29662992125984
 30
0.0
 10
-9.856015748031496
 20
-11.19798031496063
 30
0.0
 10
-9.856015748031496
 20
-11.19798031496063
 30
0.0
 10
-9.730220472440944
 20
-11.11155118110236
 30
0.0
 10
-9.64153937007874
 20
-11.03905905511811
 30
0.0
 10
-9.59048031496063
 20
-10.98102362204724
 30
0.0
 10
-9.539409448818898
 20
-10.9229842519685
 30
0.0
 10
-9.513755905511811
 20
-10.85572440944882
 30
0.0
 10
-9.513755905511811
 20
-10.78
 30
0.0
 10
-9.513755905511811
 20
-10.67737007874016
 30
0.0
 10
-9.582503937007875
 20
-10.62605118110236
 30
0.0
 10
-9.719759842519686
 20
-10.62605118110236
 30
0.0
 10
-9.778551181102362
 20
-10.62605118110236
 30
0.0
 10
-9.825129921259842
 20
-10.62979133858268
 30
0.0
 10
-9.859751968503938
 20
-10.63751181102362
 30
0.0
 10
-9.859751968503938
 20
-10.63751181102362
 30
0.0
 10
-9.845051181102361
 20
-10.53462992125984
 30
0.0
 10
-9.845051181102361
 20
-10.53462992125984
 30
0.0
 10
-9.809185039370078
 20
-10.52492125984252
 30
0.0
 10
-9.762102362204724
 20
-10.52018897637795
 30
0.0
 10
-9.703570866141732
 20
-10.52018897637795
 30
0.0
 10
-9.595708661417323
 20
-10.52018897637795
 30
0.0
 10
-9.515496062992126
 20
-10.5421062992126
 30
0.0
 10
-9.46344094488189
 20
-10.58570078740157
 30
0.0
 10
-9.41137401574803
 20
-10.62954330708661
 30
0.0
 10
-9.385472440944882
 20
-10.68284645669291
 30
0.0
 10
-9.385472440944882
 20
-10.74561811023622
 30
0.0
 10
-9.385472440944882
 20
-10.83903543307087
 30
0.0
 10
-9.419350393700787
 20
-10.92173622047244
 30
0.0
 10
-9.48709842519685
 20
-10.99372440944882
 30
0.0
 10
-9.555106299212598
 20
-11.0657125984252
 30
0.0
 10
-9.638059055118111
 20
-11.13346850393701
 30
0.0
 10
-9.736448818897637
 20
-11.19673622047244
 30
0.0
 10
-9.736448818897637
 20
-11.19673622047244
 30
0.0
 10
-9.736448818897637
 20
-11.20246850393701
 30
0.0
 10
-9.736448818897637
 20
-11.20246850393701
 30
0.0
 10
-9.598200787401575
 20
-11.20246850393701
 30
0.0
 10
-9.461444881889763
 20
-11.19948031496063
 30
0.0
 10
-9.326181102362204
 20
-11.19374803149606
 30
0.0
  0
SPLINE
  5
99
330
1F
100
AcDbEntity
  8
Layer 1
 62
   250
370
     9
100
AcDbSpline
210
0.0
220
0.0
230
1.0
 70
    11
 71
     3
 72
    17
 73
    13
 74
     0
 42
0.0000000001
 43
0.0000000001
 40
0.0
 40
0.0
 40
0.0
 40
0.0
 40
0.25
 40
0.25
 40
0.25
 40
0.5
 40
0.5
 40
0.5
 40
0.75
 40
0.75
 40
0.75
 40
1.0
 40
1.0
 40
1.0
 40
1.0
 10
-11.32990551181102
 20
-9.56511811023622
 30
0.0
 10
-11.32990551181102
 20
-9.56511811023622
 30
0.0
 10
-11.45470078740157
 20
-9.56511811023622
 30
0.0
 10
-11.45470078740157
 20
-9.56511811023622
 30
0.0
 10
-11.44141732283465
 20
-9.304488188976379
 30
0.0
 10
-11.45850787401575
 20
-9.046318897637795
 30
0.0
 10
-11.44683464566929
 20
-8.788681102362204
 30
0.0
 10
-11.44683464566929
 20
-8.788681102362204
 30
0.0
 10
-11.32990551181102
 20
-8.788681102362204
 30
0.0
 10
-11.32990551181102
 20
-8.788681102362204
 30
0.0
 10
-11.33809842519685
 20
-9.047192913385826
 30
0.0
 10
-11.34170866141732
 20
-9.306669291338583
 30
0.0
 10
-11.32990551181102
 20
-9.56511811023622
 30
0.0
  0
SPLINE
  5
9A
330
1F
100
AcDbEntity
  8
Layer 1
 62
   250
370
     9
100
AcDbSpline
210
0.0
220
0.0
230
1.0
 70
    11
 71
     3
 72
    17
 73
    13
 74
     0
 42
0.0000000001
 43
0.0000000001
 40
0.0
 40
0.0
 40
0.0
 40
0.0
 40
0.25
 40
0.25
 40
0.25
 40
0.5
 40
0.5
 40
0.5
 40
0.75
 40
0.75
 40
0.75
 40
1.0
 40
1.0
 40
1.0
 40
1.0
 10
-15.73797637795276
 20
-9.625811023622047
 30
0.0
 10
-15.73797637795276
 20
-9.625811023622047
 30
0.0
 10
-15.86277165354331
 20
-9.625811023622047
 30
0.0
 10
-15.86277165354331
 20
-9.625811023622047
 30
0.0
 10
-15.84948818897638
 20
-9.36517716535433
 30
0.0
 10
-15.86657874015748
 20
-9.107007874015748
 30
0.0
 10
-15.85490551181102
 20
-8.849370078740158
 30
0.0
 10
-15.85490551181102
 20
-8.849370078740158
 30
0.0
 10
-15.73797637795276
 20
-8.849370078740158
 30
0.0
 10
-15.73797637795276
 20
-8.849370078740158
 30
0.0
 10
-15.74616929133858
 20
-9.10788188976378
 30
0.0
 10
-15.74978346456693
 20
-9.36736220472441
 30
0.0
 10
-15.73797637795276
 20
-9.625811023622047
 30
0.0
  0
SPLINE
  5
9B
330
1F
100
AcDbEntity
  8
Layer 1
 62
   250
370
     9
100
AcDbSpline
210
0.0
220
0.0
230
1.0
 70
    11
 71
     3
 72
    17
 73
    13
 74
     0
 42
0.0000000001
 43
0.0000000001
 40
0.0
 40
0.0
 40
0.0
 40
0.0
 40
0.25
 40
0.25
 40
0.25
 40
0.5
 40
0.5
 40
0.5
 40
0.75
 40
0.75
 40
0.75
 40
1.0
 40
1.0
 40
1.0
 40
1.0
 10
-16.11665748031496
 20
-9.625811023622047
 30
0.0
 10
-16.11665748031496
 20
-9.625811023622047
 30
0.0
 10
-16.24145275590551
 20
-9.625811023622047
 30
0.0
 10
-16.24145275590551
 20
-9.625811023622047
 30
0.0
 10
-16.22816929133858
 20
-9.36517716535433
 30
0.0
 10
-16.24525984251969
 20
-9.107007874015748
 30
0.0
 10
-16.23358661417323
 20
-8.849370078740158
 30
0.0
 10
-16.23358661417323
 20
-8.849370078740158
 30
0.0
 10
-16.11665748031496
 20
-8.849370078740158
 30
0.0
 10
-16.11665748031496
 20
-8.849370078740158
 30
0.0
 10
-16.12485039370079
 20
-9.10788188976378
 30
0.0
 10
-16.12846456692913
 20
-9.36736220472441
 30
0.0
 10
-16.11665748031496
 20
-9.625811023622047
 30
0.0
  0
SPLINE
  5
9C
330
1F
100
AcDbEntity
  8
Layer 1
 62
   250
370
     9
100
AcDbSpline
210
0.0
220
0.0
230
1.0
 70
    11
 71
     3
 72
    29
 73
    25
 74
     0
 42
0.0000000001
 43
0.0000000001
 40
0.0
 40
0.0
 40
0.0
 40
0.0
 40
0.125
 40
0.125
 40
0.125
 40
0.25
 40
0.25
 40
0.25
 40
0.375
 40
0.375
 40
0.375
 40
0.5
 40
0.5
 40
0.5
 40
0.625
 40
0.625
 40
0.625
 40
0.75
 40
0.75
 40
0.75
 40
0.875
 40
0.875
 40
0.875
 40
1.0
 40
1.0
 40
1.0
 40
1.0
 10
-17.02446062992126
 20
-10.93794488188976
 30
0.0
 10
-17.02446062992126
 20
-11.05477165354331
 30
0.0
 10
-17.05335826771654
 20
-11.15242125984252
 30
0.0
 10
-17.11114566929134
 20
-11.23137795275591
 30
0.0
 10
-17.16918503937008
 20
-11.31009448818898
 30
0.0
 10
-17.25088976377953
 20
-11.34944881889764
 30
0.0
 10
-17.35650787401575
 20
-11.34944881889764
 30
0.0
 10
-17.45764566929134
 20
-11.34944881889764
 30
0.0
 10
-17.53511811023622
 20
-11.31358267716536
 30
0.0
 10
-17.58917322834646
 20
-11.24159842519685
 30
0.0
 10
-17.64322440944882
 20
-11.16960236220472
 30
0.0
 10
-17.67012598425197
 20
-11.07768503937008
 30
0.0
 10
-17.67012598425197
 20
-10.96633464566929
 30
0.0
 10
-17.67012598425197
 20
-10.84950787401575
 30
0.0
 10
-17.64122834645669
 20
-10.75186614173228
 30
0.0
 10
-17.58343700787401
 20
-10.67290157480315
 30
0.0
 10
-17.52540157480315
 20
-10.59418503937008
 30
0.0
 10
-17.4436968503937
 20
-10.55483070866142
 30
0.0
 10
-17.33807874015748
 20
-10.55483070866142
 30
0.0
 10
-17.23694094488189
 20
-10.55483070866142
 30
0.0
 10
-17.15947637795276
 20
-10.5906968503937
 30
0.0
 10
-17.10542125984252
 20
-10.66268897637795
 30
0.0
 10
-17.05136614173228
 20
-10.73467716535433
 30
0.0
 10
-17.02446062992126
 20
-10.82659448818898
 30
0.0
 10
-17.02446062992126
 20
-10.93794488188976
 30
0.0
  0
SPLINE
  5
9D
330
1F
100
AcDbEntity
  8
Layer 1
 62
   250
370
     9
100
AcDbSpline
210
0.0
220
0.0
230
1.0
 70
    11
 71
     3
 72
    29
 73
    25
 74
     0
 42
0.0000000001
 43
0.0000000001
 40
0.0
 40
0.0
 40
0.0
 40
0.0
 40
0.125
 40
0.125
 40
0.125
 40
0.25
 40
0.25
 40
0.25
 40
0.375
 40
0.375
 40
0.375
 40
0.5
 40
0.5
 40
0.5
 40
0.625
 40
0.625
 40
0.625
 40
0.75
 40
0.75
 40
0.75
 40
0.875
 40
0.875
 40
0.875
 40
1.0
 40
1.0
 40
1.0
 40
1.0
 10
-17.14776377952756
 20
-10.96708661417323
 30
0.0
 10
-17.14776377952756
 20
-10.87118503937008
 30
0.0
 10
-17.16595275590551
 20
-10.79446456692913
 30
0.0
 10
-17.2023188976378
 20
-10.73641732283465
 30
0.0
 10
-17.23893700787401
 20
-10.67862598425197
 30
0.0
 10
-17.28925590551181
 20
-10.65023622047244
 30
0.0
 10
-17.35351968503937
 20
-10.65123228346457
 30
0.0
 10
-17.41529527559055
 20
-10.65123228346457
 30
0.0
 10
-17.46287401574803
 20
-10.67862598425197
 30
0.0
 10
-17.49650393700787
 20
-10.7336811023622
 30
0.0
 10
-17.53013385826772
 20
-10.7884842519685
 30
0.0
 10
-17.54682283464567
 20
-10.85648818897638
 30
0.0
 10
-17.54682283464567
 20
-10.93719291338583
 30
0.0
 10
-17.54682283464567
 20
-11.03310236220472
 30
0.0
 10
-17.52864173228346
 20
-11.10982283464567
 30
0.0
 10
-17.49227165354331
 20
-11.16786220472441
 30
0.0
 10
-17.45564960629921
 20
-11.22565354330709
 30
0.0
 10
-17.40533070866142
 20
-11.25405118110236
 30
0.0
 10
-17.34106692913386
 20
-11.25305511811024
 30
0.0
 10
-17.28476771653543
 20
-11.25305511811024
 30
0.0
 10
-17.23843307086614
 20
-11.2278937007874
 30
0.0
 10
-17.20207480314961
 20
-11.17732283464567
 30
0.0
 10
-17.16595275590551
 20
-11.12675590551181
 30
0.0
 10
-17.14776377952756
 20
-11.05651181102362
 30
0.0
 10
-17.14776377952756
 20
-10.96708661417323
 30
0.0
  0
SPLINE
  5
9E
330
1F
100
AcDbEntity
  8
Layer 1
 62
   250
370
     9
100
AcDbSpline
210
0.0
220
0.0
230
1.0
 70
    11
 71
     3
 72
    17
 73
    13
 74
     0
 42
0.0000000001
 43
0.0000000001
 40
0.0
 40
0.0
 40
0.0
 40
0.0
 40
0.25
 40
0.25
 40
0.25
 40
0.5
 40
0.5
 40
0.5
 40
0.75
 40
0.75
 40
0.75
 40
1.0
 40
1.0
 40
1.0
 40
1.0
 10
-17.77975590551181
 20
-11.33019291338583
 30
0.0
 10
-17.77975590551181
 20
-11.33019291338583
 30
0.0
 10
-17.90455511811023
 20
-11.33019291338583
 30
0.0
 10
-17.90455511811023
 20
-11.33019291338583
 30
0.0
 10
-17.89127165354331
 20
-11.06956299212598
 30
0.0
 10
-17.90835826771654
 20
-10.81138976377953
 30
0.0
 10
-17.89668503937008
 20
-10.55375196850394
 30
0.0
 10
-17.89668503937008
 20
-10.55375196850394
 30
0.0
 10
-17.77975590551181
 20
-10.55375196850394
 30
0.0
 10
-17.77975590551181
 20
-10.55375196850394
 30
0.0
 10
-17.78794881889764
 20
-10.81226377952756
 30
0.0
 10
-17.79156299212599
 20
-11.07174409448819
 30
0.0
 10
-17.77975590551181
 20
-11.33019291338583
 30
0.0
  0
SPLINE
  5
9F
330
1F
100
AcDbEntity
  8
Layer 1
 62
   250
370
    20
100
AcDbSpline
210
0.0
220
0.0
230
1.0
 70
    11
 71
     3
 72
    17
 73
    13
 74
     0
 42
0.0000000001
 43
0.0000000001
 40
0.0
 40
0.0
 40
0.0
 40
0.0
 40
0.25
 40
0.25
 40
0.25
 40
0.5
 40
0.5
 40
0.5
 40
0.75
 40
0.75
 40
0.75
 40
1.0
 40
1.0
 40
1.0
 40
1.0
 10
-13.6279094488189
 20
-10.07515354330709
 30
0.0
 10
-11.83342519685039
 20
-10.07515354330709
 30
0.0
 10
-10.37870472440945
 20
-11.52987401574803
 30
0.0
 10
-10.37870472440945
 20
-13.32435826771654
 30
0.0
 10
-10.37870472440945
 20
-15.11884251968504
 30
0.0
 10
-11.83342519685039
 20
-16.57356299212599
 30
0.0
 10
-13.6279094488189
 20
-16.57356299212599
 30
0.0
 10
-15.4223937007874
 20
-16.57356299212599
 30
0.0
 10
-16.87711417322835
 20
-15.11884251968504
 30
0.0
 10
-16.87711417322835
 20
-13.32435826771654
 30
0.0
 10
-16.87711417322835
 20
-11.52987401574803
 30
0.0
 10
-15.4223937007874
 20
-10.07515354330709
 30
0.0
 10
-13.6279094488189
 20
-10.07515354330709
 30
0.0
  0
SPLINE
  5
A0
330
1F
100
AcDbEntity
  8
Layer 1
 62
   250
370
    20
100
AcDbSpline
210
0.0
220
0.0
230
1.0
 70
    11
 71
     3
 72
    29
 73
    25
 74
     0
 42
0.0000000001
 43
0.0000000001
 40
0.0
 40
0.0
 40
0.0
 40
0.0
 40
0.125
 40
0.125
 40
0.125
 40
0.25
 40
0.25
 40
0.25
 40
0.375
 40
0.375
 40
0.375
 40
0.5
 40
0.5
 40
0.5
 40
0.625
 40
0.625
 40
0.625
 40
0.75
 40
0.75
 40
0.75
 40
0.875
 40
0.875
 40
0.875
 40
1.0
 40
1.0
 40
1.0
 40
1.0
 10
-15.00887795275591
 20
-10.93245669291339
 30
0.0
 10
-15.00887795275591
 20
-10.93245669291339
 30
0.0
 10
-15.00887401574803
 20
-10.93245275590551
 30
0.0
 10
-15.00887401574803
 20
-10.93245275590551
 30
0.0
 10
-14.98812992125984
 20
-10.92047637795276
 30
0.0
 10
-14.96137007874016
 20
-10.92764960629921
 30
0.0
 10
-14.94939763779528
 20
-10.94838976377953
 30
0.0
 10
-14.94939763779528
 20
-10.94838976377953
 30
0.0
 10
-14.73166141732283
 20
-11.32551181102362
 30
0.0
 10
-14.73166141732283
 20
-11.32551181102362
 30
0.0
 10
-14.71968897637795
 20
-11.34625590551181
 30
0.0
 10
-14.72685433070866
 20
-11.3730157480315
 30
0.0
 10
-14.74760236220472
 20
-11.38499212598425
 30
0.0
 10
-14.74760236220472
 20
-11.38499212598425
 30
0.0
 10
-14.7476062992126
 20
-11.38499606299213
 30
0.0
 10
-14.7476062992126
 20
-11.38499606299213
 30
0.0
 10
-14.76835039370079
 20
-11.39697244094488
 30
0.0
 10
-14.79511023622047
 20
-11.38979921259843
 30
0.0
 10
-14.80708267716535
 20
-11.36905905511811
 30
0.0
 10
-14.80708267716535
 20
-11.36905905511811
 30
0.0
 10
-15.02482283464567
 20
-10.99193700787402
 30
0.0
 10
-15.02482283464567
 20
-10.99193700787402
 30
0.0
 10
-15.03679133858268
 20
-10.97119291338583
 30
0.0
 10
-15.02962598425197
 20
-10.94443307086614
 30
0.0
 10
-15.00887795275591
 20
-10.93245669291339
 30
0.0
  0
SPLINE
  5
A1
330
1F
100
AcDbEntity
  8
Layer 1
 62
   250
370
    20
100
AcDbSpline
210
0.0
220
0.0
230
1.0
 70
    11
 71
     3
 72
    29
 73
    25
 74
     0
 42
0.0000000001
 43
0.0000000001
 40
0.0
 40
0.0
 40
0.0
 40
0.0
 40
0.125
 40
0.125
 40
0.125
 40
0.25
 40
0.25
 40
0.25
 40
0.375
 40
0.375
 40
0.375
 40
0.5
 40
0.5
 40
0.5
 40
0.625
 40
0.625
 40
0.625
 40
0.75
 40
0.75
 40
0.75
 40
0.875
 40
0.875
 40
0.875
 40
1.0
 40
1.0
 40
1.0
 40
1.0
 10
-16.01981496062992
 20
-11.94339763779528
 30
0.0
 10
-16.01981496062992
 20
-11.94339763779528
 30
0.0
 10
-16.01981496062992
 20
-11.9433937007874
 30
0.0
 10
-16.01981496062992
 20
-11.9433937007874
 30
0.0
 10
-16.00783464566929
 20
-11.92264566929134
 30
0.0
 10
-15.98107874015748
 20
-11.91547637795276
 30
0.0
 10
-15.96033858267717
 20
-11.92744881889764
 30
0.0
 10
-15.96033858267717
 20
-11.92744881889764
 30
0.0
 10
-15.58320866141732
 20
-12.14518897637795
 30
0.0
 10
-15.58320866141732
 20
-12.14518897637795
 30
0.0
 10
-15.56246850393701
 20
-12.15715748031496
 30
0.0
 10
-15.55529527559055
 20
-12.18392125984252
 30
0.0
 10
-15.56727559055118
 20
-12.20466535433071
 30
0.0
 10
-15.56727559055118
 20
-12.20466535433071
 30
0.0
 10
-15.56727559055118
 20
-12.20466929133858
 30
0.0
 10
-15.56727559055118
 20
-12.20466929133858
 30
0.0
 10
-15.57925196850394
 20
-12.22541338582677
 30
0.0
 10
-15.60601181102362
 20
-12.23258267716535
 30
0.0
 10
-15.62675590551181
 20
-12.22061023622047
 30
0.0
 10
-15.62675590551181
 20
-12.22061023622047
 30
0.0
 10
-16.00388188976378
 20
-12.00287401574803
 30
0.0
 10
-16.00388188976378
 20
-12.00287401574803
 30
0.0
 10
-16.02462204724409
 20
-11.99090157480315
 30
0.0
 10
-16.03179133858268
 20
-11.96413779527559
 30
0.0
 10
-16.01981496062992
 20
-11.94339763779528
 30
0.0
  0
SPLINE
  5
A2
330
1F
100
AcDbEntity
  8
Layer 1
 62
   250
370
    20
100
AcDbSpline
210
0.0
220
0.0
230
1.0
 70
    11
 71
     3
 72
    29
 73
    25
 74
     0
 42
0.0000000001
 43
0.0000000001
 40
0.0
 40
0.0
 40
0.0
 40
0.0
 40
0.125
 40
0.125
 40
0.125
 40
0.25
 40
0.25
 40
0.25
 40
0.375
 40
0.375
 40
0.375
 40
0.5
 40
0.5
 40
0.5
 40
0.625
 40
0.625
 40
0.625
 40
0.75
 40
0.75
 40
0.75
 40
0.875
 40
0.875
 40
0.875
 40
1.0
 40
1.0
 40
1.0
 40
1.0
 10
-16.38984645669291
 20
-13.32436220472441
 30
0.0
 10
-16.38984645669291
 20
-13.32436220472441
 30
0.0
 10
-16.38984645669291
 20
-13.32435826771654
 30
0.0
 10
-16.38984645669291
 20
-13.32435826771654
 30
0.0
 10
-16.38984645669291
 20
-13.30040551181102
 30
0.0
 10
-16.37025590551181
 20
-13.28081102362205
 30
0.0
 10
-16.3463031496063
 20
-13.28081102362205
 30
0.0
 10
-16.3463031496063
 20
-13.28081102362205
 30
0.0
 10
-15.91083464566929
 20
-13.28081102362205
 30
0.0
 10
-15.91083464566929
 20
-13.28081102362205
 30
0.0
 10
-15.88688188976378
 20
-13.28081102362205
 30
0.0
 10
-15.86729527559055
 20
-13.30040551181102
 30
0.0
 10
-15.86729527559055
 20
-13.32435826771654
 30
0.0
 10
-15.86729527559055
 20
-13.32435826771654
 30
0.0
 10
-15.86729527559055
 20
-13.32436220472441
 30
0.0
 10
-15.86729527559055
 20
-13.32436220472441
 30
0.0
 10
-15.86729527559055
 20
-13.34831102362205
 30
0.0
 10
-15.88688188976378
 20
-13.36790551181102
 30
0.0
 10
-15.91083464566929
 20
-13.36790551181102
 30
0.0
 10
-15.91083464566929
 20
-13.36790551181102
 30
0.0
 10
-16.3463031496063
 20
-13.36790551181102
 30
0.0
 10
-16.3463031496063
 20
-13.36790551181102
 30
0.0
 10
-16.37025590551181
 20
-13.36790551181102
 30
0.0
 10
-16.38984645669291
 20
-13.34831102362205
 30
0.0
 10
-16.38984645669291
 20
-13.32436220472441
 30
0.0
  0
SPLINE
  5
A3
330
1F
100
AcDbEntity
  8
Layer 1
 62
   250
370
    20
100
AcDbSpline
210
0.0
220
0.0
230
1.0
 70
    11
 71
     3
 72
    29
 73
    25
 74
     0
 42
0.0000000001
 43
0.0000000001
 40
0.0
 40
0.0
 40
0.0
 40
0.0
 40
0.125
 40
0.125
 40
0.125
 40
0.25
 40
0.25
 40
0.25
 40
0.375
 40
0.375
 40
0.375
 40
0.5
 40
0.5
 40
0.5
 40
0.625
 40
0.625
 40
0.625
 40
0.75
 40
0.75
 40
0.75
 40
0.875
 40
0.875
 40
0.875
 40
1.0
 40
1.0
 40
1.0
 40
1.0
 10
-16.01981102362205
 20
-14.70532677165354
 30
0.0
 10
-16.01981102362205
 20
-14.70532677165354
 30
0.0
 10
-16.01981496062992
 20
-14.70532283464567
 30
0.0
 10
-16.01981496062992
 20
-14.70532283464567
 30
0.0
 10
-16.03179133858268
 20
-14.68457874015748
 30
0.0
 10
-16.02461811023622
 20
-14.6578188976378
 30
0.0
 10
-16.00387795275591
 20
-14.64584645669291
 30
0.0
 10
-16.00387795275591
 20
-14.64584645669291
 30
0.0
 10
-15.62675590551181
 20
-14.42811023622047
 30
0.0
 10
-15.62675590551181
 20
-14.42811023622047
 30
0.0
 10
-15.60601181102362
 20
-14.41613779527559
 30
0.0
 10
-15.57925196850394
 20
-14.4233031496063
 30
0.0
 10
-15.56727559055118
 20
-14.44405118110236
 30
0.0
 10
-15.56727559055118
 20
-14.44405118110236
 30
0.0
 10
-15.56727165354331
 20
-14.44405511811024
 30
0.0
 10
-15.56727165354331
 20
-14.44405511811024
 30
0.0
 10
-15.55529527559055
 20
-14.46479921259843
 30
0.0
 10
-15.56246850393701
 20
-14.49155905511811
 30
0.0
 10
-15.58320866141732
 20
-14.50353149606299
 30
0.0
 10
-15.58320866141732
 20
-14.50353149606299
 30
0.0
 10
-15.96033070866142
 20
-14.72127165354331
 30
0.0
 10
-15.96033070866142
 20
-14.72127165354331
 30
0.0
 10
-15.98107480314961
 20
-14.73324015748032
 30
0.0
 10
-16.00783464566929
 20
-14.72607480314961
 30
0.0
 10
-16.01981102362205
 20
-14.70532677165354
 30
0.0
  0
SPLINE
  5
A4
330
1F
100
AcDbEntity
  8
Layer 1
 62
   250
370
    20
100
AcDbSpline
210
0.0
220
0.0
230
1.0
 70
    11
 71
     3
 72
    29
 73
    25
 74
     0
 42
0.0000000001
 43
0.0000000001
 40
0.0
 40
0.0
 40
0.0
 40
0.0
 40
0.125
 40
0.125
 40
0.125
 40
0.25
 40
0.25
 40
0.25
 40
0.375
 40
0.375
 40
0.375
 40
0.5
 40
0.5
 40
0.5
 40
0.625
 40
0.625
 40
0.625
 40
0.75
 40
0.75
 40
0.75
 40
0.875
 40
0.875
 40
0.875
 40
1.0
 40
1.0
 40
1.0
 40
1.0
 10
-15.00887007874016
 20
-15.71626377952756
 30
0.0
 10
-15.00887007874016
 20
-15.71626377952756
 30
0.0
 10
-15.00887401574803
 20
-15.71626377952756
 30
0.0
 10
-15.00887401574803
 20
-15.71626377952756
 30
0.0
 10
-15.02962204724409
 20
-15.70428346456693
 30
0.0
 10
-15.03679133858268
 20
-15.67752755905512
 30
0.0
 10
-15.02481889763779
 20
-15.6567874015748
 30
0.0
 10
-15.02481889763779
 20
-15.6567874015748
 30
0.0
 10
-14.80707874015748
 20
-15.27965748031496
 30
0.0
 10
-14.80707874015748
 20
-15.27965748031496
 30
0.0
 10
-14.79511023622047
 20
-15.25891732283465
 30
0.0
 10
-14.76834645669291
 20
-15.25174409448819
 30
0.0
 10
-14.74760236220472
 20
-15.26372440944882
 30
0.0
 10
-14.74760236220472
 20
-15.26372440944882
 30
0.0
 10
-14.74759842519685
 20
-15.26372440944882
 30
0.0
 10
-14.74759842519685
 20
-15.26372440944882
 30
0.0
 10
-14.72685433070866
 20
-15.27570078740158
 30
0.0
 10
-14.71968503937008
 20
-15.30246062992126
 30
0.0
 10
-14.73165748031496
 20
-15.32320472440945
 30
0.0
 10
-14.73165748031496
 20
-15.32320472440945
 30
0.0
 10
-14.9493937007874
 20
-15.70033070866142
 30
0.0
 10
-14.9493937007874
 20
-15.70033070866142
 30
0.0
 10
-14.96136614173228
 20
-15.72107086614173
 30
0.0
 10
-14.98812992125984
 20
-15.72824015748031
 30
0.0
 10
-15.00887007874016
 20
-15.71626377952756
 30
0.0
  0
SPLINE
  5
A5
330
1F
100
AcDbEntity
  8
Layer 1
 62
   250
370
    20
100
AcDbSpline
210
0.0
220
0.0
230
1.0
 70
    11
 71
     3
 72
    29
 73
    25
 74
     0
 42
0.0000000001
 43
0.0000000001
 40
0.0
 40
0.0
 40
0.0
 40
0.0
 40
0.125
 40
0.125
 40
0.125
 40
0.25
 40
0.25
 40
0.25
 40
0.375
 40
0.375
 40
0.375
 40
0.5
 40
0.5
 40
0.5
 40
0.625
 40
0.625
 40
0.625
 40
0.75
 40
0.75
 40
0.75
 40
0.875
 40
0.875
 40
0.875
 40
1.0
 40
1.0
 40
1.0
 40
1.0
 10
-13.62790551181102
 20
-16.08629527559055
 30
0.0
 10
-13.62790551181102
 20
-16.08629527559055
 30
0.0
 10
-13.6279094488189
 20
-16.08629527559055
 30
0.0
 10
-13.6279094488189
 20
-16.08629527559055
 30
0.0
 10
-13.65186220472441
 20
-16.08629527559055
 30
0.0
 10
-13.67145669291339
 20
-16.06670472440945
 30
0.0
 10
-13.67145669291339
 20
-16.04275196850394
 30
0.0
 10
-13.67145669291339
 20
-16.04275196850394
 30
0.0
 10
-13.67145669291339
 20
-15.60728346456693
 30
0.0
 10
-13.67145669291339
 20
-15.60728346456693
 30
0.0
 10
-13.67145669291339
 20
-15.58333070866142
 30
0.0
 10
-13.65186220472441
 20
-15.56374409448819
 30
0.0
 10
-13.6279094488189
 20
-15.56374409448819
 30
0.0
 10
-13.6279094488189
 20
-15.56374409448819
 30
0.0
 10
-13.62790551181102
 20
-15.56374409448819
 30
0.0
 10
-13.62790551181102
 20
-15.56374409448819
 30
0.0
 10
-13.60395669291339
 20
-15.56374409448819
 30
0.0
 10
-13.58436220472441
 20
-15.58333070866142
 30
0.0
 10
-13.58436220472441
 20
-15.60728346456693
 30
0.0
 10
-13.58436220472441
 20
-15.60728346456693
 30
0.0
 10
-13.58436220472441
 20
-16.04275196850394
 30
0.0
 10
-13.58436220472441
 20
-16.04275196850394
 30
0.0
 10
-13.58436220472441
 20
-16.06670472440945
 30
0.0
 10
-13.60395669291339
 20
-16.08629527559055
 30
0.0
 10
-13.62790551181102
 20
-16.08629527559055
 30
0.0
  0
SPLINE
  5
A6
330
1F
100
AcDbEntity
  8
Layer 1
 62
   250
370
    20
100
AcDbSpline
210
0.0
220
0.0
230
1.0
 70
    11
 71
     3
 72
    29
 73
    25
 74
     0
 42
0.0000000001
 43
0.0000000001
 40
0.0
 40
0.0
 40
0.0
 40
0.0
 40
0.125
 40
0.125
 40
0.125
 40
0.25
 40
0.25
 40
0.25
 40
0.375
 40
0.375
 40
0.375
 40
0.5
 40
0.5
 40
0.5
 40
0.625
 40
0.625
 40
0.625
 40
0.75
 40
0.75
 40
0.75
 40
0.875
 40
0.875
 40
0.875
 40
1.0
 40
1.0
 40
1.0
 40
1.0
 10
-12.24694094488189
 20
-15.71625984251969
 30
0.0
 10
-12.24694094488189
 20
-15.71625984251969
 30
0.0
 10
-12.24694488188976
 20
-15.71626377952756
 30
0.0
 10
-12.24694488188976
 20
-15.71626377952756
 30
0.0
 10
-12.26768897637795
 20
-15.72824015748031
 30
0.0
 10
-12.29444881889764
 20
-15.72106692913386
 30
0.0
 10
-12.30642125984252
 20
-15.70032677165354
 30
0.0
 10
-12.30642125984252
 20
-15.70032677165354
 30
0.0
 10
-12.52415748031496
 20
-15.32320472440945
 30
0.0
 10
-12.52415748031496
 20
-15.32320472440945
 30
0.0
 10
-12.53612992125984
 20
-15.30246062992126
 30
0.0
 10
-12.52896456692913
 20
-15.27570078740158
 30
0.0
 10
-12.50821653543307
 20
-15.26372440944882
 30
0.0
 10
-12.50821653543307
 20
-15.26372440944882
 30
0.0
 10
-12.5082125984252
 20
-15.26372047244094
 30
0.0
 10
-12.5082125984252
 20
-15.26372047244094
 30
0.0
 10
-12.48746850393701
 20
-15.25174409448819
 30
0.0
 10
-12.46070866141732
 20
-15.25891732283465
 30
0.0
 10
-12.44873622047244
 20
-15.27965748031496
 30
0.0
 10
-12.44873622047244
 20
-15.27965748031496
 30
0.0
 10
-12.23099606299213
 20
-15.65677952755905
 30
0.0
 10
-12.23099606299213
 20
-15.65677952755905
 30
0.0
 10
-12.21902755905512
 20
-15.67752362204724
 30
0.0
 10
-12.22619291338583
 20
-15.70428346456693
 30
0.0
 10
-12.24694094488189
 20
-15.71625984251969
 30
0.0
  0
SPLINE
  5
A7
330
1F
100
AcDbEntity
  8
Layer 1
 62
   250
370
    20
100
AcDbSpline
210
0.0
220
0.0
230
1.0
 70
    11
 71
     3
 72
    29
 73
    25
 74
     0
 42
0.0000000001
 43
0.0000000001
 40
0.0
 40
0.0
 40
0.0
 40
0.0
 40
0.125
 40
0.125
 40
0.125
 40
0.25
 40
0.25
 40
0.25
 40
0.375
 40
0.375
 40
0.375
 40
0.5
 40
0.5
 40
0.5
 40
0.625
 40
0.625
 40
0.625
 40
0.75
 40
0.75
 40
0.75
 40
0.875
 40
0.875
 40
0.875
 40
1.0
 40
1.0
 40
1.0
 40
1.0
 10
-11.23600393700787
 20
-14.7053188976378
 30
0.0
 10
-11.23600393700787
 20
-14.7053188976378
 30
0.0
 10
-11.23600393700787
 20
-14.70532283464567
 30
0.0
 10
-11.23600393700787
 20
-14.70532283464567
 30
0.0
 10
-11.2479842519685
 20
-14.72607086614173
 30
0.0
 10
-11.27474015748031
 20
-14.73324015748032
 30
0.0
 10
-11.29548031496063
 20
-14.72126771653543
 30
0.0
 10
-11.29548031496063
 20
-14.72126771653543
 30
0.0
 10
-11.67261023622047
 20
-14.50352755905512
 30
0.0
 10
-11.67261023622047
 20
-14.50352755905512
 30
0.0
 10
-11.69335039370079
 20
-14.49155905511811
 30
0.0
 10
-11.70052362204724
 20
-14.46479527559055
 30
0.0
 10
-11.68854330708661
 20
-14.44405118110236
 30
0.0
 10
-11.68854330708661
 20
-14.44405118110236
 30
0.0
 10
-11.68854330708661
 20
-14.44404724409449
 30
0.0
 10
-11.68854330708661
 20
-14.44404724409449
 30
0.0
 10
-11.67656692913386
 20
-14.4233031496063
 30
0.0
 10
-11.64980708661417
 20
-14.41613385826772
 30
0.0
 10
-11.62906299212598
 20
-14.4281062992126
 30
0.0
 10
-11.62906299212598
 20
-14.4281062992126
 30
0.0
 10
-11.25193700787402
 20
-14.64584251968504
 30
0.0
 10
-11.25193700787402
 20
-14.64584251968504
 30
0.0
 10
-11.2311968503937
 20
-14.65781496062992
 30
0.0
 10
-11.22402755905512
 20
-14.68457874015748
 30
0.0
 10
-11.23600393700787
 20
-14.7053188976378
 30
0.0
  0
SPLINE
  5
A8
330
1F
100
AcDbEntity
  8
Layer 1
 62
   250
370
    20
100
AcDbSpline
210
0.0
220
0.0
230
1.0
 70
    11
 71
     3
 72
    29
 73
    25
 74
     0
 42
0.0000000001
 43
0.0000000001
 40
0.0
 40
0.0
 40
0.0
 40
0.0
 40
0.125
 40
0.125
 40
0.125
 40
0.25
 40
0.25
 40
0.25
 40
0.375
 40
0.375
 40
0.375
 40
0.5
 40
0.5
 40
0.5
 40
0.625
 40
0.625
 40
0.625
 40
0.75
 40
0.75
 40
0.75
 40
0.875
 40
0.875
 40
0.875
 40
1.0
 40
1.0
 40
1.0
 40
1.0
 10
-10.86597244094488
 20
-13.32435433070866
 30
0.0
 10
-10.86597244094488
 20
-13.32435433070866
 30
0.0
 10
-10.86597244094488
 20
-13.32435826771654
 30
0.0
 10
-10.86597244094488
 20
-13.32435826771654
 30
0.0
 10
-10.86597244094488
 20
-13.34831102362205
 30
0.0
 10
-10.88556299212599
 20
-13.36790551181102
 30
0.0
 10
-10.9095157480315
 20
-13.36790551181102
 30
0.0
 10
-10.9095157480315
 20
-13.36790551181102
 30
0.0
 10
-11.3449842519685
 20
-13.36790551181102
 30
0.0
 10
-11.3449842519685
 20
-13.36790551181102
 30
0.0
 10
-11.36893700787402
 20
-13.36790551181102
 30
0.0
 10
-11.38852362204724
 20
-13.34831102362205
 30
0.0
 10
-11.38852362204724
 20
-13.32435826771654
 30
0.0
 10
-11.38852362204724
 20
-13.32435826771654
 30
0.0
 10
-11.38852362204724
 20
-13.32435433070866
 30
0.0
 10
-11.38852362204724
 20
-13.32435433070866
 30
0.0
 10
-11.38852362204724
 20
-13.30040551181102
 30
0.0
 10
-11.36893700787402
 20
-13.28081102362205
 30
0.0
 10
-11.3449842519685
 20
-13.28081102362205
 30
0.0
 10
-11.3449842519685
 20
-13.28081102362205
 30
0.0
 10
-10.9095157480315
 20
-13.28081102362205
 30
0.0
 10
-10.9095157480315
 20
-13.28081102362205
 30
0.0
 10
-10.88556299212599
 20
-13.28081102362205
 30
0.0
 10
-10.86597244094488
 20
-13.30040551181102
 30
0.0
 10
-10.86597244094488
 20
-13.32435433070866
 30
0.0
  0
SPLINE
  5
A9
330
1F
100
AcDbEntity
  8
Layer 1
 62
   250
370
    20
100
AcDbSpline
210
0.0
220
0.0
230
1.0
 70
    11
 71
     3
 72
    29
 73
    25
 74
     0
 42
0.0000000001
 43
0.0000000001
 40
0.0
 40
0.0
 40
0.0
 40
0.0
 40
0.125
 40
0.125
 40
0.125
 40
0.25
 40
0.25
 40
0.25
 40
0.375
 40
0.375
 40
0.375
 40
0.5
 40
0.5
 40
0.5
 40
0.625
 40
0.625
 40
0.625
 40
0.75
 40
0.75
 40
0.75
 40
0.875
 40
0.875
 40
0.875
 40
1.0
 40
1.0
 40
1.0
 40
1.0
 10
-11.23600787401575
 20
-11.94338976377953
 30
0.0
 10
-11.23600787401575
 20
-11.94338976377953
 30
0.0
 10
-11.23600393700787
 20
-11.9433937007874
 30
0.0
 10
-11.23600393700787
 20
-11.9433937007874
 30
0.0
 10
-11.22402755905512
 20
-11.96413779527559
 30
0.0
 10
-11.23120078740157
 20
-11.99089763779527
 30
0.0
 10
-11.25194094488189
 20
-12.00287007874016
 30
0.0
 10
-11.25194094488189
 20
-12.00287007874016
 30
0.0
 10
-11.62906299212598
 20
-12.2206062992126
 30
0.0
 10
-11.62906299212598
 20
-12.2206062992126
 30
0.0
 10
-11.64980708661417
 20
-12.23257874015748
 30
0.0
 10
-11.67656692913386
 20
-12.22541338582677
 30
0.0
 10
-11.68854330708661
 20
-12.20466535433071
 30
0.0
 10
-11.68854330708661
 20
-12.20466535433071
 30
0.0
 10
-11.68854724409449
 20
-12.20466141732283
 30
0.0
 10
-11.68854724409449
 20
-12.20466141732283
 30
0.0
 10
-11.70052362204724
 20
-12.18391732283465
 30
0.0
 10
-11.69335039370079
 20
-12.15715748031496
 30
0.0
 10
-11.67261023622047
 20
-12.14518503937008
 30
0.0
 10
-11.67261023622047
 20
-12.14518503937008
 30
0.0
 10
-11.29548818897638
 20
-11.92744488188976
 30
0.0
 10
-11.29548818897638
 20
-11.92744488188976
 30
0.0
 10
-11.27474409448819
 20
-11.91547637795276
 30
0.0
 10
-11.2479842519685
 20
-11.92264173228346
 30
0.0
 10
-11.23600787401575
 20
-11.94338976377953
 30
0.0
  0
SPLINE
  5
AA
330
1F
100
AcDbEntity
  8
Layer 1
 62
   250
370
    20
100
AcDbSpline
210
0.0
220
0.0
230
1.0
 70
    11
 71
     3
 72
    29
 73
    25
 74
     0
 42
0.0000000001
 43
0.0000000001
 40
0.0
 40
0.0
 40
0.0
 40
0.0
 40
0.125
 40
0.125
 40
0.125
 40
0.25
 40
0.25
 40
0.25
 40
0.375
 40
0.375
 40
0.375
 40
0.5
 40
0.5
 40
0.5
 40
0.625
 40
0.625
 40
0.625
 40
0.75
 40
0.75
 40
0.75
 40
0.875
 40
0.875
 40
0.875
 40
1.0
 40
1.0
 40
1.0
 40
1.0
 10
-12.24694881889764
 20
-10.93245275590551
 30
0.0
 10
-12.24694881889764
 20
-10.93245275590551
 30
0.0
 10
-12.24694488188976
 20
-10.93245275590551
 30
0.0
 10
-12.24694488188976
 20
-10.93245275590551
 30
0.0
 10
-12.2261968503937
 20
-10.94443307086614
 30
0.0
 10
-12.21902755905512
 20
-10.97118897637795
 30
0.0
 10
-12.231
 20
-10.99192913385827
 30
0.0
 10
-12.231
 20
-10.99192913385827
 30
0.0
 10
-12.44874015748032
 20
-11.36905905511811
 30
0.0
 10
-12.44874015748032
 20
-11.36905905511811
 30
0.0
 10
-12.46070866141732
 20
-11.38979921259843
 30
0.0
 10
-12.48747244094488
 20
-11.39697244094488
 30
0.0
 10
-12.50821653543307
 20
-11.38499212598425
 30
0.0
 10
-12.50821653543307
 20
-11.38499212598425
 30
0.0
 10
-12.50822047244094
 20
-11.38499212598425
 30
0.0
 10
-12.50822047244094
 20
-11.38499212598425
 30
0.0
 10
-12.52896456692913
 20
-11.3730157480315
 30
0.0
 10
-12.53613385826772
 20
-11.34625590551181
 30
0.0
 10
-12.52416141732284
 20
-11.32551181102362
 30
0.0
 10
-12.52416141732284
 20
-11.32551181102362
 30
0.0
 10
-12.30642519685039
 20
-10.94838582677165
 30
0.0
 10
-12.30642519685039
 20
-10.94838582677165
 30
0.0
 10
-12.29445275590551
 20
-10.92764566929134
 30
0.0
 10
-12.26768897637795
 20
-10.92047637795276
 30
0.0
 10
-12.24694881889764
 20
-10.93245275590551
 30
0.0
  0
SPLINE
  5
AB
330
1F
100
AcDbEntity
  8
Layer 1
 62
   250
370
    20
100
AcDbSpline
210
0.0
220
0.0
230
1.0
 70
    11
 71
     3
 72
    29
 73
    25
 74
     0
 42
0.0000000001
 43
0.0000000001
 40
0.0
 40
0.0
 40
0.0
 40
0.0
 40
0.125
 40
0.125
 40
0.125
 40
0.25
 40
0.25
 40
0.25
 40
0.375
 40
0.375
 40
0.375
 40
0.5
 40
0.5
 40
0.5
 40
0.625
 40
0.625
 40
0.625
 40
0.75
 40
0.75
 40
0.75
 40
0.875
 40
0.875
 40
0.875
 40
1.0
 40
1.0
 40
1.0
 40
1.0
 10
-13.62791338582677
 20
-10.56242125984252
 30
0.0
 10
-13.62791338582677
 20
-10.56242125984252
 30
0.0
 10
-13.6279094488189
 20
-10.56242125984252
 30
0.0
 10
-13.6279094488189
 20
-10.56242125984252
 30
0.0
 10
-13.60395669291339
 20
-10.56242125984252
 30
0.0
 10
-13.58436220472441
 20
-10.58201181102362
 30
0.0
 10
-13.58436220472441
 20
-10.60596456692913
 30
0.0
 10
-13.58436220472441
 20
-10.60596456692913
 30
0.0
 10
-13.58436220472441
 20
-11.04143307086614
 30
0.0
 10
-13.58436220472441
 20
-11.04143307086614
 30
0.0
 10
-13.58436220472441
 20
-11.06538582677165
 30
0.0
 10
-13.60395669291339
 20
-11.08497244094488
 30
0.0
 10
-13.6279094488189
 20
-11.08497244094488
 30
0.0
 10
-13.6279094488189
 20
-11.08497244094488
 30
0.0
 10
-13.62791338582677
 20
-11.08497244094488
 30
0.0
 10
-13.62791338582677
 20
-11.08497244094488
 30
0.0
 10
-13.65186220472441
 20
-11.08497244094488
 30
0.0
 10
-13.67145669291339
 20
-11.06538582677165
 30
0.0
 10
-13.67145669291339
 20
-11.04143307086614
 30
0.0
 10
-13.67145669291339
 20
-11.04143307086614
 30
0.0
 10
-13.67145669291339
 20
-10.60596456692913
 30
0.0
 10
-13.67145669291339
 20
-10.60596456692913
 30
0.0
 10
-13.67145669291339
 20
-10.58201181102362
 30
0.0
 10
-13.65186220472441
 20
-10.56242125984252
 30
0.0
 10
-13.62791338582677
 20
-10.56242125984252
 30
0.0
  0
SPLINE
  5
AC
330
1F
100
AcDbEntity
  8
Layer 1
 62
   250
370
    20
100
AcDbSpline
210
0.0
220
0.0
230
1.0
 70
    11
 71
     3
 72
    17
 73
    13
 74
     0
 42
0.0000000001
 43
0.0000000001
 40
0.0
 40
0.0
 40
0.0
 40
0.0
 40
0.25
 40
0.25
 40
0.25
 40
0.5
 40
0.5
 40
0.5
 40
0.75
 40
0.75
 40
0.75
 40
1.0
 40
1.0
 40
1.0
 40
1.0
 10
-13.6279094488189
 20
-13.15017716535433
 30
0.0
 10
-13.5317125984252
 20
-13.15017716535433
 30
0.0
 10
-13.45372834645669
 20
-13.22816141732283
 30
0.0
 10
-13.45372834645669
 20
-13.32435826771654
 30
0.0
 10
-13.45372834645669
 20
-13.42055511811024
 30
0.0
 10
-13.5317125984252
 20
-13.49853937007874
 30
0.0
 10
-13.6279094488189
 20
-13.49853937007874
 30
0.0
 10
-13.7241062992126
 20
-13.49853937007874
 30
0.0
 10
-13.8020905511811
 20
-13.42055511811024
 30
0.0
 10
-13.8020905511811
 20
-13.32435826771654
 30
0.0
 10
-13.8020905511811
 20
-13.22816141732283
 30
0.0
 10
-13.7241062992126
 20
-13.15017716535433
 30
0.0
 10
-13.6279094488189
 20
-13.15017716535433
 30
0.0
  0
ENDSEC
  0
SECTION
  2
OBJECTS
  0
DICTIONARY
  5
C
330
0
100
AcDbDictionary
281
     1
  3
ACAD_GROUP
350
D
  3
ACAD_LAYOUT
350
1A
  3
ACAD_MATERIAL
350
43
  3
ACAD_MLEADERSTYLE
350
5B
  3
ACAD_MLINESTYLE
350
17
  3
ACAD_PLOTSETTINGS
350
19
  3
ACAD_PLOTSTYLENAME
350
E
  3
ACAD_SCALELIST
350
47
  3
ACAD_TABLESTYLE
350
59
  3
ACAD_VISUALSTYLE
350
2A
  3
AcDbVariableDictionary
350
AD
  3
DWGPROPS
350
B4
  0
DICTIONARY
  5
B5
330
8
100
AcDbDictionary
280
     1
281
     1
  3
ACAD_XREC_ROUNDTRIP
360
B6
  0
DICTIONARY
  5
D
102
{ACAD_REACTORS
330
C
102
}
330
C
100
AcDbDictionary
281
     1
  0
DICTIONARY
  5
1A
102
{ACAD_REACTORS
330
C
102
}
330
C
100
AcDbDictionary
281
     1
  3
Layout1
350
1E
  3
Layout2
350
26
  3
Model
350
22
  0
DICTIONARY
  5
43
102
{ACAD_REACTORS
330
C
102
}
330
C
100
AcDbDictionary
281
     1
  3
ByBlock
350
45
  3
ByLayer
350
44
  3
Global
350
46
  0
DICTIONARY
  5
5B
102
{ACAD_REACTORS
330
C
102
}
330
C
100
AcDbDictionary
281
     1
  3
Standard
350
5C
  0
DICTIONARY
  5
17
102
{ACAD_REACTORS
330
C
102
}
330
C
100
AcDbDictionary
281
     1
  3
Standard
350
18
  0
DICTIONARY
  5
19
102
{ACAD_REACTORS
330
C
102
}
330
C
100
AcDbDictionary
281
     1
  0
ACDBDICTIONARYWDFLT
  5
E
102
{ACAD_REACTORS
330
C
102
}
330
C
100
AcDbDictionary
281
     1
  3
Normal
350
F
100
AcDbDictionaryWithDefault
340
F
  0
DICTIONARY
  5
47
102
{ACAD_REACTORS
330
C
102
}
330
C
100
AcDbDictionary
281
     1
  3
A0
350
48
  3
A1
350
49
  3
A2
350
4A
  3
A3
350
4B
  3
A4
350
4C
  3
A5
350
4D
  3
A6
350
4E
  3
A7
350
4F
  3
A8
350
50
  3
A9
350
51
  3
B1
350
52
  3
B2
350
53
  3
B3
350
54
  3
B4
350
55
  3
B5
350
56
  3
B6
350
57
  3
B7
350
58
  0
DICTIONARY
  5
59
102
{ACAD_REACTORS
330
C
102
}
330
C
100
AcDbDictionary
281
     1
  3
Standard
350
5A
  0
DICTIONARY
  5
2A
102
{ACAD_REACTORS
330
C
102
}
330
C
100
AcDbDictionary
281
     1
  3
2dWireframe
350
2F
  3
Basic
350
32
  3
Brighten
350
36
  3
ColorChange
350
3A
  3
Conceptual
350
34
  3
Dim
350
35
  3
EdgeColorOff
350
3D
  3
Facepattern
350
39
  3
Flat
350
2B
  3
FlatWithEdges
350
2C
  3
Gouraud
350
2D
  3
GouraudWithEdges
350
2E
  3
Hidden
350
31
  3
JitterOff
350
3B
  3
Linepattern
350
38
  3
OverhangOff
350
3C
  3
Realistic
350
33
  3
Shaded
350
42
  3
Shaded with edges
350
41
  3
Shades of Gray
350
3E
  3
Sketchy
350
3F
  3
Thicken
350
37
  3
Wireframe
350
30
  3
X-Ray
350
40
  0
DICTIONARY
  5
AD
102
{ACAD_REACTORS
330
C
102
}
330
C
100
AcDbDictionary
281
     1
  3
CANNOSCALE
350
B7
  3
CMLEADERSTYLE
350
AF
  3
CTABLESTYLE
350
AE
  3
DIMASSOC
350
B2
  3
HIDETEXT
350
B3
  3
MSLTSCALE
350
B8
  0
XRECORD
  5
B4
102
{ACAD_REACTORS
330
C
102
}
330
C
100
AcDbXrecord
280
     1
  1
DWGPROPS COOKIE
  2

  3

  4

  6

  7

  8
Tanveer
  9

300
=
301
=
302
=
303
=
304
=
305
=
306
=
307
=
308
=
309
=
 40
0.0
 41
2461048.519533229
 42
2461048.519533322
  1

 90
        0
  0
XRECORD
  5
B6
102
{ACAD_REACTORS
330
B5
102
}
330
B5
100
AcDbXrecord
280
     1
102
VTR_0.000_0.000_1.000_1.000_VISUALSTYLE
340
2F
102
VTR_0.000_0.000_1.000_1.000_GRIDDISPLAY
 70
     3
102
VTR_0.000_0.000_1.000_1.000_GRIDMAJOR
 70
     5
102
VTR_0.000_0.000_1.000_1.000_DEFAULTLIGHTING
280
     1
102
VTR_0.000_0.000_1.000_1.000_DEFAULTLIGHTINGTYPE
 70
     1
102
VTR_0.000_0.000_1.000_1.000_BRIGHTNESS
141
0.0
102
VTR_0.000_0.000_1.000_1.000_CONTRAST
142
0.0
  0
LAYOUT
  5
1E
102
{ACAD_REACTORS
330
1A
102
}
330
1A
100
AcDbPlotSettings
  1

  2
none_device
  4

  6

 40
0.0
 41
0.0
 42
0.0
 43
0.0
 44
0.0
 45
0.0
 46
0.0
 47
0.0
 48
0.0
 49
0.0
140
0.0
141
0.0
142
1.0
143
1.0
 70
   688
 72
     0
 73
     0
 74
     5
  7

 75
    16
147
1.0
148
0.0
149
0.0
100
AcDbLayout
  1
Layout1
 70
     1
 71
     1
 10
0.0
 20
0.0
 11
12.0
 21
9.0
 12
0.0
 22
0.0
 32
0.0
 14
1.000000000000000E+20
 24
1.000000000000000E+20
 34
1.000000000000000E+20
 15
-1.000000000000000E+20
 25
-1.000000000000000E+20
 35
-1.000000000000000E+20
146
0.0
 13
0.0
 23
0.0
 33
0.0
 16
1.0
 26
0.0
 36
0.0
 17
0.0
 27
1.0
 37
0.0
 76
     0
330
1B
  0
LAYOUT
  5
26
102
{ACAD_REACTORS
330
1A
102
}
330
1A
100
AcDbPlotSettings
  1

  2
none_device
  4

  6

 40
0.0
 41
0.0
 42
0.0
 43
0.0
 44
0.0
 45
0.0
 46
0.0
 47
0.0
 48
0.0
 49
0.0
140
0.0
141
0.0
142
1.0
143
1.0
 70
   688
 72
     0
 73
     0
 74
     5
  7

 75
    16
147
1.0
148
0.0
149
0.0
100
AcDbLayout
  1
Layout2
 70
     1
 71
     2
 10
0.0
 20
0.0
 11
0.0
 21
0.0
 12
0.0
 22
0.0
 32
0.0
 14
0.0
 24
0.0
 34
0.0
 15
0.0
 25
0.0
 35
0.0
146
0.0
 13
0.0
 23
0.0
 33
0.0
 16
1.0
 26
0.0
 36
0.0
 17
0.0
 27
1.0
 37
0.0
 76
     0
330
23
  0
LAYOUT
  5
22
102
{ACAD_REACTORS
330
1A
102
}
330
1A
100
AcDbPlotSettings
  1

  2
none_device
  4
Letter_(8.50_x_11.00_Inches)
  6

 40
6.35
 41
6.35
 42
6.35000508
 43
6.35000508
 44
215.9
 45
279.4
 46
0.0
 47
0.0
 48
0.0
 49
0.0
140
0.0
141
0.0
142
1.0
143
1.0
 70
  1712
 72
     0
 73
     0
 74
     0
  7

 75
     0
147
1.0
148
0.0
149
0.0
100
AcDbLayout
  1
Model
 70
     1
 71
     0
 10
0.0
 20
0.0
 11
12.0
 21
9.0
 12
0.0
 22
0.0
 32
0.0
 14
-19.53735826771653
 24
-19.23380708661417
 34
0.0
 15
19.53736220472441
 25
19.23380708661417
 35
0.0
146
0.0
 13
0.0
 23
0.0
 33
0.0
 16
1.0
 26
0.0
 36
0.0
 17
0.0
 27
1.0
 37
0.0
 76
     0
330
1F
331
29
  0
MATERIAL
  5
45
102
{ACAD_REACTORS
330
43
102
}
102
{ACAD_XDICTIONARY
360
EB
102
}
330
43
100
AcDbMaterial
  1
ByBlock
  0
MATERIAL
  5
44
102
{ACAD_REACTORS
330
43
102
}
102
{ACAD_XDICTIONARY
360
E9
102
}
330
43
100
AcDbMaterial
  1
ByLayer
  0
MATERIAL
  5
46
102
{ACAD_REACTORS
330
43
102
}
102
{ACAD_XDICTIONARY
360
ED
102
}
330
43
100
AcDbMaterial
  1
Global
  0
MLEADERSTYLE
  5
5C
102
{ACAD_REACTORS
330
5B
102
}
102
{ACAD_XDICTIONARY
360
F0
102
}
330
5B
100
AcDbMLeaderStyle
170
     2
171
     1
172
     0
 90
        2
 40
0.0
 41
0.0
173
     1
 91
-1056964608
340
14
 92
       -2
290
     1
 42
0.09
291
     1
 43
0.36
  3
Standard
341
0
 44
0.18
300

342
11
174
     1
178
     6
175
     1
176
     0
 93
-1056964608
 45
0.18
292
     0
297
     0
 46
0.18
343
0
 94
-1056964608
 47
1.0
 49
1.0
140
1.0
293
     1
141
0.0
294
     1
177
     0
142
1.0
295
     0
296
     0
143
0.125
1001
ACAD_MLEADERVER
1070
     2
  0
MLINESTYLE
  5
18
102
{ACAD_REACTORS
330
17
102
}
330
17
100
AcDbMlineStyle
  2
Standard
 70
     0
  3

 62
   256
 51
90.0
 52
90.0
 71
     2
 49
0.5
 62
   256
  6
BYLAYER
 49
-0.5
 62
   256
  6
BYLAYER
  0
ACDBPLACEHOLDER
  5
F
102
{ACAD_REACTORS
330
E
102
}
330
E
  0
SCALE
  5
48
102
{ACAD_REACTORS
330
47
102
}
330
47
100
AcDbScale
 70
     0
300
1:1
140
1.0
141
1.0
290
     1
  0
SCALE
  5
49
102
{ACAD_REACTORS
330
47
102
}
330
47
100
AcDbScale
 70
     0
300
1/128" = 1'-0"
140
0.0078125
141
12.0
290
     0
  0
SCALE
  5
4A
102
{ACAD_REACTORS
330
47
102
}
330
47
100
AcDbScale
 70
     0
300
1/64" = 1'-0"
140
0.015625
141
12.0
290
     0
  0
SCALE
  5
4B
102
{ACAD_REACTORS
330
47
102
}
330
47
100
AcDbScale
 70
     0
300
1/32" = 1'-0"
140
0.03125
141
12.0
290
     0
  0
SCALE
  5
4C
102
{ACAD_REACTORS
330
47
102
}
330
47
100
AcDbScale
 70
     0
300
1/16" = 1'-0"
140
0.0625
141
12.0
290
     0
  0
SCALE
  5
4D
102
{ACAD_REACTORS
330
47
102
}
330
47
100
AcDbScale
 70
     0
300
3/32" = 1'-0"
140
0.09375
141
12.0
290
     0
  0
SCALE
  5
4E
102
{ACAD_REACTORS
330
47
102
}
330
47
100
AcDbScale
 70
     0
300
1/8" = 1'-0"
140
0.125
141
12.0
290
     0
  0
SCALE
  5
4F
102
{ACAD_REACTORS
330
47
102
}
330
47
100
AcDbScale
 70
     0
300
3/16" = 1'-0"
140
0.1875
141
12.0
290
     0
  0
SCALE
  5
50
102
{ACAD_REACTORS
330
47
102
}
330
47
100
AcDbScale
 70
     0
300
1/4" = 1'-0"
140
0.25
141
12.0
290
     0
  0
SCALE
  5
51
102
{ACAD_REACTORS
330
47
102
}
330
47
100
AcDbScale
 70
     0
300
3/8" = 1'-0"
140
0.375
141
12.0
290
     0
  0
SCALE
  5
52
102
{ACAD_REACTORS
330
47
102
}
330
47
100
AcDbScale
 70
     0
300
1/2" = 1'-0"
140
0.5
141
12.0
290
     0
  0
SCALE
  5
53
102
{ACAD_REACTORS
330
47
102
}
330
47
100
AcDbScale
 70
     0
300
3/4" = 1'-0"
140
0.75
141
12.0
290
     0
  0
SCALE
  5
54
102
{ACAD_REACTORS
330
47
102
}
330
47
100
AcDbScale
 70
     0
300
1" = 1'-0"
140
1.0
141
12.0
290
     0
  0
SCALE
  5
55
102
{ACAD_REACTORS
330
47
102
}
330
47
100
AcDbScale
 70
     0
300
1-1/2" = 1'-0"
140
1.5
141
12.0
290
     0
  0
SCALE
  5
56
102
{ACAD_REACTORS
330
47
102
}
330
47
100
AcDbScale
 70
     0
300
3" = 1'-0"
140
3.0
141
12.0
290
     0
  0
SCALE
  5
57
102
{ACAD_REACTORS
330
47
102
}
330
47
100
AcDbScale
 70
     0
300
6" = 1'-0"
140
6.0
141
12.0
290
     0
  0
SCALE
  5
58
102
{ACAD_REACTORS
330
47
102
}
330
47
100
AcDbScale
 70
     0
300
1'-0" = 1'-0"
140
12.0
141
12.0
290
     0
  0
TABLESTYLE
  5
5A
102
{ACAD_REACTORS
330
59
102
}
330
59
100
AcDbTableStyle
  3
Standard
 70
     0
 71
     0
 40
0.06
 41
0.06
280
     0
281
     0
  7
Standard
140
0.18
170
     2
 62
     0
 63
   257
283
     0
274
    -2
284
     1
 64
     0
275
    -2
285
     1
 65
     0
276
    -2
286
     1
 66
     0
277
    -2
287
     1
 67
     0
278
    -2
288
     1
 68
     0
279
    -2
289
     1
 69
     0
  7
Standard
140
0.25
170
     5
 62
     0
 63
   257
283
     0
274
    -2
284
     1
 64
     0
275
    -2
285
     1
 65
     0
276
    -2
286
     1
 66
     0
277
    -2
287
     1
 67
     0
278
    -2
288
     1
 68
     0
279
    -2
289
     1
 69
     0
  7
Standard
140
0.18
170
     5
 62
     0
 63
   257
283
     0
274
    -2
284
     1
 64
     0
275
    -2
285
     1
 65
     0
276
    -2
286
     1
 66
     0
277
    -2
287
     1
 67
     0
278
    -2
288
     1
 68
     0
279
    -2
289
     1
 69
     0
  0
VISUALSTYLE
  5
2F
102
{ACAD_REACTORS
330
2A
102
}
102
{ACAD_XDICTIONARY
360
C1
102
}
330
2A
100
AcDbVisualStyle
  2
2dWireframe
 70
     4
 71
     0
 72
     2
 73
     0
 90
        0
 40
0.6
 41
30.0
 62
     5
 63
     7
 74
     1
 91
        4
 64
     7
 65
   257
 75
     1
175
     1
 42
1.0
 92
        0
 66
   257
 43
1.0
 76
     1
 77
     6
 78
     2
 67
     7
 79
     5
170
     0
171
     0
290
     0
174
     0
 93
        1
 44
0.0
173
     0
291
     0
 45
0.0
1001
ACAD
1000
AcDbSavedByObjectVersion
1070
     0
  0
VISUALSTYLE
  5
32
102
{ACAD_REACTORS
330
2A
102
}
102
{ACAD_XDICTIONARY
360
C7
102
}
330
2A
100
AcDbVisualStyle
  2
Basic
 70
     7
 71
     1
 72
     0
 73
     1
 90
        0
 40
0.6
 41
30.0
 62
     5
 63
     7
 74
     0
 91
        4
 64
     7
 65
   257
 75
     1
175
     1
 42
1.0
 92
        8
 66
     7
 43
1.0
 76
     1
 77
     6
 78
     2
 67
     7
 79
     5
170
     0
171
     0
290
     0
174
     0
 93
        1
 44
0.0
173
     0
291
     1
 45
0.0
1001
ACAD
1000
AcDbSavedByObjectVersion
1070
     0
  0
VISUALSTYLE
  5
36
102
{ACAD_REACTORS
330
2A
102
}
102
{ACAD_XDICTIONARY
360
CF
102
}
330
2A
100
AcDbVisualStyle
  2
Brighten
 70
    12
 71
     2
 72
     2
 73
     0
 90
        0
 40
0.6
 41
30.0
 62
     5
 63
     7
 74
     1
 91
        4
 64
     7
 65
   257
 75
     1
175
     1
 42
1.0
 92
        8
 66
     7
 43
1.0
 76
     1
 77
     6
 78
     2
 67
     7
 79
     5
170
     0
171
     0
290
     0
174
     0
 93
        1
 44
50.0
173
     0
291
     1
 45
0.0
1001
ACAD
1000
AcDbSavedByObjectVersion
1070
     0
  0
VISUALSTYLE
  5
3A
102
{ACAD_REACTORS
330
2A
102
}
102
{ACAD_XDICTIONARY
360
D7
102
}
330
2A
100
AcDbVisualStyle
  2
ColorChange
 70
    16
 71
     2
 72
     2
 73
     3
 90
        0
 40
0.6
 41
30.0
 62
     5
 63
     8
 74
     1
 91
        4
 64
     7
 65
   257
 75
     1
175
     1
 42
1.0
 92
        8
 66
     8
 43
1.0
 76
     1
 77
     6
 78
     2
 67
     7
 79
     5
170
     0
171
     0
290
     0
174
     0
 93
        1
 44
0.0
173
     0
291
     1
 45
0.0
1001
ACAD
1000
AcDbSavedByObjectVersion
1070
     0
  0
VISUALSTYLE
  5
34
102
{ACAD_REACTORS
330
2A
102
}
102
{ACAD_XDICTIONARY
360
CB
102
}
330
2A
100
AcDbVisualStyle
  2
Conceptual
 70
     9
 71
     3
 72
     2
 73
     0
 90
        0
 40
0.6
 41
30.0
 62
     5
 63
     7
 74
     2
 91
        2
 64
     7
 65
   257
 75
     1
175
     1
 42
179.0
 92
        8
 66
     7
 43
1.0
 76
     1
 77
     6
 78
     2
 67
     7
 79
     3
170
     0
171
     0
290
     0
174
     0
 93
        1
 44
0.0
173
     0
291
     0
 45
0.0
1001
ACAD
1000
AcDbSavedByObjectVersion
1070
     0
  0
VISUALSTYLE
  5
35
102
{ACAD_REACTORS
330
2A
102
}
102
{ACAD_XDICTIONARY
360
CD
102
}
330
2A
100
AcDbVisualStyle
  2
Dim
 70
    11
 71
     2
 72
     2
 73
     0
 90
        0
 40
0.6
 41
30.0
 62
     5
 63
     7
 74
     1
 91
        4
 64
     7
 65
   257
 75
     1
175
     1
 42
1.0
 92
        8
 66
     7
 43
1.0
 76
     1
 77
     6
 78
     2
 67
     7
 79
     5
170
     0
171
     0
290
     0
174
     0
 93
        1
 44
-50.0
173
     0
291
     1
 45
0.0
1001
ACAD
1000
AcDbSavedByObjectVersion
1070
     0
  0
VISUALSTYLE
  5
3D
102
{ACAD_REACTORS
330
2A
102
}
102
{ACAD_XDICTIONARY
360
DD
102
}
330
2A
100
AcDbVisualStyle
  2
EdgeColorOff
 70
    22
 71
     2
 72
     2
 73
     0
 90
        0
 40
0.6
 41
30.0
 62
     5
 63
     7
 74
     1
 91
        4
 64
     7
 65
   257
 75
     1
175
     1
 42
1.0
 92
        8
 66
     7
 43
1.0
 76
     1
 77
     6
 78
     2
 67
     7
 79
     5
170
     0
171
     0
290
     0
174
     0
 93
        1
 44
0.0
173
     0
291
     1
 45
0.0
1001
ACAD
1000
AcDbSavedByObjectVersion
1070
     0
  0
VISUALSTYLE
  5
39
102
{ACAD_REACTORS
330
2A
102
}
102
{ACAD_XDICTIONARY
360
D5
102
}
330
2A
100
AcDbVisualStyle
  2
Facepattern
 70
    15
 71
     2
 72
     2
 73
     0
 90
        0
 40
0.6
 41
30.0
 62
     5
 63
     7
 74
     1
 91
        4
 64
     7
 65
   257
 75
     1
175
     1
 42
1.0
 92
        8
 66
     7
 43
1.0
 76
     1
 77
     6
 78
     2
 67
     7
 79
     5
170
     0
171
     0
290
     0
174
     0
 93
        1
 44
0.0
173
     0
291
     1
 45
0.0
1001
ACAD
1000
AcDbSavedByObjectVersion
1070
     0
  0
VISUALSTYLE
  5
2B
102
{ACAD_REACTORS
330
2A
102
}
102
{ACAD_XDICTIONARY
360
B9
102
}
330
2A
100
AcDbVisualStyle
  2
Flat
 70
     0
 71
     2
 72
     1
 73
     1
 90
        2
 40
0.6
 41
30.0
 62
     5
 63
     7
 74
     0
 91
        0
 64
     7
 65
   257
 75
     1
175
     1
 42
1.0
 92
        8
 66
     7
 43
1.0
 76
     1
 77
     6
 78
     2
 67
     7
 79
     5
170
     0
171
     0
290
     0
174
     0
 93
       13
 44
0.0
173
     0
291
     1
 45
0.0
1001
ACAD
1000
AcDbSavedByObjectVersion
1070
     0
  0
VISUALSTYLE
  5
2C
102
{ACAD_REACTORS
330
2A
102
}
102
{ACAD_XDICTIONARY
360
BB
102
}
330
2A
100
AcDbVisualStyle
  2
FlatWithEdges
 70
     1
 71
     2
 72
     1
 73
     1
 90
        2
 40
0.6
 41
30.0
 62
     5
 63
     7
 74
     1
 91
        0
 64
     7
 65
   257
 75
     1
175
     1
 42
1.0
 92
        0
 66
   257
 43
1.0
 76
     1
 77
     6
 78
     2
 67
     7
 79
     5
170
     0
171
     0
290
     0
174
     0
 93
       13
 44
0.0
173
     0
291
     1
 45
0.0
1001
ACAD
1000
AcDbSavedByObjectVersion
1070
     0
  0
VISUALSTYLE
  5
2D
102
{ACAD_REACTORS
330
2A
102
}
102
{ACAD_XDICTIONARY
360
BD
102
}
330
2A
100
AcDbVisualStyle
  2
Gouraud
 70
     2
 71
     2
 72
     2
 73
     1
 90
        2
 40
0.6
 41
30.0
 62
     5
 63
     7
 74
     0
 91
        0
 64
     7
 65
   257
 75
     1
175
     1
 42
1.0
 92
        0
 66
     7
 43
1.0
 76
     1
 77
     6
 78
     2
 67
     7
 79
     5
170
     0
171
     0
290
     0
174
     0
 93
       13
 44
0.0
173
     0
291
     1
 45
0.0
1001
ACAD
1000
AcDbSavedByObjectVersion
1070
     0
  0
VISUALSTYLE
  5
2E
102
{ACAD_REACTORS
330
2A
102
}
102
{ACAD_XDICTIONARY
360
BF
102
}
330
2A
100
AcDbVisualStyle
  2
GouraudWithEdges
 70
     3
 71
     2
 72
     2
 73
     1
 90
        2
 40
0.6
 41
30.0
 62
     5
 63
     7
 74
     1
 91
        0
 64
     7
 65
   257
 75
     1
175
     1
 42
1.0
 92
        0
 66
   257
 43
1.0
 76
     1
 77
     6
 78
     2
 67
     7
 79
     5
170
     0
171
     0
290
     0
174
     0
 93
       13
 44
0.0
173
     0
291
     1
 45
0.0
1001
ACAD
1000
AcDbSavedByObjectVersion
1070
     0
  0
VISUALSTYLE
  5
31
102
{ACAD_REACTORS
330
2A
102
}
102
{ACAD_XDICTIONARY
360
C5
102
}
330
2A
100
AcDbVisualStyle
  2
Hidden
 70
     6
 71
     1
 72
     2
 73
     2
 90
        0
 40
0.6
 41
30.0
 62
     5
 63
     7
 74
     2
 91
        2
 64
     7
 65
   257
 75
     2
175
     1
 42
40.0
 92
        0
 66
   257
 43
1.0
 76
     1
 77
     6
 78
     2
 67
     7
 79
     3
170
     0
171
     0
290
     0
174
     0
 93
        1
 44
0.0
173
     0
291
     0
 45
0.0
1001
ACAD
1000
AcDbSavedByObjectVersion
1070
     0
  0
VISUALSTYLE
  5
3B
102
{ACAD_REACTORS
330
2A
102
}
102
{ACAD_XDICTIONARY
360
D9
102
}
330
2A
100
AcDbVisualStyle
  2
JitterOff
 70
    20
 71
     2
 72
     2
 73
     0
 90
        0
 40
0.6
 41
30.0
 62
     5
 63
     7
 74
     1
 91
        4
 64
     7
 65
   257
 75
     1
175
     1
 42
1.0
 92
       10
 66
     7
 43
1.0
 76
     1
 77
     6
 78
     2
 67
     7
 79
     5
170
     0
171
     0
290
     0
174
     0
 93
        1
 44
0.0
173
     0
291
     1
 45
0.0
1001
ACAD
1000
AcDbSavedByObjectVersion
1070
     0
  0
VISUALSTYLE
  5
38
102
{ACAD_REACTORS
330
2A
102
}
102
{ACAD_XDICTIONARY
360
D3
102
}
330
2A
100
AcDbVisualStyle
  2
Linepattern
 70
    14
 71
     2
 72
     2
 73
     0
 90
        0
 40
0.6
 41
30.0
 62
     5
 63
     7
 74
     1
 91
        4
 64
     7
 65
   257
 75
     7
175
     7
 42
1.0
 92
        8
 66
     7
 43
1.0
 76
     1
 77
     6
 78
     2
 67
     7
 79
     5
170
     0
171
     0
290
     0
174
     0
 93
        1
 44
0.0
173
     0
291
     1
 45
0.0
1001
ACAD
1000
AcDbSavedByObjectVersion
1070
     0
  0
VISUALSTYLE
  5
3C
102
{ACAD_REACTORS
330
2A
102
}
102
{ACAD_XDICTIONARY
360
DB
102
}
330
2A
100
AcDbVisualStyle
  2
OverhangOff
 70
    21
 71
     2
 72
     2
 73
     0
 90
        0
 40
0.6
 41
30.0
 62
     5
 63
     7
 74
     1
 91
        4
 64
     7
 65
   257
 75
     1
175
     1
 42
1.0
 92
        9
 66
     7
 43
1.0
 76
     1
 77
     6
 78
     2
 67
     7
 79
     5
170
     0
171
     0
290
     0
174
     0
 93
        1
 44
0.0
173
     0
291
     1
 45
0.0
1001
ACAD
1000
AcDbSavedByObjectVersion
1070
     0
  0
VISUALSTYLE
  5
33
102
{ACAD_REACTORS
330
2A
102
}
102
{ACAD_XDICTIONARY
360
C9
102
}
330
2A
100
AcDbVisualStyle
  2
Realistic
 70
     8
 71
     2
 72
     3
 73
     0
 90
        2
 40
0.6
 41
30.0
 62
     5
 63
     7
 74
     0
 91
        0
 64
     7
 65
   257
 75
     1
175
     1
 42
1.0
 92
        8
 66
   257
 43
1.0
 76
     1
 77
     6
 78
     2
 67
     7
 79
     3
170
     0
171
     0
290
     0
174
     0
 93
       13
 44
0.0
173
     0
291
     0
 45
0.0
1001
ACAD
1000
AcDbSavedByObjectVersion
1070
     0
  0
VISUALSTYLE
  5
42
102
{ACAD_REACTORS
330
2A
102
}
102
{ACAD_XDICTIONARY
360
E7
102
}
330
2A
100
AcDbVisualStyle
  2
Shaded
 70
    27
 71
     2
 72
     2
 73
     1
 90
        2
 40
0.6
 41
30.0
 62
     5
 63
     7
 74
     0
 91
        4
 64
     7
 65
   257
 75
     1
175
     1
 42
1.0
 92
        8
 66
   257
 43
1.0
 76
     1
 77
     6
 78
     2
 67
     8
 79
     3
170
     0
171
     0
290
     0
174
     0
 93
        5
 44
0.0
173
     0
291
     0
 45
0.0
1001
ACAD
1000
AcDbSavedByObjectVersion
1070
     0
  0
VISUALSTYLE
  5
41
102
{ACAD_REACTORS
330
2A
102
}
102
{ACAD_XDICTIONARY
360
E5
102
}
330
2A
100
AcDbVisualStyle
  2
Shaded with edges
 70
    26
 71
     2
 72
     2
 73
     1
 90
        2
 40
0.6
 41
30.0
 62
     5
 63
     7
 74
     1
 91
       10
 64
     7
 65
   257
 75
     2
175
     1
 42
1.0
 92
        8
 66
   257
 43
1.0
 76
     1
 77
     6
 78
     2
 67
     7
 79
     3
170
     0
171
     0
290
     0
174
     0
 93
        5
 44
0.0
173
     0
291
     0
 45
0.0
1001
ACAD
1000
AcDbSavedByObjectVersion
1070
     0
  0
VISUALSTYLE
  5
3E
102
{ACAD_REACTORS
330
2A
102
}
102
{ACAD_XDICTIONARY
360
DF
102
}
330
2A
100
AcDbVisualStyle
  2
Shades of Gray
 70
    23
 71
     2
 72
     2
 73
     3
 90
        0
 40
0.6
 41
30.0
 62
     5
 63
     7
 74
     2
 91
        2
 64
     7
 65
     7
 75
     1
175
     1
 42
40.0
 92
        8
 66
     7
 43
1.0
 76
     1
 77
     6
 78
     2
 67
     7
 79
     3
170
     0
171
     0
290
     0
174
     0
 93
        1
 44
0.0
173
     0
291
     0
 45
0.0
1001
ACAD
1000
AcDbSavedByObjectVersion
1070
     0
  0
VISUALSTYLE
  5
3F
102
{ACAD_REACTORS
330
2A
102
}
102
{ACAD_XDICTIONARY
360
E1
102
}
330
2A
100
AcDbVisualStyle
  2
Sketchy
 70
    24
 71
     1
 72
     2
 73
     2
 90
        0
 40
0.6
 41
30.0
 62
     5
 63
     7
 74
     2
 91
        2
 64
     7
 65
     7
 75
     1
175
     1
 42
40.0
 92
       11
 66
     7
 43
1.0
 76
     1
 77
     6
 78
     2
 67
     7
 79
     6
170
     0
171
     0
290
     0
174
     0
 93
        1
 44
0.0
173
     0
291
     0
 45
0.0
1001
ACAD
1000
AcDbSavedByObjectVersion
1070
     0
  0
VISUALSTYLE
  5
37
102
{ACAD_REACTORS
330
2A
102
}
102
{ACAD_XDICTIONARY
360
D1
102
}
330
2A
100
AcDbVisualStyle
  2
Thicken
 70
    13
 71
     2
 72
     2
 73
     0
 90
        0
 40
0.6
 41
30.0
 62
     5
 63
     7
 74
     1
 91
        4
 64
     7
 65
   257
 75
     1
175
     1
 42
1.0
 92
       12
 66
     7
 43
1.0
 76
     1
 77
     6
 78
     2
 67
     7
 79
     5
170
     0
171
     0
290
     0
174
     0
 93
        1
 44
0.0
173
     0
291
     1
 45
0.0
1001
ACAD
1000
AcDbSavedByObjectVersion
1070
     0
  0
VISUALSTYLE
  5
30
102
{ACAD_REACTORS
330
2A
102
}
102
{ACAD_XDICTIONARY
360
C3
102
}
330
2A
100
AcDbVisualStyle
  2
Wireframe
 70
     5
 71
     0
 72
     2
 73
     0
 90
        0
 40
0.6
 41
30.0
 62
     5
 63
     7
 74
     1
 91
        4
 64
     7
 65
   257
 75
     1
175
     1
 42
1.0
 92
        0
 66
   257
 43
1.0
 76
     1
 77
     6
 78
     2
 67
     7
 79
     3
170
     0
171
     0
290
     0
174
     0
 93
        1
 44
0.0
173
     0
291
     0
 45
0.0
1001
ACAD
1000
AcDbSavedByObjectVersion
1070
     0
  0
VISUALSTYLE
  5
40
102
{ACAD_REACTORS
330
2A
102
}
102
{ACAD_XDICTIONARY
360
E3
102
}
330
2A
100
AcDbVisualStyle
  2
X-Ray
 70
    25
 71
     2
 72
     2
 73
     1
 90
        1
 40
0.5
 41
30.0
 62
     5
 63
     7
 74
     1
 91
        0
 64
     7
 65
   257
 75
     1
175
     1
 42
1.0
 92
        8
 66
     7
 43
1.0
 76
     1
 77
     6
 78
     2
 67
     7
 79
     3
170
     0
171
     0
290
     0
174
     0
 93
       13
 44
0.0
173
     0
291
     0
 45
0.0
1001
ACAD
1000
AcDbSavedByObjectVersion
1070
     0
  0
DICTIONARYVAR
  5
B7
102
{ACAD_REACTORS
330
AD
102
}
330
AD
100
DictionaryVariables
280
     0
  1
1:1
  0
DICTIONARYVAR
  5
AF
102
{ACAD_REACTORS
330
AD
102
}
330
AD
100
DictionaryVariables
280
     0
  1
Standard
  0
DICTIONARYVAR
  5
AE
102
{ACAD_REACTORS
330
AD
102
}
330
AD
100
DictionaryVariables
280
     0
  1
Standard
  0
DICTIONARYVAR
  5
B2
102
{ACAD_REACTORS
330
AD
102
}
330
AD
100
DictionaryVariables
280
     0
  1
2
  0
DICTIONARYVAR
  5
B3
102
{ACAD_REACTORS
330
AD
102
}
330
AD
100
DictionaryVariables
280
     0
  1
1
  0
DICTIONARYVAR
  5
B8
102
{ACAD_REACTORS
330
AD
102
}
330
AD
100
DictionaryVariables
280
     0
  1
1
  0
DICTIONARY
  5
EB
330
45
100
AcDbDictionary
280
     1
281
     1
  3
ACAD_XREC_ROUNDTRIP
360
EC
  0
DICTIONARY
  5
E9
330
44
100
AcDbDictionary
280
     1
281
     1
  3
ACAD_XREC_ROUNDTRIP
360
EA
  0
DICTIONARY
  5
ED
330
46
100
AcDbDictionary
280
     1
281
     1
  3
ACAD_XREC_ROUNDTRIP
360
EE
  0
DICTIONARY
  5
F0
330
5C
100
AcDbDictionary
280
     1
281
     1
  3
ACAD_XREC_ROUNDTRIP
360
F1
  0
DICTIONARY
  5
C1
330
2F
100
AcDbDictionary
280
     1
281
     1
  3
ACAD_XREC_ROUNDTRIP
360
C2
  0
DICTIONARY
  5
C7
330
32
100
AcDbDictionary
280
     1
281
     1
  3
ACAD_XREC_ROUNDTRIP
360
C8
  0
DICTIONARY
  5
CF
330
36
100
AcDbDictionary
280
     1
281
     1
  3
ACAD_XREC_ROUNDTRIP
360
D0
  0
DICTIONARY
  5
D7
330
3A
100
AcDbDictionary
280
     1
281
     1
  3
ACAD_XREC_ROUNDTRIP
360
D8
  0
DICTIONARY
  5
CB
330
34
100
AcDbDictionary
280
     1
281
     1
  3
ACAD_XREC_ROUNDTRIP
360
CC
  0
DICTIONARY
  5
CD
330
35
100
AcDbDictionary
280
     1
281
     1
  3
ACAD_XREC_ROUNDTRIP
360
CE
  0
DICTIONARY
  5
DD
330
3D
100
AcDbDictionary
280
     1
281
     1
  3
ACAD_XREC_ROUNDTRIP
360
DE
  0
DICTIONARY
  5
D5
330
39
100
AcDbDictionary
280
     1
281
     1
  3
ACAD_XREC_ROUNDTRIP
360
D6
  0
DICTIONARY
  5
B9
330
2B
100
AcDbDictionary
280
     1
281
     1
  3
ACAD_XREC_ROUNDTRIP
360
BA
  0
DICTIONARY
  5
BB
330
2C
100
AcDbDictionary
280
     1
281
     1
  3
ACAD_XREC_ROUNDTRIP
360
BC
  0
DICTIONARY
  5
BD
330
2D
100
AcDbDictionary
280
     1
281
     1
  3
ACAD_XREC_ROUNDTRIP
360
BE
  0
DICTIONARY
  5
BF
330
2E
100
AcDbDictionary
280
     1
281
     1
  3
ACAD_XREC_ROUNDTRIP
360
C0
  0
DICTIONARY
  5
C5
330
31
100
AcDbDictionary
280
     1
281
     1
  3
ACAD_XREC_ROUNDTRIP
360
C6
  0
DICTIONARY
  5
D9
330
3B
100
AcDbDictionary
280
     1
281
     1
  3
ACAD_XREC_ROUNDTRIP
360
DA
  0
DICTIONARY
  5
D3
330
38
100
AcDbDictionary
280
     1
281
     1
  3
ACAD_XREC_ROUNDTRIP
360
D4
  0
DICTIONARY
  5
DB
330
3C
100
AcDbDictionary
280
     1
281
     1
  3
ACAD_XREC_ROUNDTRIP
360
DC
  0
DICTIONARY
  5
C9
330
33
100
AcDbDictionary
280
     1
281
     1
  3
ACAD_XREC_ROUNDTRIP
360
CA
  0
DICTIONARY
  5
E7
330
42
100
AcDbDictionary
280
     1
281
     1
  3
ACAD_XREC_ROUNDTRIP
360
E8
  0
DICTIONARY
  5
E5
330
41
100
AcDbDictionary
280
     1
281
     1
  3
ACAD_XREC_ROUNDTRIP
360
E6
  0
DICTIONARY
  5
DF
330
3E
100
AcDbDictionary
280
     1
281
     1
  3
ACAD_XREC_ROUNDTRIP
360
E0
  0
DICTIONARY
  5
E1
330
3F
100
AcDbDictionary
280
     1
281
     1
  3
ACAD_XREC_ROUNDTRIP
360
E2
  0
DICTIONARY
  5
D1
330
37
100
AcDbDictionary
280
     1
281
     1
  3
ACAD_XREC_ROUNDTRIP
360
D2
  0
DICTIONARY
  5
C3
330
30
100
AcDbDictionary
280
     1
281
     1
  3
ACAD_XREC_ROUNDTRIP
360
C4
  0
DICTIONARY
  5
E3
330
40
100
AcDbDictionary
280
     1
281
     1
  3
ACAD_XREC_ROUNDTRIP
360
E4
  0
XRECORD
  5
EC
102
{ACAD_REACTORS
330
EB
102
}
330
EB
100
AcDbXrecord
280
     1
102
MATERIAL
148
0.0
149
0.0
149
0.0
 93
        0
 94
      127
282
     0
 72
     1
 77
     1
171
     1
175
     1
179
     1
273
     0
  0
XRECORD
  5
EA
102
{ACAD_REACTORS
330
E9
102
}
330
E9
100
AcDbXrecord
280
     1
102
MATERIAL
148
0.0
149
0.0
149
0.0
 93
        0
 94
      127
282
     0
 72
     1
 77
     1
171
     1
175
     1
179
     1
273
     0
  0
XRECORD
  5
EE
102
{ACAD_REACTORS
330
ED
102
}
330
ED
100
AcDbXrecord
280
     1
102
MATERIAL
148
0.0
149
0.0
149
0.0
 93
        0
 94
      127
282
     0
 72
     1
 77
     1
171
     1
175
     1
179
     1
273
     0
  0
XRECORD
  5
F1
102
{ACAD_REACTORS
330
F0
102
}
330
F0
100
AcDbXrecord
280
     1
102
ACAD_ROUNDTRIP_2010_MLEADER_STYLE
  0
XRECORD
  5
C2
102
{ACAD_REACTORS
330
C1
102
}
330
C1
100
AcDbXrecord
280
     1
102
RTVSPropertyOp0
 70
     1
102
RTVSPropertyOp1
 70
     1
102
RTVSPropertyOp2
 70
     1
102
RTVSPropertyOp3
 70
     1
102
RTVSPropertyOp4
 70
     1
102
RTVSPropertyOp5
 70
     1
102
RTVSPropertyOp6
 70
     1
102
RTVSPropertyOp7
 70
     1
102
RTVSPropertyOp8
 70
     1
102
RTVSPropertyOp9
 70
     1
102
RTVSPropertyOp10
 70
     1
102
RTVSPropertyOp11
 70
     1
102
RTVSPropertyOp12
 70
     1
102
RTVSPropertyOp13
 70
     1
102
RTVSPropertyOp14
 70
     1
102
RTVSPropertyOp15
 70
     1
102
RTVSPropertyOp16
 70
     1
102
RTVSPropertyOp17
 70
     1
102
RTVSPropertyOp18
 70
     1
102
RTVSPropertyOp19
 70
     1
102
RTVSPropertyOp20
 70
     1
102
RTVSPropertyOp21
 70
     1
102
RTVSPropertyOp22
 70
     1
102
RTVSPropertyOp23
 70
     1
102
RTVSPropertyOp24
 70
     1
102
RTVSPropertyOp25
 70
     1
102
RTVSPropertyOp26
 70
     1
102
RTVSPropertyOp27
 70
     1
102
RTVSPropertyOp28
 70
     1
102
RTVSPropertyOp29
 70
     1
102
RTVSPropertyOp30
 70
     1
102
RTVSPropertyOp31
 70
     1
102
RTVSPropertyOp32
 70
     1
102
RTVSPropertyOp33
 70
     1
102
RTVSPropertyOp34
 70
     1
102
RTVSPropertyOp35
 70
     1
102
RTVSPropertyOp36
 70
     1
102
RTVSPropertyOp37
 70
     1
102
RTVSPropertyOp38
 70
     1
102
RTVSPropertyOp39
 70
     1
102
RTVSPropertyOp40
 70
     1
102
RTVSPropertyOp41
 70
     1
102
RTVSPropertyOp42
 70
     1
102
RTVSPropertyOp43
 70
     1
102
RTVSPropertyOp44
 70
     1
102
RTVSPropertyOp45
 70
     1
102
RTVSPropertyOp46
 70
     1
102
RTVSPropertyOp47
 70
     1
102
RTVSPropertyOp48
 70
     1
102
RTVSPropertyOp49
 70
     1
102
RTVSPropertyOp50
 70
     1
102
RTVSPropertyOp51
 70
     0
102
RTVSPropertyOp52
 70
     0
102
RTVSPropertyOp53
 70
     1
102
RTVSPropertyOp54
 70
     1
102
RTVSPropertyOp55
 70
     1
102
RTVSPropertyOp56
 70
     1
102
RTVSPropertyOp57
 70
     1
102
RTVSPost2010Prop28
280
     1
102
RTVSPost2010PropOp28
 70
     1
102
RTVSPost2010Prop29
280
     1
102
RTVSPost2010PropOp29
 70
     1
102
RTVSPost2010Prop30
280
     0
102
RTVSPost2010PropOp30
 70
     1
102
RTVSPost2010Prop31
280
     0
102
RTVSPost2010PropOp31
 70
     1
102
RTVSPost2010Prop32
280
     0
102
RTVSPost2010PropOp32
 70
     1
102
RTVSPost2010Prop33
280
     0
102
RTVSPost2010PropOp33
 70
     1
102
RTVSPost2010Prop34
280
     0
102
RTVSPost2010PropOp34
 70
     1
102
RTVSPost2010Prop35
280
     0
102
RTVSPost2010PropOp35
 70
     1
102
RTVSPost2010Prop36
280
     0
102
RTVSPost2010PropOp36
 70
     1
102
RTVSPost2010Prop37
 90
       50
102
RTVSPost2010PropOp37
 70
     1
102
RTVSPost2010Prop38
140
0.0
102
RTVSPost2010PropOp38
 70
     1
102
RTVSPost2010Prop39
140
1.0
102
RTVSPost2010PropOp39
 70
     1
102
RTVSPost2010Prop40
 90
        0
102
RTVSPost2010PropOp40
 70
     1
102
RTVSPost2010Prop41ColorIndex
 90
       18
102
RTVSPost2010Prop41ColorRGB
 90
        0
102
RTVSPost2010PropOp41
 70
     1
102
RTVSPost2010Prop42
 90
       50
102
RTVSPost2010PropOp42
 70
     1
102
RTVSPost2010Prop43
 90
        3
102
RTVSPost2010PropOp43
 70
     1
102
RTVSPost2010Prop44ColorIndex
 90
        5
102
RTVSPost2010Prop44ColorRGB
 90
      255
102
RTVSPost2010PropOp44
 70
     1
102
RTVSPost2010Prop45
280
     0
102
RTVSPost2010PropOp45
 70
     1
102
RTVSPost2010Prop46
 90
       50
102
RTVSPost2010PropOp46
 70
     1
102
RTVSPost2010Prop47
 90
       50
102
RTVSPost2010PropOp47
 70
     1
102
RTVSPost2010Prop48
 90
       50
102
RTVSPost2010PropOp48
 70
     1
102
RTVSPost2010Prop49
280
     0
102
RTVSPost2010PropOp49
 70
     1
102
RTVSPost2010Prop50
 90
       50
102
RTVSPost2010PropOp50
 70
     1
102
RTVSPost2010Prop51ColorIndex
 90
      256
102
RTVSPost2010Prop51ColorRGB
 90
-16777216
102
RTVSPost2010PropOp51
 70
     0
102
RTVSPost2010Prop52
140
1.0
102
RTVSPost2010PropOp52
 70
     0
102
RTVSPost2010Prop53
 90
        2
102
RTVSPost2010PropOp53
 70
     1
102
RTVSPost2010Prop54
  1
strokes_ogs.tif
102
RTVSPost2010PropOp54
 70
     1
102
RTVSPost2010Prop55
280
     0
102
RTVSPost2010PropOp55
 70
     1
102
RTVSPost2010Prop56
140
1.0
102
RTVSPost2010PropOp56
 70
     1
102
RTVSPost2010Prop57
140
1.0
102
RTVSPost2010PropOp57
 70
     1
  0
XRECORD
  5
C8
102
{ACAD_REACTORS
330
C7
102
}
330
C7
100
AcDbXrecord
280
     1
102
RTVSPropertyOp0
 70
     1
102
RTVSPropertyOp1
 70
     1
102
RTVSPropertyOp2
 70
     1
102
RTVSPropertyOp3
 70
     1
102
RTVSPropertyOp4
 70
     1
102
RTVSPropertyOp5
 70
     1
102
RTVSPropertyOp6
 70
     1
102
RTVSPropertyOp7
 70
     1
102
RTVSPropertyOp8
 70
     1
102
RTVSPropertyOp9
 70
     1
102
RTVSPropertyOp10
 70
     1
102
RTVSPropertyOp11
 70
     1
102
RTVSPropertyOp12
 70
     1
102
RTVSPropertyOp13
 70
     1
102
RTVSPropertyOp14
 70
     1
102
RTVSPropertyOp15
 70
     1
102
RTVSPropertyOp16
 70
     1
102
RTVSPropertyOp17
 70
     1
102
RTVSPropertyOp18
 70
     1
102
RTVSPropertyOp19
 70
     1
102
RTVSPropertyOp20
 70
     1
102
RTVSPropertyOp21
 70
     1
102
RTVSPropertyOp22
 70
     1
102
RTVSPropertyOp23
 70
     1
102
RTVSPropertyOp24
 70
     1
102
RTVSPropertyOp25
 70
     1
102
RTVSPropertyOp26
 70
     1
102
RTVSPropertyOp27
 70
     1
102
RTVSPropertyOp28
 70
     1
102
RTVSPropertyOp29
 70
     1
102
RTVSPropertyOp30
 70
     1
102
RTVSPropertyOp31
 70
     1
102
RTVSPropertyOp32
 70
     1
102
RTVSPropertyOp33
 70
     1
102
RTVSPropertyOp34
 70
     1
102
RTVSPropertyOp35
 70
     1
102
RTVSPropertyOp36
 70
     1
102
RTVSPropertyOp37
 70
     1
102
RTVSPropertyOp38
 70
     1
102
RTVSPropertyOp39
 70
     1
102
RTVSPropertyOp40
 70
     1
102
RTVSPropertyOp41
 70
     1
102
RTVSPropertyOp42
 70
     1
102
RTVSPropertyOp43
 70
     1
102
RTVSPropertyOp44
 70
     1
102
RTVSPropertyOp45
 70
     1
102
RTVSPropertyOp46
 70
     1
102
RTVSPropertyOp47
 70
     1
102
RTVSPropertyOp48
 70
     1
102
RTVSPropertyOp49
 70
     1
102
RTVSPropertyOp50
 70
     1
102
RTVSPropertyOp51
 70
     0
102
RTVSPropertyOp52
 70
     0
102
RTVSPropertyOp53
 70
     1
102
RTVSPropertyOp54
 70
     1
102
RTVSPropertyOp55
 70
     1
102
RTVSPropertyOp56
 70
     1
102
RTVSPropertyOp57
 70
     1
102
RTVSPost2010Prop28
280
     0
102
RTVSPost2010PropOp28
 70
     1
102
RTVSPost2010Prop29
280
     1
102
RTVSPost2010PropOp29
 70
     1
102
RTVSPost2010Prop30
280
     1
102
RTVSPost2010PropOp30
 70
     1
102
RTVSPost2010Prop31
280
     0
102
RTVSPost2010PropOp31
 70
     1
102
RTVSPost2010Prop32
280
     0
102
RTVSPost2010PropOp32
 70
     1
102
RTVSPost2010Prop33
280
     0
102
RTVSPost2010PropOp33
 70
     1
102
RTVSPost2010Prop34
280
     0
102
RTVSPost2010PropOp34
 70
     1
102
RTVSPost2010Prop35
280
     0
102
RTVSPost2010PropOp35
 70
     1
102
RTVSPost2010Prop36
280
     0
102
RTVSPost2010PropOp36
 70
     1
102
RTVSPost2010Prop37
 90
       50
102
RTVSPost2010PropOp37
 70
     1
102
RTVSPost2010Prop38
140
0.0
102
RTVSPost2010PropOp38
 70
     1
102
RTVSPost2010Prop39
140
1.0
102
RTVSPost2010PropOp39
 70
     1
102
RTVSPost2010Prop40
 90
        0
102
RTVSPost2010PropOp40
 70
     1
102
RTVSPost2010Prop41ColorIndex
 90
       18
102
RTVSPost2010Prop41ColorRGB
 90
        0
102
RTVSPost2010PropOp41
 70
     1
102
RTVSPost2010Prop42
 90
       50
102
RTVSPost2010PropOp42
 70
     1
102
RTVSPost2010Prop43
 90
        3
102
RTVSPost2010PropOp43
 70
     1
102
RTVSPost2010Prop44ColorIndex
 90
        5
102
RTVSPost2010Prop44ColorRGB
 90
      255
102
RTVSPost2010PropOp44
 70
     1
102
RTVSPost2010Prop45
280
     0
102
RTVSPost2010PropOp45
 70
     1
102
RTVSPost2010Prop46
 90
       50
102
RTVSPost2010PropOp46
 70
     1
102
RTVSPost2010Prop47
 90
       50
102
RTVSPost2010PropOp47
 70
     1
102
RTVSPost2010Prop48
 90
       50
102
RTVSPost2010PropOp48
 70
     1
102
RTVSPost2010Prop49
280
     0
102
RTVSPost2010PropOp49
 70
     1
102
RTVSPost2010Prop50
 90
       50
102
RTVSPost2010PropOp50
 70
     1
102
RTVSPost2010Prop51ColorIndex
 90
      256
102
RTVSPost2010Prop51ColorRGB
 90
-16777216
102
RTVSPost2010PropOp51
 70
     0
102
RTVSPost2010Prop52
140
1.0
102
RTVSPost2010PropOp52
 70
     0
102
RTVSPost2010Prop53
 90
        2
102
RTVSPost2010PropOp53
 70
     1
102
RTVSPost2010Prop54
  1
strokes_ogs.tif
102
RTVSPost2010PropOp54
 70
     1
102
RTVSPost2010Prop55
280
     0
102
RTVSPost2010PropOp55
 70
     1
102
RTVSPost2010Prop56
140
1.0
102
RTVSPost2010PropOp56
 70
     1
102
RTVSPost2010Prop57
140
1.0
102
RTVSPost2010PropOp57
 70
     1
  0
XRECORD
  5
D0
102
{ACAD_REACTORS
330
CF
102
}
330
CF
100
AcDbXrecord
280
     1
102
RTVSPropertyOp0
 70
     1
102
RTVSPropertyOp1
 70
     1
102
RTVSPropertyOp2
 70
     1
102
RTVSPropertyOp3
 70
     1
102
RTVSPropertyOp4
 70
     1
102
RTVSPropertyOp5
 70
     1
102
RTVSPropertyOp6
 70
     1
102
RTVSPropertyOp7
 70
     1
102
RTVSPropertyOp8
 70
     1
102
RTVSPropertyOp9
 70
     1
102
RTVSPropertyOp10
 70
     1
102
RTVSPropertyOp11
 70
     1
102
RTVSPropertyOp12
 70
     1
102
RTVSPropertyOp13
 70
     1
102
RTVSPropertyOp14
 70
     1
102
RTVSPropertyOp15
 70
     1
102
RTVSPropertyOp16
 70
     1
102
RTVSPropertyOp17
 70
     1
102
RTVSPropertyOp18
 70
     1
102
RTVSPropertyOp19
 70
     1
102
RTVSPropertyOp20
 70
     1
102
RTVSPropertyOp21
 70
     1
102
RTVSPropertyOp22
 70
     1
102
RTVSPropertyOp23
 70
     1
102
RTVSPropertyOp24
 70
     1
102
RTVSPropertyOp25
 70
     1
102
RTVSPropertyOp26
 70
     1
102
RTVSPropertyOp27
 70
     1
102
RTVSPropertyOp28
 70
     1
102
RTVSPropertyOp29
 70
     1
102
RTVSPropertyOp30
 70
     1
102
RTVSPropertyOp31
 70
     1
102
RTVSPropertyOp32
 70
     1
102
RTVSPropertyOp33
 70
     1
102
RTVSPropertyOp34
 70
     1
102
RTVSPropertyOp35
 70
     1
102
RTVSPropertyOp36
 70
     1
102
RTVSPropertyOp37
 70
     1
102
RTVSPropertyOp38
 70
     1
102
RTVSPropertyOp39
 70
     1
102
RTVSPropertyOp40
 70
     1
102
RTVSPropertyOp41
 70
     1
102
RTVSPropertyOp42
 70
     1
102
RTVSPropertyOp43
 70
     1
102
RTVSPropertyOp44
 70
     1
102
RTVSPropertyOp45
 70
     1
102
RTVSPropertyOp46
 70
     1
102
RTVSPropertyOp47
 70
     1
102
RTVSPropertyOp48
 70
     1
102
RTVSPropertyOp49
 70
     1
102
RTVSPropertyOp50
 70
     1
102
RTVSPropertyOp51
 70
     0
102
RTVSPropertyOp52
 70
     0
102
RTVSPropertyOp53
 70
     1
102
RTVSPropertyOp54
 70
     1
102
RTVSPropertyOp55
 70
     1
102
RTVSPropertyOp56
 70
     1
102
RTVSPropertyOp57
 70
     1
102
RTVSPost2010Prop28
280
     0
102
RTVSPost2010PropOp28
 70
     1
102
RTVSPost2010Prop29
280
     1
102
RTVSPost2010PropOp29
 70
     1
102
RTVSPost2010Prop30
280
     1
102
RTVSPost2010PropOp30
 70
     1
102
RTVSPost2010Prop31
280
     0
102
RTVSPost2010PropOp31
 70
     1
102
RTVSPost2010Prop32
280
     0
102
RTVSPost2010PropOp32
 70
     1
102
RTVSPost2010Prop33
280
     0
102
RTVSPost2010PropOp33
 70
     1
102
RTVSPost2010Prop34
280
     0
102
RTVSPost2010PropOp34
 70
     1
102
RTVSPost2010Prop35
280
     0
102
RTVSPost2010PropOp35
 70
     1
102
RTVSPost2010Prop36
280
     0
102
RTVSPost2010PropOp36
 70
     1
102
RTVSPost2010Prop37
 90
       50
102
RTVSPost2010PropOp37
 70
     1
102
RTVSPost2010Prop38
140
0.0
102
RTVSPost2010PropOp38
 70
     1
102
RTVSPost2010Prop39
140
1.0
102
RTVSPost2010PropOp39
 70
     1
102
RTVSPost2010Prop40
 90
        0
102
RTVSPost2010PropOp40
 70
     1
102
RTVSPost2010Prop41ColorIndex
 90
       18
102
RTVSPost2010Prop41ColorRGB
 90
        0
102
RTVSPost2010PropOp41
 70
     1
102
RTVSPost2010Prop42
 90
       50
102
RTVSPost2010PropOp42
 70
     1
102
RTVSPost2010Prop43
 90
        3
102
RTVSPost2010PropOp43
 70
     1
102
RTVSPost2010Prop44ColorIndex
 90
        5
102
RTVSPost2010Prop44ColorRGB
 90
      255
102
RTVSPost2010PropOp44
 70
     1
102
RTVSPost2010Prop45
280
     0
102
RTVSPost2010PropOp45
 70
     1
102
RTVSPost2010Prop46
 90
       50
102
RTVSPost2010PropOp46
 70
     1
102
RTVSPost2010Prop47
 90
       50
102
RTVSPost2010PropOp47
 70
     1
102
RTVSPost2010Prop48
 90
       50
102
RTVSPost2010PropOp48
 70
     1
102
RTVSPost2010Prop49
280
     0
102
RTVSPost2010PropOp49
 70
     1
102
RTVSPost2010Prop50
 90
       50
102
RTVSPost2010PropOp50
 70
     1
102
RTVSPost2010Prop51ColorIndex
 90
      256
102
RTVSPost2010Prop51ColorRGB
 90
-16777216
102
RTVSPost2010PropOp51
 70
     0
102
RTVSPost2010Prop52
140
1.0
102
RTVSPost2010PropOp52
 70
     0
102
RTVSPost2010Prop53
 90
        2
102
RTVSPost2010PropOp53
 70
     1
102
RTVSPost2010Prop54
  1
strokes_ogs.tif
102
RTVSPost2010PropOp54
 70
     1
102
RTVSPost2010Prop55
280
     0
102
RTVSPost2010PropOp55
 70
     1
102
RTVSPost2010Prop56
140
1.0
102
RTVSPost2010PropOp56
 70
     1
102
RTVSPost2010Prop57
140
1.0
102
RTVSPost2010PropOp57
 70
     1
  0
XRECORD
  5
D8
102
{ACAD_REACTORS
330
D7
102
}
330
D7
100
AcDbXrecord
280
     1
102
RTVSPropertyOp0
 70
     1
102
RTVSPropertyOp1
 70
     1
102
RTVSPropertyOp2
 70
     1
102
RTVSPropertyOp3
 70
     1
102
RTVSPropertyOp4
 70
     1
102
RTVSPropertyOp5
 70
     1
102
RTVSPropertyOp6
 70
     1
102
RTVSPropertyOp7
 70
     1
102
RTVSPropertyOp8
 70
     1
102
RTVSPropertyOp9
 70
     1
102
RTVSPropertyOp10
 70
     1
102
RTVSPropertyOp11
 70
     1
102
RTVSPropertyOp12
 70
     1
102
RTVSPropertyOp13
 70
     1
102
RTVSPropertyOp14
 70
     1
102
RTVSPropertyOp15
 70
     1
102
RTVSPropertyOp16
 70
     1
102
RTVSPropertyOp17
 70
     1
102
RTVSPropertyOp18
 70
     1
102
RTVSPropertyOp19
 70
     1
102
RTVSPropertyOp20
 70
     1
102
RTVSPropertyOp21
 70
     1
102
RTVSPropertyOp22
 70
     1
102
RTVSPropertyOp23
 70
     1
102
RTVSPropertyOp24
 70
     1
102
RTVSPropertyOp25
 70
     1
102
RTVSPropertyOp26
 70
     1
102
RTVSPropertyOp27
 70
     1
102
RTVSPropertyOp28
 70
     1
102
RTVSPropertyOp29
 70
     1
102
RTVSPropertyOp30
 70
     1
102
RTVSPropertyOp31
 70
     1
102
RTVSPropertyOp32
 70
     1
102
RTVSPropertyOp33
 70
     1
102
RTVSPropertyOp34
 70
     1
102
RTVSPropertyOp35
 70
     1
102
RTVSPropertyOp36
 70
     1
102
RTVSPropertyOp37
 70
     1
102
RTVSPropertyOp38
 70
     1
102
RTVSPropertyOp39
 70
     1
102
RTVSPropertyOp40
 70
     1
102
RTVSPropertyOp41
 70
     1
102
RTVSPropertyOp42
 70
     1
102
RTVSPropertyOp43
 70
     1
102
RTVSPropertyOp44
 70
     1
102
RTVSPropertyOp45
 70
     1
102
RTVSPropertyOp46
 70
     1
102
RTVSPropertyOp47
 70
     1
102
RTVSPropertyOp48
 70
     1
102
RTVSPropertyOp49
 70
     1
102
RTVSPropertyOp50
 70
     1
102
RTVSPropertyOp51
 70
     0
102
RTVSPropertyOp52
 70
     0
102
RTVSPropertyOp53
 70
     1
102
RTVSPropertyOp54
 70
     1
102
RTVSPropertyOp55
 70
     1
102
RTVSPropertyOp56
 70
     1
102
RTVSPropertyOp57
 70
     1
102
RTVSPost2010Prop28
280
     0
102
RTVSPost2010PropOp28
 70
     1
102
RTVSPost2010Prop29
280
     1
102
RTVSPost2010PropOp29
 70
     1
102
RTVSPost2010Prop30
280
     1
102
RTVSPost2010PropOp30
 70
     1
102
RTVSPost2010Prop31
280
     0
102
RTVSPost2010PropOp31
 70
     1
102
RTVSPost2010Prop32
280
     0
102
RTVSPost2010PropOp32
 70
     1
102
RTVSPost2010Prop33
280
     0
102
RTVSPost2010PropOp33
 70
     1
102
RTVSPost2010Prop34
280
     0
102
RTVSPost2010PropOp34
 70
     1
102
RTVSPost2010Prop35
280
     0
102
RTVSPost2010PropOp35
 70
     1
102
RTVSPost2010Prop36
280
     0
102
RTVSPost2010PropOp36
 70
     1
102
RTVSPost2010Prop37
 90
       50
102
RTVSPost2010PropOp37
 70
     1
102
RTVSPost2010Prop38
140
0.0
102
RTVSPost2010PropOp38
 70
     1
102
RTVSPost2010Prop39
140
1.0
102
RTVSPost2010PropOp39
 70
     1
102
RTVSPost2010Prop40
 90
        0
102
RTVSPost2010PropOp40
 70
     1
102
RTVSPost2010Prop41ColorIndex
 90
       18
102
RTVSPost2010Prop41ColorRGB
 90
        0
102
RTVSPost2010PropOp41
 70
     1
102
RTVSPost2010Prop42
 90
       50
102
RTVSPost2010PropOp42
 70
     1
102
RTVSPost2010Prop43
 90
        3
102
RTVSPost2010PropOp43
 70
     1
102
RTVSPost2010Prop44ColorIndex
 90
        5
102
RTVSPost2010Prop44ColorRGB
 90
      255
102
RTVSPost2010PropOp44
 70
     1
102
RTVSPost2010Prop45
280
     0
102
RTVSPost2010PropOp45
 70
     1
102
RTVSPost2010Prop46
 90
       50
102
RTVSPost2010PropOp46
 70
     1
102
RTVSPost2010Prop47
 90
       50
102
RTVSPost2010PropOp47
 70
     1
102
RTVSPost2010Prop48
 90
       50
102
RTVSPost2010PropOp48
 70
     1
102
RTVSPost2010Prop49
280
     0
102
RTVSPost2010PropOp49
 70
     1
102
RTVSPost2010Prop50
 90
       50
102
RTVSPost2010PropOp50
 70
     1
102
RTVSPost2010Prop51ColorIndex
 90
      256
102
RTVSPost2010Prop51ColorRGB
 90
-16777216
102
RTVSPost2010PropOp51
 70
     0
102
RTVSPost2010Prop52
140
1.0
102
RTVSPost2010PropOp52
 70
     0
102
RTVSPost2010Prop53
 90
        2
102
RTVSPost2010PropOp53
 70
     1
102
RTVSPost2010Prop54
  1
strokes_ogs.tif
102
RTVSPost2010PropOp54
 70
     1
102
RTVSPost2010Prop55
280
     0
102
RTVSPost2010PropOp55
 70
     1
102
RTVSPost2010Prop56
140
1.0
102
RTVSPost2010PropOp56
 70
     1
102
RTVSPost2010Prop57
140
1.0
102
RTVSPost2010PropOp57
 70
     1
  0
XRECORD
  5
CC
102
{ACAD_REACTORS
330
CB
102
}
330
CB
100
AcDbXrecord
280
     1
102
RTVSPropertyOp0
 70
     1
102
RTVSPropertyOp1
 70
     1
102
RTVSPropertyOp2
 70
     1
102
RTVSPropertyOp3
 70
     1
102
RTVSPropertyOp4
 70
     1
102
RTVSPropertyOp5
 70
     1
102
RTVSPropertyOp6
 70
     1
102
RTVSPropertyOp7
 70
     1
102
RTVSPropertyOp8
 70
     1
102
RTVSPropertyOp9
 70
     1
102
RTVSPropertyOp10
 70
     1
102
RTVSPropertyOp11
 70
     1
102
RTVSPropertyOp12
 70
     1
102
RTVSPropertyOp13
 70
     1
102
RTVSPropertyOp14
 70
     1
102
RTVSPropertyOp15
 70
     1
102
RTVSPropertyOp16
 70
     1
102
RTVSPropertyOp17
 70
     1
102
RTVSPropertyOp18
 70
     1
102
RTVSPropertyOp19
 70
     1
102
RTVSPropertyOp20
 70
     1
102
RTVSPropertyOp21
 70
     1
102
RTVSPropertyOp22
 70
     1
102
RTVSPropertyOp23
 70
     1
102
RTVSPropertyOp24
 70
     1
102
RTVSPropertyOp25
 70
     1
102
RTVSPropertyOp26
 70
     1
102
RTVSPropertyOp27
 70
     1
102
RTVSPropertyOp28
 70
     1
102
RTVSPropertyOp29
 70
     1
102
RTVSPropertyOp30
 70
     1
102
RTVSPropertyOp31
 70
     1
102
RTVSPropertyOp32
 70
     1
102
RTVSPropertyOp33
 70
     1
102
RTVSPropertyOp34
 70
     1
102
RTVSPropertyOp35
 70
     1
102
RTVSPropertyOp36
 70
     1
102
RTVSPropertyOp37
 70
     1
102
RTVSPropertyOp38
 70
     1
102
RTVSPropertyOp39
 70
     1
102
RTVSPropertyOp40
 70
     1
102
RTVSPropertyOp41
 70
     1
102
RTVSPropertyOp42
 70
     1
102
RTVSPropertyOp43
 70
     1
102
RTVSPropertyOp44
 70
     1
102
RTVSPropertyOp45
 70
     1
102
RTVSPropertyOp46
 70
     1
102
RTVSPropertyOp47
 70
     1
102
RTVSPropertyOp48
 70
     1
102
RTVSPropertyOp49
 70
     1
102
RTVSPropertyOp50
 70
     1
102
RTVSPropertyOp51
 70
     0
102
RTVSPropertyOp52
 70
     0
102
RTVSPropertyOp53
 70
     1
102
RTVSPropertyOp54
 70
     1
102
RTVSPropertyOp55
 70
     1
102
RTVSPropertyOp56
 70
     1
102
RTVSPropertyOp57
 70
     1
102
RTVSPost2010Prop28
280
     0
102
RTVSPost2010PropOp28
 70
     1
102
RTVSPost2010Prop29
280
     1
102
RTVSPost2010PropOp29
 70
     1
102
RTVSPost2010Prop30
280
     1
102
RTVSPost2010PropOp30
 70
     1
102
RTVSPost2010Prop31
280
     0
102
RTVSPost2010PropOp31
 70
     1
102
RTVSPost2010Prop32
280
     0
102
RTVSPost2010PropOp32
 70
     1
102
RTVSPost2010Prop33
280
     0
102
RTVSPost2010PropOp33
 70
     1
102
RTVSPost2010Prop34
280
     0
102
RTVSPost2010PropOp34
 70
     1
102
RTVSPost2010Prop35
280
     0
102
RTVSPost2010PropOp35
 70
     1
102
RTVSPost2010Prop36
280
     0
102
RTVSPost2010PropOp36
 70
     1
102
RTVSPost2010Prop37
 90
       50
102
RTVSPost2010PropOp37
 70
     1
102
RTVSPost2010Prop38
140
0.0
102
RTVSPost2010PropOp38
 70
     1
102
RTVSPost2010Prop39
140
1.0
102
RTVSPost2010PropOp39
 70
     1
102
RTVSPost2010Prop40
 90
        0
102
RTVSPost2010PropOp40
 70
     1
102
RTVSPost2010Prop41ColorIndex
 90
       18
102
RTVSPost2010Prop41ColorRGB
 90
        0
102
RTVSPost2010PropOp41
 70
     1
102
RTVSPost2010Prop42
 90
       50
102
RTVSPost2010PropOp42
 70
     1
102
RTVSPost2010Prop43
 90
        3
102
RTVSPost2010PropOp43
 70
     1
102
RTVSPost2010Prop44ColorIndex
 90
        5
102
RTVSPost2010Prop44ColorRGB
 90
      255
102
RTVSPost2010PropOp44
 70
     1
102
RTVSPost2010Prop45
280
     0
102
RTVSPost2010PropOp45
 70
     1
102
RTVSPost2010Prop46
 90
       50
102
RTVSPost2010PropOp46
 70
     1
102
RTVSPost2010Prop47
 90
       50
102
RTVSPost2010PropOp47
 70
     1
102
RTVSPost2010Prop48
 90
       50
102
RTVSPost2010PropOp48
 70
     1
102
RTVSPost2010Prop49
280
     0
102
RTVSPost2010PropOp49
 70
     1
102
RTVSPost2010Prop50
 90
       50
102
RTVSPost2010PropOp50
 70
     1
102
RTVSPost2010Prop51ColorIndex
 90
      256
102
RTVSPost2010Prop51ColorRGB
 90
-16777216
102
RTVSPost2010PropOp51
 70
     0
102
RTVSPost2010Prop52
140
1.0
102
RTVSPost2010PropOp52
 70
     0
102
RTVSPost2010Prop53
 90
        2
102
RTVSPost2010PropOp53
 70
     1
102
RTVSPost2010Prop54
  1
strokes_ogs.tif
102
RTVSPost2010PropOp54
 70
     1
102
RTVSPost2010Prop55
280
     0
102
RTVSPost2010PropOp55
 70
     1
102
RTVSPost2010Prop56
140
1.0
102
RTVSPost2010PropOp56
 70
     1
102
RTVSPost2010Prop57
140
1.0
102
RTVSPost2010PropOp57
 70
     1
  0
XRECORD
  5
CE
102
{ACAD_REACTORS
330
CD
102
}
330
CD
100
AcDbXrecord
280
     1
102
RTVSPropertyOp0
 70
     1
102
RTVSPropertyOp1
 70
     1
102
RTVSPropertyOp2
 70
     1
102
RTVSPropertyOp3
 70
     1
102
RTVSPropertyOp4
 70
     1
102
RTVSPropertyOp5
 70
     1
102
RTVSPropertyOp6
 70
     1
102
RTVSPropertyOp7
 70
     1
102
RTVSPropertyOp8
 70
     1
102
RTVSPropertyOp9
 70
     1
102
RTVSPropertyOp10
 70
     1
102
RTVSPropertyOp11
 70
     1
102
RTVSPropertyOp12
 70
     1
102
RTVSPropertyOp13
 70
     1
102
RTVSPropertyOp14
 70
     1
102
RTVSPropertyOp15
 70
     1
102
RTVSPropertyOp16
 70
     1
102
RTVSPropertyOp17
 70
     1
102
RTVSPropertyOp18
 70
     1
102
RTVSPropertyOp19
 70
     1
102
RTVSPropertyOp20
 70
     1
102
RTVSPropertyOp21
 70
     1
102
RTVSPropertyOp22
 70
     1
102
RTVSPropertyOp23
 70
     1
102
RTVSPropertyOp24
 70
     1
102
RTVSPropertyOp25
 70
     1
102
RTVSPropertyOp26
 70
     1
102
RTVSPropertyOp27
 70
     1
102
RTVSPropertyOp28
 70
     1
102
RTVSPropertyOp29
 70
     1
102
RTVSPropertyOp30
 70
     1
102
RTVSPropertyOp31
 70
     1
102
RTVSPropertyOp32
 70
     1
102
RTVSPropertyOp33
 70
     1
102
RTVSPropertyOp34
 70
     1
102
RTVSPropertyOp35
 70
     1
102
RTVSPropertyOp36
 70
     1
102
RTVSPropertyOp37
 70
     1
102
RTVSPropertyOp38
 70
     1
102
RTVSPropertyOp39
 70
     1
102
RTVSPropertyOp40
 70
     1
102
RTVSPropertyOp41
 70
     1
102
RTVSPropertyOp42
 70
     1
102
RTVSPropertyOp43
 70
     1
102
RTVSPropertyOp44
 70
     1
102
RTVSPropertyOp45
 70
     1
102
RTVSPropertyOp46
 70
     1
102
RTVSPropertyOp47
 70
     1
102
RTVSPropertyOp48
 70
     1
102
RTVSPropertyOp49
 70
     1
102
RTVSPropertyOp50
 70
     1
102
RTVSPropertyOp51
 70
     0
102
RTVSPropertyOp52
 70
     0
102
RTVSPropertyOp53
 70
     1
102
RTVSPropertyOp54
 70
     1
102
RTVSPropertyOp55
 70
     1
102
RTVSPropertyOp56
 70
     1
102
RTVSPropertyOp57
 70
     1
102
RTVSPost2010Prop28
280
     0
102
RTVSPost2010PropOp28
 70
     1
102
RTVSPost2010Prop29
280
     1
102
RTVSPost2010PropOp29
 70
     1
102
RTVSPost2010Prop30
280
     1
102
RTVSPost2010PropOp30
 70
     1
102
RTVSPost2010Prop31
280
     0
102
RTVSPost2010PropOp31
 70
     1
102
RTVSPost2010Prop32
280
     0
102
RTVSPost2010PropOp32
 70
     1
102
RTVSPost2010Prop33
280
     0
102
RTVSPost2010PropOp33
 70
     1
102
RTVSPost2010Prop34
280
     0
102
RTVSPost2010PropOp34
 70
     1
102
RTVSPost2010Prop35
280
     0
102
RTVSPost2010PropOp35
 70
     1
102
RTVSPost2010Prop36
280
     0
102
RTVSPost2010PropOp36
 70
     1
102
RTVSPost2010Prop37
 90
       50
102
RTVSPost2010PropOp37
 70
     1
102
RTVSPost2010Prop38
140
0.0
102
RTVSPost2010PropOp38
 70
     1
102
RTVSPost2010Prop39
140
1.0
102
RTVSPost2010PropOp39
 70
     1
102
RTVSPost2010Prop40
 90
        0
102
RTVSPost2010PropOp40
 70
     1
102
RTVSPost2010Prop41ColorIndex
 90
       18
102
RTVSPost2010Prop41ColorRGB
 90
        0
102
RTVSPost2010PropOp41
 70
     1
102
RTVSPost2010Prop42
 90
       50
102
RTVSPost2010PropOp42
 70
     1
102
RTVSPost2010Prop43
 90
        3
102
RTVSPost2010PropOp43
 70
     1
102
RTVSPost2010Prop44ColorIndex
 90
        5
102
RTVSPost2010Prop44ColorRGB
 90
      255
102
RTVSPost2010PropOp44
 70
     1
102
RTVSPost2010Prop45
280
     0
102
RTVSPost2010PropOp45
 70
     1
102
RTVSPost2010Prop46
 90
       50
102
RTVSPost2010PropOp46
 70
     1
102
RTVSPost2010Prop47
 90
       50
102
RTVSPost2010PropOp47
 70
     1
102
RTVSPost2010Prop48
 90
       50
102
RTVSPost2010PropOp48
 70
     1
102
RTVSPost2010Prop49
280
     0
102
RTVSPost2010PropOp49
 70
     1
102
RTVSPost2010Prop50
 90
       50
102
RTVSPost2010PropOp50
 70
     1
102
RTVSPost2010Prop51ColorIndex
 90
      256
102
RTVSPost2010Prop51ColorRGB
 90
-16777216
102
RTVSPost2010PropOp51
 70
     0
102
RTVSPost2010Prop52
140
1.0
102
RTVSPost2010PropOp52
 70
     0
102
RTVSPost2010Prop53
 90
        2
102
RTVSPost2010PropOp53
 70
     1
102
RTVSPost2010Prop54
  1
strokes_ogs.tif
102
RTVSPost2010PropOp54
 70
     1
102
RTVSPost2010Prop55
280
     0
102
RTVSPost2010PropOp55
 70
     1
102
RTVSPost2010Prop56
140
1.0
102
RTVSPost2010PropOp56
 70
     1
102
RTVSPost2010Prop57
140
1.0
102
RTVSPost2010PropOp57
 70
     1
  0
XRECORD
  5
DE
102
{ACAD_REACTORS
330
DD
102
}
330
DD
100
AcDbXrecord
280
     1
102
RTVSPropertyOp0
 70
     0
102
RTVSPropertyOp1
 70
     0
102
RTVSPropertyOp2
 70
     0
102
RTVSPropertyOp3
 70
     0
102
RTVSPropertyOp4
 70
     0
102
RTVSPropertyOp5
 70
     0
102
RTVSPropertyOp6
 70
     0
102
RTVSPropertyOp7
 70
     0
102
RTVSPropertyOp8
 70
     0
102
RTVSPropertyOp9
 70
     0
102
RTVSPropertyOp10
 70
     0
102
RTVSPropertyOp11
 70
     0
102
RTVSPropertyOp12
 70
     0
102
RTVSPropertyOp13
 70
     0
102
RTVSPropertyOp14
 70
     2
102
RTVSPropertyOp15
 70
     0
102
RTVSPropertyOp16
 70
     0
102
RTVSPropertyOp17
 70
     0
102
RTVSPropertyOp18
 70
     0
102
RTVSPropertyOp19
 70
     0
102
RTVSPropertyOp20
 70
     0
102
RTVSPropertyOp21
 70
     0
102
RTVSPropertyOp22
 70
     0
102
RTVSPropertyOp23
 70
     0
102
RTVSPropertyOp24
 70
     0
102
RTVSPropertyOp25
 70
     0
102
RTVSPropertyOp26
 70
     0
102
RTVSPropertyOp27
 70
     0
102
RTVSPropertyOp28
 70
     0
102
RTVSPropertyOp29
 70
     0
102
RTVSPropertyOp30
 70
     0
102
RTVSPropertyOp31
 70
     0
102
RTVSPropertyOp32
 70
     0
102
RTVSPropertyOp33
 70
     0
102
RTVSPropertyOp34
 70
     0
102
RTVSPropertyOp35
 70
     0
102
RTVSPropertyOp36
 70
     0
102
RTVSPropertyOp37
 70
     0
102
RTVSPropertyOp38
 70
     0
102
RTVSPropertyOp39
 70
     0
102
RTVSPropertyOp40
 70
     0
102
RTVSPropertyOp41
 70
     0
102
RTVSPropertyOp42
 70
     0
102
RTVSPropertyOp43
 70
     0
102
RTVSPropertyOp44
 70
     0
102
RTVSPropertyOp45
 70
     0
102
RTVSPropertyOp46
 70
     0
102
RTVSPropertyOp47
 70
     0
102
RTVSPropertyOp48
 70
     0
102
RTVSPropertyOp49
 70
     0
102
RTVSPropertyOp50
 70
     0
102
RTVSPropertyOp51
 70
     0
102
RTVSPropertyOp52
 70
     0
102
RTVSPropertyOp53
 70
     0
102
RTVSPropertyOp54
 70
     0
102
RTVSPropertyOp55
 70
     0
102
RTVSPropertyOp56
 70
     0
102
RTVSPropertyOp57
 70
     0
102
RTVSPost2010Prop28
280
     0
102
RTVSPost2010PropOp28
 70
     0
102
RTVSPost2010Prop29
280
     1
102
RTVSPost2010PropOp29
 70
     0
102
RTVSPost2010Prop30
280
     1
102
RTVSPost2010PropOp30
 70
     0
102
RTVSPost2010Prop31
280
     0
102
RTVSPost2010PropOp31
 70
     0
102
RTVSPost2010Prop32
280
     0
102
RTVSPost2010PropOp32
 70
     0
102
RTVSPost2010Prop33
280
     0
102
RTVSPost2010PropOp33
 70
     0
102
RTVSPost2010Prop34
280
     0
102
RTVSPost2010PropOp34
 70
     0
102
RTVSPost2010Prop35
280
     0
102
RTVSPost2010PropOp35
 70
     0
102
RTVSPost2010Prop36
280
     0
102
RTVSPost2010PropOp36
 70
     0
102
RTVSPost2010Prop37
 90
       50
102
RTVSPost2010PropOp37
 70
     0
102
RTVSPost2010Prop38
140
0.0
102
RTVSPost2010PropOp38
 70
     0
102
RTVSPost2010Prop39
140
1.0
102
RTVSPost2010PropOp39
 70
     0
102
RTVSPost2010Prop40
 90
        0
102
RTVSPost2010PropOp40
 70
     0
102
RTVSPost2010Prop41ColorIndex
 90
       18
102
RTVSPost2010Prop41ColorRGB
 90
        0
102
RTVSPost2010PropOp41
 70
     0
102
RTVSPost2010Prop42
 90
       50
102
RTVSPost2010PropOp42
 70
     0
102
RTVSPost2010Prop43
 90
        3
102
RTVSPost2010PropOp43
 70
     0
102
RTVSPost2010Prop44ColorIndex
 90
        5
102
RTVSPost2010Prop44ColorRGB
 90
      255
102
RTVSPost2010PropOp44
 70
     0
102
RTVSPost2010Prop45
280
     0
102
RTVSPost2010PropOp45
 70
     0
102
RTVSPost2010Prop46
 90
       50
102
RTVSPost2010PropOp46
 70
     0
102
RTVSPost2010Prop47
 90
       50
102
RTVSPost2010PropOp47
 70
     0
102
RTVSPost2010Prop48
 90
       50
102
RTVSPost2010PropOp48
 70
     0
102
RTVSPost2010Prop49
280
     0
102
RTVSPost2010PropOp49
 70
     0
102
RTVSPost2010Prop50
 90
       50
102
RTVSPost2010PropOp50
 70
     0
102
RTVSPost2010Prop51ColorIndex
 90
      256
102
RTVSPost2010Prop51ColorRGB
 90
-16777216
102
RTVSPost2010PropOp51
 70
     0
102
RTVSPost2010Prop52
140
1.0
102
RTVSPost2010PropOp52
 70
     0
102
RTVSPost2010Prop53
 90
        2
102
RTVSPost2010PropOp53
 70
     0
102
RTVSPost2010Prop54
  1
strokes_ogs.tif
102
RTVSPost2010PropOp54
 70
     0
102
RTVSPost2010Prop55
280
     0
102
RTVSPost2010PropOp55
 70
     0
102
RTVSPost2010Prop56
140
1.0
102
RTVSPost2010PropOp56
 70
     0
102
RTVSPost2010Prop57
140
1.0
102
RTVSPost2010PropOp57
 70
     0
  0
XRECORD
  5
D6
102
{ACAD_REACTORS
330
D5
102
}
330
D5
100
AcDbXrecord
280
     1
102
RTVSPropertyOp0
 70
     1
102
RTVSPropertyOp1
 70
     1
102
RTVSPropertyOp2
 70
     1
102
RTVSPropertyOp3
 70
     1
102
RTVSPropertyOp4
 70
     1
102
RTVSPropertyOp5
 70
     1
102
RTVSPropertyOp6
 70
     1
102
RTVSPropertyOp7
 70
     1
102
RTVSPropertyOp8
 70
     1
102
RTVSPropertyOp9
 70
     1
102
RTVSPropertyOp10
 70
     1
102
RTVSPropertyOp11
 70
     1
102
RTVSPropertyOp12
 70
     1
102
RTVSPropertyOp13
 70
     1
102
RTVSPropertyOp14
 70
     1
102
RTVSPropertyOp15
 70
     1
102
RTVSPropertyOp16
 70
     1
102
RTVSPropertyOp17
 70
     1
102
RTVSPropertyOp18
 70
     1
102
RTVSPropertyOp19
 70
     1
102
RTVSPropertyOp20
 70
     1
102
RTVSPropertyOp21
 70
     1
102
RTVSPropertyOp22
 70
     1
102
RTVSPropertyOp23
 70
     1
102
RTVSPropertyOp24
 70
     1
102
RTVSPropertyOp25
 70
     1
102
RTVSPropertyOp26
 70
     1
102
RTVSPropertyOp27
 70
     1
102
RTVSPropertyOp28
 70
     1
102
RTVSPropertyOp29
 70
     1
102
RTVSPropertyOp30
 70
     1
102
RTVSPropertyOp31
 70
     1
102
RTVSPropertyOp32
 70
     1
102
RTVSPropertyOp33
 70
     1
102
RTVSPropertyOp34
 70
     1
102
RTVSPropertyOp35
 70
     1
102
RTVSPropertyOp36
 70
     1
102
RTVSPropertyOp37
 70
     1
102
RTVSPropertyOp38
 70
     1
102
RTVSPropertyOp39
 70
     1
102
RTVSPropertyOp40
 70
     1
102
RTVSPropertyOp41
 70
     1
102
RTVSPropertyOp42
 70
     1
102
RTVSPropertyOp43
 70
     1
102
RTVSPropertyOp44
 70
     1
102
RTVSPropertyOp45
 70
     1
102
RTVSPropertyOp46
 70
     1
102
RTVSPropertyOp47
 70
     1
102
RTVSPropertyOp48
 70
     1
102
RTVSPropertyOp49
 70
     1
102
RTVSPropertyOp50
 70
     1
102
RTVSPropertyOp51
 70
     0
102
RTVSPropertyOp52
 70
     0
102
RTVSPropertyOp53
 70
     1
102
RTVSPropertyOp54
 70
     1
102
RTVSPropertyOp55
 70
     1
102
RTVSPropertyOp56
 70
     1
102
RTVSPropertyOp57
 70
     1
102
RTVSPost2010Prop28
280
     0
102
RTVSPost2010PropOp28
 70
     1
102
RTVSPost2010Prop29
280
     1
102
RTVSPost2010PropOp29
 70
     1
102
RTVSPost2010Prop30
280
     1
102
RTVSPost2010PropOp30
 70
     1
102
RTVSPost2010Prop31
280
     0
102
RTVSPost2010PropOp31
 70
     1
102
RTVSPost2010Prop32
280
     0
102
RTVSPost2010PropOp32
 70
     1
102
RTVSPost2010Prop33
280
     0
102
RTVSPost2010PropOp33
 70
     1
102
RTVSPost2010Prop34
280
     0
102
RTVSPost2010PropOp34
 70
     1
102
RTVSPost2010Prop35
280
     0
102
RTVSPost2010PropOp35
 70
     1
102
RTVSPost2010Prop36
280
     0
102
RTVSPost2010PropOp36
 70
     1
102
RTVSPost2010Prop37
 90
       50
102
RTVSPost2010PropOp37
 70
     1
102
RTVSPost2010Prop38
140
0.0
102
RTVSPost2010PropOp38
 70
     1
102
RTVSPost2010Prop39
140
1.0
102
RTVSPost2010PropOp39
 70
     1
102
RTVSPost2010Prop40
 90
        0
102
RTVSPost2010PropOp40
 70
     1
102
RTVSPost2010Prop41ColorIndex
 90
       18
102
RTVSPost2010Prop41ColorRGB
 90
        0
102
RTVSPost2010PropOp41
 70
     1
102
RTVSPost2010Prop42
 90
       50
102
RTVSPost2010PropOp42
 70
     1
102
RTVSPost2010Prop43
 90
        3
102
RTVSPost2010PropOp43
 70
     1
102
RTVSPost2010Prop44ColorIndex
 90
        5
102
RTVSPost2010Prop44ColorRGB
 90
      255
102
RTVSPost2010PropOp44
 70
     1
102
RTVSPost2010Prop45
280
     0
102
RTVSPost2010PropOp45
 70
     1
102
RTVSPost2010Prop46
 90
       50
102
RTVSPost2010PropOp46
 70
     1
102
RTVSPost2010Prop47
 90
       50
102
RTVSPost2010PropOp47
 70
     1
102
RTVSPost2010Prop48
 90
       50
102
RTVSPost2010PropOp48
 70
     1
102
RTVSPost2010Prop49
280
     0
102
RTVSPost2010PropOp49
 70
     1
102
RTVSPost2010Prop50
 90
       50
102
RTVSPost2010PropOp50
 70
     1
102
RTVSPost2010Prop51ColorIndex
 90
      256
102
RTVSPost2010Prop51ColorRGB
 90
-16777216
102
RTVSPost2010PropOp51
 70
     0
102
RTVSPost2010Prop52
140
1.0
102
RTVSPost2010PropOp52
 70
     0
102
RTVSPost2010Prop53
 90
        2
102
RTVSPost2010PropOp53
 70
     1
102
RTVSPost2010Prop54
  1
strokes_ogs.tif
102
RTVSPost2010PropOp54
 70
     1
102
RTVSPost2010Prop55
280
     0
102
RTVSPost2010PropOp55
 70
     1
102
RTVSPost2010Prop56
140
1.0
102
RTVSPost2010PropOp56
 70
     1
102
RTVSPost2010Prop57
140
1.0
102
RTVSPost2010PropOp57
 70
     1
  0
XRECORD
  5
BA
102
{ACAD_REACTORS
330
B9
102
}
330
B9
100
AcDbXrecord
280
     1
102
RTVSPropertyOp0
 70
     1
102
RTVSPropertyOp1
 70
     1
102
RTVSPropertyOp2
 70
     1
102
RTVSPropertyOp3
 70
     1
102
RTVSPropertyOp4
 70
     1
102
RTVSPropertyOp5
 70
     1
102
RTVSPropertyOp6
 70
     1
102
RTVSPropertyOp7
 70
     1
102
RTVSPropertyOp8
 70
     1
102
RTVSPropertyOp9
 70
     1
102
RTVSPropertyOp10
 70
     1
102
RTVSPropertyOp11
 70
     1
102
RTVSPropertyOp12
 70
     1
102
RTVSPropertyOp13
 70
     1
102
RTVSPropertyOp14
 70
     1
102
RTVSPropertyOp15
 70
     1
102
RTVSPropertyOp16
 70
     1
102
RTVSPropertyOp17
 70
     1
102
RTVSPropertyOp18
 70
     1
102
RTVSPropertyOp19
 70
     1
102
RTVSPropertyOp20
 70
     1
102
RTVSPropertyOp21
 70
     1
102
RTVSPropertyOp22
 70
     1
102
RTVSPropertyOp23
 70
     1
102
RTVSPropertyOp24
 70
     1
102
RTVSPropertyOp25
 70
     1
102
RTVSPropertyOp26
 70
     1
102
RTVSPropertyOp27
 70
     1
102
RTVSPropertyOp28
 70
     1
102
RTVSPropertyOp29
 70
     1
102
RTVSPropertyOp30
 70
     1
102
RTVSPropertyOp31
 70
     1
102
RTVSPropertyOp32
 70
     1
102
RTVSPropertyOp33
 70
     1
102
RTVSPropertyOp34
 70
     1
102
RTVSPropertyOp35
 70
     1
102
RTVSPropertyOp36
 70
     1
102
RTVSPropertyOp37
 70
     1
102
RTVSPropertyOp38
 70
     1
102
RTVSPropertyOp39
 70
     1
102
RTVSPropertyOp40
 70
     1
102
RTVSPropertyOp41
 70
     1
102
RTVSPropertyOp42
 70
     1
102
RTVSPropertyOp43
 70
     1
102
RTVSPropertyOp44
 70
     1
102
RTVSPropertyOp45
 70
     1
102
RTVSPropertyOp46
 70
     1
102
RTVSPropertyOp47
 70
     1
102
RTVSPropertyOp48
 70
     1
102
RTVSPropertyOp49
 70
     1
102
RTVSPropertyOp50
 70
     1
102
RTVSPropertyOp51
 70
     0
102
RTVSPropertyOp52
 70
     0
102
RTVSPropertyOp53
 70
     1
102
RTVSPropertyOp54
 70
     1
102
RTVSPropertyOp55
 70
     1
102
RTVSPropertyOp56
 70
     1
102
RTVSPropertyOp57
 70
     1
102
RTVSPost2010Prop28
280
     0
102
RTVSPost2010PropOp28
 70
     1
102
RTVSPost2010Prop29
280
     1
102
RTVSPost2010PropOp29
 70
     1
102
RTVSPost2010Prop30
280
     1
102
RTVSPost2010PropOp30
 70
     1
102
RTVSPost2010Prop31
280
     0
102
RTVSPost2010PropOp31
 70
     1
102
RTVSPost2010Prop32
280
     0
102
RTVSPost2010PropOp32
 70
     1
102
RTVSPost2010Prop33
280
     0
102
RTVSPost2010PropOp33
 70
     1
102
RTVSPost2010Prop34
280
     0
102
RTVSPost2010PropOp34
 70
     1
102
RTVSPost2010Prop35
280
     0
102
RTVSPost2010PropOp35
 70
     1
102
RTVSPost2010Prop36
280
     0
102
RTVSPost2010PropOp36
 70
     1
102
RTVSPost2010Prop37
 90
       50
102
RTVSPost2010PropOp37
 70
     1
102
RTVSPost2010Prop38
140
0.0
102
RTVSPost2010PropOp38
 70
     1
102
RTVSPost2010Prop39
140
1.0
102
RTVSPost2010PropOp39
 70
     1
102
RTVSPost2010Prop40
 90
        0
102
RTVSPost2010PropOp40
 70
     1
102
RTVSPost2010Prop41ColorIndex
 90
       18
102
RTVSPost2010Prop41ColorRGB
 90
        0
102
RTVSPost2010PropOp41
 70
     1
102
RTVSPost2010Prop42
 90
       50
102
RTVSPost2010PropOp42
 70
     1
102
RTVSPost2010Prop43
 90
        3
102
RTVSPost2010PropOp43
 70
     1
102
RTVSPost2010Prop44ColorIndex
 90
        5
102
RTVSPost2010Prop44ColorRGB
 90
      255
102
RTVSPost2010PropOp44
 70
     1
102
RTVSPost2010Prop45
280
     0
102
RTVSPost2010PropOp45
 70
     1
102
RTVSPost2010Prop46
 90
       50
102
RTVSPost2010PropOp46
 70
     1
102
RTVSPost2010Prop47
 90
       50
102
RTVSPost2010PropOp47
 70
     1
102
RTVSPost2010Prop48
 90
       50
102
RTVSPost2010PropOp48
 70
     1
102
RTVSPost2010Prop49
280
     0
102
RTVSPost2010PropOp49
 70
     1
102
RTVSPost2010Prop50
 90
       50
102
RTVSPost2010PropOp50
 70
     1
102
RTVSPost2010Prop51ColorIndex
 90
      256
102
RTVSPost2010Prop51ColorRGB
 90
-16777216
102
RTVSPost2010PropOp51
 70
     0
102
RTVSPost2010Prop52
140
1.0
102
RTVSPost2010PropOp52
 70
     0
102
RTVSPost2010Prop53
 90
        2
102
RTVSPost2010PropOp53
 70
     1
102
RTVSPost2010Prop54
  1
strokes_ogs.tif
102
RTVSPost2010PropOp54
 70
     1
102
RTVSPost2010Prop55
280
     0
102
RTVSPost2010PropOp55
 70
     1
102
RTVSPost2010Prop56
140
1.0
102
RTVSPost2010PropOp56
 70
     1
102
RTVSPost2010Prop57
140
1.0
102
RTVSPost2010PropOp57
 70
     1
  0
XRECORD
  5
BC
102
{ACAD_REACTORS
330
BB
102
}
330
BB
100
AcDbXrecord
280
     1
102
RTVSPropertyOp0
 70
     1
102
RTVSPropertyOp1
 70
     1
102
RTVSPropertyOp2
 70
     1
102
RTVSPropertyOp3
 70
     1
102
RTVSPropertyOp4
 70
     1
102
RTVSPropertyOp5
 70
     1
102
RTVSPropertyOp6
 70
     1
102
RTVSPropertyOp7
 70
     1
102
RTVSPropertyOp8
 70
     1
102
RTVSPropertyOp9
 70
     1
102
RTVSPropertyOp10
 70
     1
102
RTVSPropertyOp11
 70
     1
102
RTVSPropertyOp12
 70
     1
102
RTVSPropertyOp13
 70
     1
102
RTVSPropertyOp14
 70
     1
102
RTVSPropertyOp15
 70
     1
102
RTVSPropertyOp16
 70
     1
102
RTVSPropertyOp17
 70
     1
102
RTVSPropertyOp18
 70
     1
102
RTVSPropertyOp19
 70
     1
102
RTVSPropertyOp20
 70
     1
102
RTVSPropertyOp21
 70
     1
102
RTVSPropertyOp22
 70
     1
102
RTVSPropertyOp23
 70
     1
102
RTVSPropertyOp24
 70
     1
102
RTVSPropertyOp25
 70
     1
102
RTVSPropertyOp26
 70
     1
102
RTVSPropertyOp27
 70
     1
102
RTVSPropertyOp28
 70
     1
102
RTVSPropertyOp29
 70
     1
102
RTVSPropertyOp30
 70
     1
102
RTVSPropertyOp31
 70
     1
102
RTVSPropertyOp32
 70
     1
102
RTVSPropertyOp33
 70
     1
102
RTVSPropertyOp34
 70
     1
102
RTVSPropertyOp35
 70
     1
102
RTVSPropertyOp36
 70
     1
102
RTVSPropertyOp37
 70
     1
102
RTVSPropertyOp38
 70
     1
102
RTVSPropertyOp39
 70
     1
102
RTVSPropertyOp40
 70
     1
102
RTVSPropertyOp41
 70
     1
102
RTVSPropertyOp42
 70
     1
102
RTVSPropertyOp43
 70
     1
102
RTVSPropertyOp44
 70
     1
102
RTVSPropertyOp45
 70
     1
102
RTVSPropertyOp46
 70
     1
102
RTVSPropertyOp47
 70
     1
102
RTVSPropertyOp48
 70
     1
102
RTVSPropertyOp49
 70
     1
102
RTVSPropertyOp50
 70
     1
102
RTVSPropertyOp51
 70
     0
102
RTVSPropertyOp52
 70
     0
102
RTVSPropertyOp53
 70
     1
102
RTVSPropertyOp54
 70
     1
102
RTVSPropertyOp55
 70
     1
102
RTVSPropertyOp56
 70
     1
102
RTVSPropertyOp57
 70
     1
102
RTVSPost2010Prop28
280
     0
102
RTVSPost2010PropOp28
 70
     1
102
RTVSPost2010Prop29
280
     1
102
RTVSPost2010PropOp29
 70
     1
102
RTVSPost2010Prop30
280
     1
102
RTVSPost2010PropOp30
 70
     1
102
RTVSPost2010Prop31
280
     0
102
RTVSPost2010PropOp31
 70
     1
102
RTVSPost2010Prop32
280
     0
102
RTVSPost2010PropOp32
 70
     1
102
RTVSPost2010Prop33
280
     0
102
RTVSPost2010PropOp33
 70
     1
102
RTVSPost2010Prop34
280
     0
102
RTVSPost2010PropOp34
 70
     1
102
RTVSPost2010Prop35
280
     0
102
RTVSPost2010PropOp35
 70
     1
102
RTVSPost2010Prop36
280
     0
102
RTVSPost2010PropOp36
 70
     1
102
RTVSPost2010Prop37
 90
       50
102
RTVSPost2010PropOp37
 70
     1
102
RTVSPost2010Prop38
140
0.0
102
RTVSPost2010PropOp38
 70
     1
102
RTVSPost2010Prop39
140
1.0
102
RTVSPost2010PropOp39
 70
     1
102
RTVSPost2010Prop40
 90
        0
102
RTVSPost2010PropOp40
 70
     1
102
RTVSPost2010Prop41ColorIndex
 90
       18
102
RTVSPost2010Prop41ColorRGB
 90
        0
102
RTVSPost2010PropOp41
 70
     1
102
RTVSPost2010Prop42
 90
       50
102
RTVSPost2010PropOp42
 70
     1
102
RTVSPost2010Prop43
 90
        3
102
RTVSPost2010PropOp43
 70
     1
102
RTVSPost2010Prop44ColorIndex
 90
        5
102
RTVSPost2010Prop44ColorRGB
 90
      255
102
RTVSPost2010PropOp44
 70
     1
102
RTVSPost2010Prop45
280
     0
102
RTVSPost2010PropOp45
 70
     1
102
RTVSPost2010Prop46
 90
       50
102
RTVSPost2010PropOp46
 70
     1
102
RTVSPost2010Prop47
 90
       50
102
RTVSPost2010PropOp47
 70
     1
102
RTVSPost2010Prop48
 90
       50
102
RTVSPost2010PropOp48
 70
     1
102
RTVSPost2010Prop49
280
     0
102
RTVSPost2010PropOp49
 70
     1
102
RTVSPost2010Prop50
 90
       50
102
RTVSPost2010PropOp50
 70
     1
102
RTVSPost2010Prop51ColorIndex
 90
      256
102
RTVSPost2010Prop51ColorRGB
 90
-16777216
102
RTVSPost2010PropOp51
 70
     0
102
RTVSPost2010Prop52
140
1.0
102
RTVSPost2010PropOp52
 70
     0
102
RTVSPost2010Prop53
 90
        2
102
RTVSPost2010PropOp53
 70
     1
102
RTVSPost2010Prop54
  1
strokes_ogs.tif
102
RTVSPost2010PropOp54
 70
     1
102
RTVSPost2010Prop55
280
     0
102
RTVSPost2010PropOp55
 70
     1
102
RTVSPost2010Prop56
140
1.0
102
RTVSPost2010PropOp56
 70
     1
102
RTVSPost2010Prop57
140
1.0
102
RTVSPost2010PropOp57
 70
     1
  0
XRECORD
  5
BE
102
{ACAD_REACTORS
330
BD
102
}
330
BD
100
AcDbXrecord
280
     1
102
RTVSPropertyOp0
 70
     1
102
RTVSPropertyOp1
 70
     1
102
RTVSPropertyOp2
 70
     1
102
RTVSPropertyOp3
 70
     1
102
RTVSPropertyOp4
 70
     1
102
RTVSPropertyOp5
 70
     1
102
RTVSPropertyOp6
 70
     1
102
RTVSPropertyOp7
 70
     1
102
RTVSPropertyOp8
 70
     1
102
RTVSPropertyOp9
 70
     1
102
RTVSPropertyOp10
 70
     1
102
RTVSPropertyOp11
 70
     1
102
RTVSPropertyOp12
 70
     1
102
RTVSPropertyOp13
 70
     1
102
RTVSPropertyOp14
 70
     1
102
RTVSPropertyOp15
 70
     1
102
RTVSPropertyOp16
 70
     1
102
RTVSPropertyOp17
 70
     1
102
RTVSPropertyOp18
 70
     1
102
RTVSPropertyOp19
 70
     1
102
RTVSPropertyOp20
 70
     1
102
RTVSPropertyOp21
 70
     1
102
RTVSPropertyOp22
 70
     1
102
RTVSPropertyOp23
 70
     1
102
RTVSPropertyOp24
 70
     1
102
RTVSPropertyOp25
 70
     1
102
RTVSPropertyOp26
 70
     1
102
RTVSPropertyOp27
 70
     1
102
RTVSPropertyOp28
 70
     1
102
RTVSPropertyOp29
 70
     1
102
RTVSPropertyOp30
 70
     1
102
RTVSPropertyOp31
 70
     1
102
RTVSPropertyOp32
 70
     1
102
RTVSPropertyOp33
 70
     1
102
RTVSPropertyOp34
 70
     1
102
RTVSPropertyOp35
 70
     1
102
RTVSPropertyOp36
 70
     1
102
RTVSPropertyOp37
 70
     1
102
RTVSPropertyOp38
 70
     1
102
RTVSPropertyOp39
 70
     1
102
RTVSPropertyOp40
 70
     1
102
RTVSPropertyOp41
 70
     1
102
RTVSPropertyOp42
 70
     1
102
RTVSPropertyOp43
 70
     1
102
RTVSPropertyOp44
 70
     1
102
RTVSPropertyOp45
 70
     1
102
RTVSPropertyOp46
 70
     1
102
RTVSPropertyOp47
 70
     1
102
RTVSPropertyOp48
 70
     1
102
RTVSPropertyOp49
 70
     1
102
RTVSPropertyOp50
 70
     1
102
RTVSPropertyOp51
 70
     0
102
RTVSPropertyOp52
 70
     0
102
RTVSPropertyOp53
 70
     1
102
RTVSPropertyOp54
 70
     1
102
RTVSPropertyOp55
 70
     1
102
RTVSPropertyOp56
 70
     1
102
RTVSPropertyOp57
 70
     1
102
RTVSPost2010Prop28
280
     0
102
RTVSPost2010PropOp28
 70
     1
102
RTVSPost2010Prop29
280
     1
102
RTVSPost2010PropOp29
 70
     1
102
RTVSPost2010Prop30
280
     1
102
RTVSPost2010PropOp30
 70
     1
102
RTVSPost2010Prop31
280
     0
102
RTVSPost2010PropOp31
 70
     1
102
RTVSPost2010Prop32
280
     0
102
RTVSPost2010PropOp32
 70
     1
102
RTVSPost2010Prop33
280
     0
102
RTVSPost2010PropOp33
 70
     1
102
RTVSPost2010Prop34
280
     0
102
RTVSPost2010PropOp34
 70
     1
102
RTVSPost2010Prop35
280
     0
102
RTVSPost2010PropOp35
 70
     1
102
RTVSPost2010Prop36
280
     0
102
RTVSPost2010PropOp36
 70
     1
102
RTVSPost2010Prop37
 90
       50
102
RTVSPost2010PropOp37
 70
     1
102
RTVSPost2010Prop38
140
0.0
102
RTVSPost2010PropOp38
 70
     1
102
RTVSPost2010Prop39
140
1.0
102
RTVSPost2010PropOp39
 70
     1
102
RTVSPost2010Prop40
 90
        0
102
RTVSPost2010PropOp40
 70
     1
102
RTVSPost2010Prop41ColorIndex
 90
       18
102
RTVSPost2010Prop41ColorRGB
 90
        0
102
RTVSPost2010PropOp41
 70
     1
102
RTVSPost2010Prop42
 90
       50
102
RTVSPost2010PropOp42
 70
     1
102
RTVSPost2010Prop43
 90
        3
102
RTVSPost2010PropOp43
 70
     1
102
RTVSPost2010Prop44ColorIndex
 90
        5
102
RTVSPost2010Prop44ColorRGB
 90
      255
102
RTVSPost2010PropOp44
 70
     1
102
RTVSPost2010Prop45
280
     0
102
RTVSPost2010PropOp45
 70
     1
102
RTVSPost2010Prop46
 90
       50
102
RTVSPost2010PropOp46
 70
     1
102
RTVSPost2010Prop47
 90
       50
102
RTVSPost2010PropOp47
 70
     1
102
RTVSPost2010Prop48
 90
       50
102
RTVSPost2010PropOp48
 70
     1
102
RTVSPost2010Prop49
280
     0
102
RTVSPost2010PropOp49
 70
     1
102
RTVSPost2010Prop50
 90
       50
102
RTVSPost2010PropOp50
 70
     1
102
RTVSPost2010Prop51ColorIndex
 90
      256
102
RTVSPost2010Prop51ColorRGB
 90
-16777216
102
RTVSPost2010PropOp51
 70
     0
102
RTVSPost2010Prop52
140
1.0
102
RTVSPost2010PropOp52
 70
     0
102
RTVSPost2010Prop53
 90
        2
102
RTVSPost2010PropOp53
 70
     1
102
RTVSPost2010Prop54
  1
strokes_ogs.tif
102
RTVSPost2010PropOp54
 70
     1
102
RTVSPost2010Prop55
280
     0
102
RTVSPost2010PropOp55
 70
     1
102
RTVSPost2010Prop56
140
1.0
102
RTVSPost2010PropOp56
 70
     1
102
RTVSPost2010Prop57
140
1.0
102
RTVSPost2010PropOp57
 70
     1
  0
XRECORD
  5
C0
102
{ACAD_REACTORS
330
BF
102
}
330
BF
100
AcDbXrecord
280
     1
102
RTVSPropertyOp0
 70
     1
102
RTVSPropertyOp1
 70
     1
102
RTVSPropertyOp2
 70
     1
102
RTVSPropertyOp3
 70
     1
102
RTVSPropertyOp4
 70
     1
102
RTVSPropertyOp5
 70
     1
102
RTVSPropertyOp6
 70
     1
102
RTVSPropertyOp7
 70
     1
102
RTVSPropertyOp8
 70
     1
102
RTVSPropertyOp9
 70
     1
102
RTVSPropertyOp10
 70
     1
102
RTVSPropertyOp11
 70
     1
102
RTVSPropertyOp12
 70
     1
102
RTVSPropertyOp13
 70
     1
102
RTVSPropertyOp14
 70
     1
102
RTVSPropertyOp15
 70
     1
102
RTVSPropertyOp16
 70
     1
102
RTVSPropertyOp17
 70
     1
102
RTVSPropertyOp18
 70
     1
102
RTVSPropertyOp19
 70
     1
102
RTVSPropertyOp20
 70
     1
102
RTVSPropertyOp21
 70
     1
102
RTVSPropertyOp22
 70
     1
102
RTVSPropertyOp23
 70
     1
102
RTVSPropertyOp24
 70
     1
102
RTVSPropertyOp25
 70
     1
102
RTVSPropertyOp26
 70
     1
102
RTVSPropertyOp27
 70
     1
102
RTVSPropertyOp28
 70
     1
102
RTVSPropertyOp29
 70
     1
102
RTVSPropertyOp30
 70
     1
102
RTVSPropertyOp31
 70
     1
102
RTVSPropertyOp32
 70
     1
102
RTVSPropertyOp33
 70
     1
102
RTVSPropertyOp34
 70
     1
102
RTVSPropertyOp35
 70
     1
102
RTVSPropertyOp36
 70
     1
102
RTVSPropertyOp37
 70
     1
102
RTVSPropertyOp38
 70
     1
102
RTVSPropertyOp39
 70
     1
102
RTVSPropertyOp40
 70
     1
102
RTVSPropertyOp41
 70
     1
102
RTVSPropertyOp42
 70
     1
102
RTVSPropertyOp43
 70
     1
102
RTVSPropertyOp44
 70
     1
102
RTVSPropertyOp45
 70
     1
102
RTVSPropertyOp46
 70
     1
102
RTVSPropertyOp47
 70
     1
102
RTVSPropertyOp48
 70
     1
102
RTVSPropertyOp49
 70
     1
102
RTVSPropertyOp50
 70
     1
102
RTVSPropertyOp51
 70
     0
102
RTVSPropertyOp52
 70
     0
102
RTVSPropertyOp53
 70
     1
102
RTVSPropertyOp54
 70
     1
102
RTVSPropertyOp55
 70
     1
102
RTVSPropertyOp56
 70
     1
102
RTVSPropertyOp57
 70
     1
102
RTVSPost2010Prop28
280
     0
102
RTVSPost2010PropOp28
 70
     1
102
RTVSPost2010Prop29
280
     1
102
RTVSPost2010PropOp29
 70
     1
102
RTVSPost2010Prop30
280
     1
102
RTVSPost2010PropOp30
 70
     1
102
RTVSPost2010Prop31
280
     0
102
RTVSPost2010PropOp31
 70
     1
102
RTVSPost2010Prop32
280
     0
102
RTVSPost2010PropOp32
 70
     1
102
RTVSPost2010Prop33
280
     0
102
RTVSPost2010PropOp33
 70
     1
102
RTVSPost2010Prop34
280
     0
102
RTVSPost2010PropOp34
 70
     1
102
RTVSPost2010Prop35
280
     0
102
RTVSPost2010PropOp35
 70
     1
102
RTVSPost2010Prop36
280
     0
102
RTVSPost2010PropOp36
 70
     1
102
RTVSPost2010Prop37
 90
       50
102
RTVSPost2010PropOp37
 70
     1
102
RTVSPost2010Prop38
140
0.0
102
RTVSPost2010PropOp38
 70
     1
102
RTVSPost2010Prop39
140
1.0
102
RTVSPost2010PropOp39
 70
     1
102
RTVSPost2010Prop40
 90
        0
102
RTVSPost2010PropOp40
 70
     1
102
RTVSPost2010Prop41ColorIndex
 90
       18
102
RTVSPost2010Prop41ColorRGB
 90
        0
102
RTVSPost2010PropOp41
 70
     1
102
RTVSPost2010Prop42
 90
       50
102
RTVSPost2010PropOp42
 70
     1
102
RTVSPost2010Prop43
 90
        3
102
RTVSPost2010PropOp43
 70
     1
102
RTVSPost2010Prop44ColorIndex
 90
        5
102
RTVSPost2010Prop44ColorRGB
 90
      255
102
RTVSPost2010PropOp44
 70
     1
102
RTVSPost2010Prop45
280
     0
102
RTVSPost2010PropOp45
 70
     1
102
RTVSPost2010Prop46
 90
       50
102
RTVSPost2010PropOp46
 70
     1
102
RTVSPost2010Prop47
 90
       50
102
RTVSPost2010PropOp47
 70
     1
102
RTVSPost2010Prop48
 90
       50
102
RTVSPost2010PropOp48
 70
     1
102
RTVSPost2010Prop49
280
     0
102
RTVSPost2010PropOp49
 70
     1
102
RTVSPost2010Prop50
 90
       50
102
RTVSPost2010PropOp50
 70
     1
102
RTVSPost2010Prop51ColorIndex
 90
      256
102
RTVSPost2010Prop51ColorRGB
 90
-16777216
102
RTVSPost2010PropOp51
 70
     0
102
RTVSPost2010Prop52
140
1.0
102
RTVSPost2010PropOp52
 70
     0
102
RTVSPost2010Prop53
 90
        2
102
RTVSPost2010PropOp53
 70
     1
102
RTVSPost2010Prop54
  1
strokes_ogs.tif
102
RTVSPost2010PropOp54
 70
     1
102
RTVSPost2010Prop55
280
     0
102
RTVSPost2010PropOp55
 70
     1
102
RTVSPost2010Prop56
140
1.0
102
RTVSPost2010PropOp56
 70
     1
102
RTVSPost2010Prop57
140
1.0
102
RTVSPost2010PropOp57
 70
     1
  0
XRECORD
  5
C6
102
{ACAD_REACTORS
330
C5
102
}
330
C5
100
AcDbXrecord
280
     1
102
RTVSPropertyOp0
 70
     1
102
RTVSPropertyOp1
 70
     1
102
RTVSPropertyOp2
 70
     1
102
RTVSPropertyOp3
 70
     1
102
RTVSPropertyOp4
 70
     1
102
RTVSPropertyOp5
 70
     1
102
RTVSPropertyOp6
 70
     1
102
RTVSPropertyOp7
 70
     1
102
RTVSPropertyOp8
 70
     1
102
RTVSPropertyOp9
 70
     1
102
RTVSPropertyOp10
 70
     1
102
RTVSPropertyOp11
 70
     1
102
RTVSPropertyOp12
 70
     1
102
RTVSPropertyOp13
 70
     1
102
RTVSPropertyOp14
 70
     1
102
RTVSPropertyOp15
 70
     1
102
RTVSPropertyOp16
 70
     1
102
RTVSPropertyOp17
 70
     1
102
RTVSPropertyOp18
 70
     1
102
RTVSPropertyOp19
 70
     1
102
RTVSPropertyOp20
 70
     1
102
RTVSPropertyOp21
 70
     1
102
RTVSPropertyOp22
 70
     1
102
RTVSPropertyOp23
 70
     1
102
RTVSPropertyOp24
 70
     1
102
RTVSPropertyOp25
 70
     1
102
RTVSPropertyOp26
 70
     1
102
RTVSPropertyOp27
 70
     1
102
RTVSPropertyOp28
 70
     1
102
RTVSPropertyOp29
 70
     1
102
RTVSPropertyOp30
 70
     1
102
RTVSPropertyOp31
 70
     1
102
RTVSPropertyOp32
 70
     1
102
RTVSPropertyOp33
 70
     1
102
RTVSPropertyOp34
 70
     1
102
RTVSPropertyOp35
 70
     1
102
RTVSPropertyOp36
 70
     1
102
RTVSPropertyOp37
 70
     1
102
RTVSPropertyOp38
 70
     1
102
RTVSPropertyOp39
 70
     1
102
RTVSPropertyOp40
 70
     1
102
RTVSPropertyOp41
 70
     1
102
RTVSPropertyOp42
 70
     1
102
RTVSPropertyOp43
 70
     1
102
RTVSPropertyOp44
 70
     1
102
RTVSPropertyOp45
 70
     1
102
RTVSPropertyOp46
 70
     1
102
RTVSPropertyOp47
 70
     1
102
RTVSPropertyOp48
 70
     1
102
RTVSPropertyOp49
 70
     1
102
RTVSPropertyOp50
 70
     1
102
RTVSPropertyOp51
 70
     0
102
RTVSPropertyOp52
 70
     0
102
RTVSPropertyOp53
 70
     1
102
RTVSPropertyOp54
 70
     1
102
RTVSPropertyOp55
 70
     1
102
RTVSPropertyOp56
 70
     1
102
RTVSPropertyOp57
 70
     1
102
RTVSPost2010Prop28
280
     0
102
RTVSPost2010PropOp28
 70
     1
102
RTVSPost2010Prop29
280
     1
102
RTVSPost2010PropOp29
 70
     1
102
RTVSPost2010Prop30
280
     1
102
RTVSPost2010PropOp30
 70
     1
102
RTVSPost2010Prop31
280
     0
102
RTVSPost2010PropOp31
 70
     1
102
RTVSPost2010Prop32
280
     0
102
RTVSPost2010PropOp32
 70
     1
102
RTVSPost2010Prop33
280
     0
102
RTVSPost2010PropOp33
 70
     1
102
RTVSPost2010Prop34
280
     0
102
RTVSPost2010PropOp34
 70
     1
102
RTVSPost2010Prop35
280
     0
102
RTVSPost2010PropOp35
 70
     1
102
RTVSPost2010Prop36
280
     0
102
RTVSPost2010PropOp36
 70
     1
102
RTVSPost2010Prop37
 90
       50
102
RTVSPost2010PropOp37
 70
     1
102
RTVSPost2010Prop38
140
0.0
102
RTVSPost2010PropOp38
 70
     1
102
RTVSPost2010Prop39
140
1.0
102
RTVSPost2010PropOp39
 70
     1
102
RTVSPost2010Prop40
 90
        0
102
RTVSPost2010PropOp40
 70
     1
102
RTVSPost2010Prop41ColorIndex
 90
       18
102
RTVSPost2010Prop41ColorRGB
 90
        0
102
RTVSPost2010PropOp41
 70
     1
102
RTVSPost2010Prop42
 90
       50
102
RTVSPost2010PropOp42
 70
     1
102
RTVSPost2010Prop43
 90
        3
102
RTVSPost2010PropOp43
 70
     1
102
RTVSPost2010Prop44ColorIndex
 90
        5
102
RTVSPost2010Prop44ColorRGB
 90
      255
102
RTVSPost2010PropOp44
 70
     1
102
RTVSPost2010Prop45
280
     0
102
RTVSPost2010PropOp45
 70
     1
102
RTVSPost2010Prop46
 90
       50
102
RTVSPost2010PropOp46
 70
     1
102
RTVSPost2010Prop47
 90
       50
102
RTVSPost2010PropOp47
 70
     1
102
RTVSPost2010Prop48
 90
       50
102
RTVSPost2010PropOp48
 70
     1
102
RTVSPost2010Prop49
280
     0
102
RTVSPost2010PropOp49
 70
     1
102
RTVSPost2010Prop50
 90
       50
102
RTVSPost2010PropOp50
 70
     1
102
RTVSPost2010Prop51ColorIndex
 90
      256
102
RTVSPost2010Prop51ColorRGB
 90
-16777216
102
RTVSPost2010PropOp51
 70
     0
102
RTVSPost2010Prop52
140
1.0
102
RTVSPost2010PropOp52
 70
     0
102
RTVSPost2010Prop53
 90
        2
102
RTVSPost2010PropOp53
 70
     1
102
RTVSPost2010Prop54
  1
strokes_ogs.tif
102
RTVSPost2010PropOp54
 70
     1
102
RTVSPost2010Prop55
280
     0
102
RTVSPost2010PropOp55
 70
     1
102
RTVSPost2010Prop56
140
1.0
102
RTVSPost2010PropOp56
 70
     1
102
RTVSPost2010Prop57
140
1.0
102
RTVSPost2010PropOp57
 70
     1
  0
XRECORD
  5
DA
102
{ACAD_REACTORS
330
D9
102
}
330
D9
100
AcDbXrecord
280
     1
102
RTVSPropertyOp0
 70
     0
102
RTVSPropertyOp1
 70
     0
102
RTVSPropertyOp2
 70
     0
102
RTVSPropertyOp3
 70
     0
102
RTVSPropertyOp4
 70
     0
102
RTVSPropertyOp5
 70
     0
102
RTVSPropertyOp6
 70
     0
102
RTVSPropertyOp7
 70
     0
102
RTVSPropertyOp8
 70
     0
102
RTVSPropertyOp9
 70
     0
102
RTVSPropertyOp10
 70
     0
102
RTVSPropertyOp11
 70
     0
102
RTVSPropertyOp12
 70
     0
102
RTVSPropertyOp13
 70
     0
102
RTVSPropertyOp14
 70
     2
102
RTVSPropertyOp15
 70
     0
102
RTVSPropertyOp16
 70
     0
102
RTVSPropertyOp17
 70
     0
102
RTVSPropertyOp18
 70
     0
102
RTVSPropertyOp19
 70
     0
102
RTVSPropertyOp20
 70
     0
102
RTVSPropertyOp21
 70
     0
102
RTVSPropertyOp22
 70
     0
102
RTVSPropertyOp23
 70
     0
102
RTVSPropertyOp24
 70
     0
102
RTVSPropertyOp25
 70
     0
102
RTVSPropertyOp26
 70
     0
102
RTVSPropertyOp27
 70
     0
102
RTVSPropertyOp28
 70
     0
102
RTVSPropertyOp29
 70
     0
102
RTVSPropertyOp30
 70
     0
102
RTVSPropertyOp31
 70
     0
102
RTVSPropertyOp32
 70
     0
102
RTVSPropertyOp33
 70
     0
102
RTVSPropertyOp34
 70
     0
102
RTVSPropertyOp35
 70
     0
102
RTVSPropertyOp36
 70
     0
102
RTVSPropertyOp37
 70
     0
102
RTVSPropertyOp38
 70
     0
102
RTVSPropertyOp39
 70
     0
102
RTVSPropertyOp40
 70
     0
102
RTVSPropertyOp41
 70
     0
102
RTVSPropertyOp42
 70
     0
102
RTVSPropertyOp43
 70
     0
102
RTVSPropertyOp44
 70
     0
102
RTVSPropertyOp45
 70
     0
102
RTVSPropertyOp46
 70
     0
102
RTVSPropertyOp47
 70
     0
102
RTVSPropertyOp48
 70
     0
102
RTVSPropertyOp49
 70
     0
102
RTVSPropertyOp50
 70
     0
102
RTVSPropertyOp51
 70
     0
102
RTVSPropertyOp52
 70
     0
102
RTVSPropertyOp53
 70
     0
102
RTVSPropertyOp54
 70
     0
102
RTVSPropertyOp55
 70
     0
102
RTVSPropertyOp56
 70
     0
102
RTVSPropertyOp57
 70
     0
102
RTVSPost2010Prop28
280
     0
102
RTVSPost2010PropOp28
 70
     0
102
RTVSPost2010Prop29
280
     1
102
RTVSPost2010PropOp29
 70
     0
102
RTVSPost2010Prop30
280
     1
102
RTVSPost2010PropOp30
 70
     0
102
RTVSPost2010Prop31
280
     0
102
RTVSPost2010PropOp31
 70
     0
102
RTVSPost2010Prop32
280
     0
102
RTVSPost2010PropOp32
 70
     0
102
RTVSPost2010Prop33
280
     0
102
RTVSPost2010PropOp33
 70
     0
102
RTVSPost2010Prop34
280
     0
102
RTVSPost2010PropOp34
 70
     0
102
RTVSPost2010Prop35
280
     0
102
RTVSPost2010PropOp35
 70
     0
102
RTVSPost2010Prop36
280
     0
102
RTVSPost2010PropOp36
 70
     0
102
RTVSPost2010Prop37
 90
       50
102
RTVSPost2010PropOp37
 70
     0
102
RTVSPost2010Prop38
140
0.0
102
RTVSPost2010PropOp38
 70
     0
102
RTVSPost2010Prop39
140
1.0
102
RTVSPost2010PropOp39
 70
     0
102
RTVSPost2010Prop40
 90
        0
102
RTVSPost2010PropOp40
 70
     0
102
RTVSPost2010Prop41ColorIndex
 90
       18
102
RTVSPost2010Prop41ColorRGB
 90
        0
102
RTVSPost2010PropOp41
 70
     0
102
RTVSPost2010Prop42
 90
       50
102
RTVSPost2010PropOp42
 70
     0
102
RTVSPost2010Prop43
 90
        3
102
RTVSPost2010PropOp43
 70
     0
102
RTVSPost2010Prop44ColorIndex
 90
        5
102
RTVSPost2010Prop44ColorRGB
 90
      255
102
RTVSPost2010PropOp44
 70
     0
102
RTVSPost2010Prop45
280
     0
102
RTVSPost2010PropOp45
 70
     0
102
RTVSPost2010Prop46
 90
       50
102
RTVSPost2010PropOp46
 70
     0
102
RTVSPost2010Prop47
 90
       50
102
RTVSPost2010PropOp47
 70
     0
102
RTVSPost2010Prop48
 90
       50
102
RTVSPost2010PropOp48
 70
     0
102
RTVSPost2010Prop49
280
     0
102
RTVSPost2010PropOp49
 70
     0
102
RTVSPost2010Prop50
 90
       50
102
RTVSPost2010PropOp50
 70
     0
102
RTVSPost2010Prop51ColorIndex
 90
      256
102
RTVSPost2010Prop51ColorRGB
 90
-16777216
102
RTVSPost2010PropOp51
 70
     0
102
RTVSPost2010Prop52
140
1.0
102
RTVSPost2010PropOp52
 70
     0
102
RTVSPost2010Prop53
 90
        2
102
RTVSPost2010PropOp53
 70
     0
102
RTVSPost2010Prop54
  1
strokes_ogs.tif
102
RTVSPost2010PropOp54
 70
     0
102
RTVSPost2010Prop55
280
     0
102
RTVSPost2010PropOp55
 70
     0
102
RTVSPost2010Prop56
140
1.0
102
RTVSPost2010PropOp56
 70
     0
102
RTVSPost2010Prop57
140
1.0
102
RTVSPost2010PropOp57
 70
     0
  0
XRECORD
  5
D4
102
{ACAD_REACTORS
330
D3
102
}
330
D3
100
AcDbXrecord
280
     1
102
RTVSPropertyOp0
 70
     1
102
RTVSPropertyOp1
 70
     1
102
RTVSPropertyOp2
 70
     1
102
RTVSPropertyOp3
 70
     1
102
RTVSPropertyOp4
 70
     1
102
RTVSPropertyOp5
 70
     1
102
RTVSPropertyOp6
 70
     1
102
RTVSPropertyOp7
 70
     1
102
RTVSPropertyOp8
 70
     1
102
RTVSPropertyOp9
 70
     1
102
RTVSPropertyOp10
 70
     1
102
RTVSPropertyOp11
 70
     1
102
RTVSPropertyOp12
 70
     1
102
RTVSPropertyOp13
 70
     1
102
RTVSPropertyOp14
 70
     1
102
RTVSPropertyOp15
 70
     1
102
RTVSPropertyOp16
 70
     1
102
RTVSPropertyOp17
 70
     1
102
RTVSPropertyOp18
 70
     1
102
RTVSPropertyOp19
 70
     1
102
RTVSPropertyOp20
 70
     1
102
RTVSPropertyOp21
 70
     1
102
RTVSPropertyOp22
 70
     1
102
RTVSPropertyOp23
 70
     1
102
RTVSPropertyOp24
 70
     1
102
RTVSPropertyOp25
 70
     1
102
RTVSPropertyOp26
 70
     1
102
RTVSPropertyOp27
 70
     1
102
RTVSPropertyOp28
 70
     1
102
RTVSPropertyOp29
 70
     1
102
RTVSPropertyOp30
 70
     1
102
RTVSPropertyOp31
 70
     1
102
RTVSPropertyOp32
 70
     1
102
RTVSPropertyOp33
 70
     1
102
RTVSPropertyOp34
 70
     1
102
RTVSPropertyOp35
 70
     1
102
RTVSPropertyOp36
 70
     1
102
RTVSPropertyOp37
 70
     1
102
RTVSPropertyOp38
 70
     1
102
RTVSPropertyOp39
 70
     1
102
RTVSPropertyOp40
 70
     1
102
RTVSPropertyOp41
 70
     1
102
RTVSPropertyOp42
 70
     1
102
RTVSPropertyOp43
 70
     1
102
RTVSPropertyOp44
 70
     1
102
RTVSPropertyOp45
 70
     1
102
RTVSPropertyOp46
 70
     1
102
RTVSPropertyOp47
 70
     1
102
RTVSPropertyOp48
 70
     1
102
RTVSPropertyOp49
 70
     1
102
RTVSPropertyOp50
 70
     1
102
RTVSPropertyOp51
 70
     0
102
RTVSPropertyOp52
 70
     0
102
RTVSPropertyOp53
 70
     1
102
RTVSPropertyOp54
 70
     1
102
RTVSPropertyOp55
 70
     1
102
RTVSPropertyOp56
 70
     1
102
RTVSPropertyOp57
 70
     1
102
RTVSPost2010Prop28
280
     0
102
RTVSPost2010PropOp28
 70
     1
102
RTVSPost2010Prop29
280
     1
102
RTVSPost2010PropOp29
 70
     1
102
RTVSPost2010Prop30
280
     1
102
RTVSPost2010PropOp30
 70
     1
102
RTVSPost2010Prop31
280
     0
102
RTVSPost2010PropOp31
 70
     1
102
RTVSPost2010Prop32
280
     0
102
RTVSPost2010PropOp32
 70
     1
102
RTVSPost2010Prop33
280
     0
102
RTVSPost2010PropOp33
 70
     1
102
RTVSPost2010Prop34
280
     0
102
RTVSPost2010PropOp34
 70
     1
102
RTVSPost2010Prop35
280
     0
102
RTVSPost2010PropOp35
 70
     1
102
RTVSPost2010Prop36
280
     0
102
RTVSPost2010PropOp36
 70
     1
102
RTVSPost2010Prop37
 90
       50
102
RTVSPost2010PropOp37
 70
     1
102
RTVSPost2010Prop38
140
0.0
102
RTVSPost2010PropOp38
 70
     1
102
RTVSPost2010Prop39
140
1.0
102
RTVSPost2010PropOp39
 70
     1
102
RTVSPost2010Prop40
 90
        0
102
RTVSPost2010PropOp40
 70
     1
102
RTVSPost2010Prop41ColorIndex
 90
       18
102
RTVSPost2010Prop41ColorRGB
 90
        0
102
RTVSPost2010PropOp41
 70
     1
102
RTVSPost2010Prop42
 90
       50
102
RTVSPost2010PropOp42
 70
     1
102
RTVSPost2010Prop43
 90
        3
102
RTVSPost2010PropOp43
 70
     1
102
RTVSPost2010Prop44ColorIndex
 90
        5
102
RTVSPost2010Prop44ColorRGB
 90
      255
102
RTVSPost2010PropOp44
 70
     1
102
RTVSPost2010Prop45
280
     0
102
RTVSPost2010PropOp45
 70
     1
102
RTVSPost2010Prop46
 90
       50
102
RTVSPost2010PropOp46
 70
     1
102
RTVSPost2010Prop47
 90
       50
102
RTVSPost2010PropOp47
 70
     1
102
RTVSPost2010Prop48
 90
       50
102
RTVSPost2010PropOp48
 70
     1
102
RTVSPost2010Prop49
280
     0
102
RTVSPost2010PropOp49
 70
     1
102
RTVSPost2010Prop50
 90
       50
102
RTVSPost2010PropOp50
 70
     1
102
RTVSPost2010Prop51ColorIndex
 90
      256
102
RTVSPost2010Prop51ColorRGB
 90
-16777216
102
RTVSPost2010PropOp51
 70
     0
102
RTVSPost2010Prop52
140
1.0
102
RTVSPost2010PropOp52
 70
     0
102
RTVSPost2010Prop53
 90
        2
102
RTVSPost2010PropOp53
 70
     1
102
RTVSPost2010Prop54
  1
strokes_ogs.tif
102
RTVSPost2010PropOp54
 70
     1
102
RTVSPost2010Prop55
280
     0
102
RTVSPost2010PropOp55
 70
     1
102
RTVSPost2010Prop56
140
1.0
102
RTVSPost2010PropOp56
 70
     1
102
RTVSPost2010Prop57
140
1.0
102
RTVSPost2010PropOp57
 70
     1
  0
XRECORD
  5
DC
102
{ACAD_REACTORS
330
DB
102
}
330
DB
100
AcDbXrecord
280
     1
102
RTVSPropertyOp0
 70
     0
102
RTVSPropertyOp1
 70
     0
102
RTVSPropertyOp2
 70
     0
102
RTVSPropertyOp3
 70
     0
102
RTVSPropertyOp4
 70
     0
102
RTVSPropertyOp5
 70
     0
102
RTVSPropertyOp6
 70
     0
102
RTVSPropertyOp7
 70
     0
102
RTVSPropertyOp8
 70
     0
102
RTVSPropertyOp9
 70
     0
102
RTVSPropertyOp10
 70
     0
102
RTVSPropertyOp11
 70
     0
102
RTVSPropertyOp12
 70
     0
102
RTVSPropertyOp13
 70
     0
102
RTVSPropertyOp14
 70
     2
102
RTVSPropertyOp15
 70
     0
102
RTVSPropertyOp16
 70
     0
102
RTVSPropertyOp17
 70
     0
102
RTVSPropertyOp18
 70
     0
102
RTVSPropertyOp19
 70
     0
102
RTVSPropertyOp20
 70
     0
102
RTVSPropertyOp21
 70
     0
102
RTVSPropertyOp22
 70
     0
102
RTVSPropertyOp23
 70
     0
102
RTVSPropertyOp24
 70
     0
102
RTVSPropertyOp25
 70
     0
102
RTVSPropertyOp26
 70
     0
102
RTVSPropertyOp27
 70
     0
102
RTVSPropertyOp28
 70
     0
102
RTVSPropertyOp29
 70
     0
102
RTVSPropertyOp30
 70
     0
102
RTVSPropertyOp31
 70
     0
102
RTVSPropertyOp32
 70
     0
102
RTVSPropertyOp33
 70
     0
102
RTVSPropertyOp34
 70
     0
102
RTVSPropertyOp35
 70
     0
102
RTVSPropertyOp36
 70
     0
102
RTVSPropertyOp37
 70
     0
102
RTVSPropertyOp38
 70
     0
102
RTVSPropertyOp39
 70
     0
102
RTVSPropertyOp40
 70
     0
102
RTVSPropertyOp41
 70
     0
102
RTVSPropertyOp42
 70
     0
102
RTVSPropertyOp43
 70
     0
102
RTVSPropertyOp44
 70
     0
102
RTVSPropertyOp45
 70
     0
102
RTVSPropertyOp46
 70
     0
102
RTVSPropertyOp47
 70
     0
102
RTVSPropertyOp48
 70
     0
102
RTVSPropertyOp49
 70
     0
102
RTVSPropertyOp50
 70
     0
102
RTVSPropertyOp51
 70
     0
102
RTVSPropertyOp52
 70
     0
102
RTVSPropertyOp53
 70
     0
102
RTVSPropertyOp54
 70
     0
102
RTVSPropertyOp55
 70
     0
102
RTVSPropertyOp56
 70
     0
102
RTVSPropertyOp57
 70
     0
102
RTVSPost2010Prop28
280
     0
102
RTVSPost2010PropOp28
 70
     0
102
RTVSPost2010Prop29
280
     1
102
RTVSPost2010PropOp29
 70
     0
102
RTVSPost2010Prop30
280
     1
102
RTVSPost2010PropOp30
 70
     0
102
RTVSPost2010Prop31
280
     0
102
RTVSPost2010PropOp31
 70
     0
102
RTVSPost2010Prop32
280
     0
102
RTVSPost2010PropOp32
 70
     0
102
RTVSPost2010Prop33
280
     0
102
RTVSPost2010PropOp33
 70
     0
102
RTVSPost2010Prop34
280
     0
102
RTVSPost2010PropOp34
 70
     0
102
RTVSPost2010Prop35
280
     0
102
RTVSPost2010PropOp35
 70
     0
102
RTVSPost2010Prop36
280
     0
102
RTVSPost2010PropOp36
 70
     0
102
RTVSPost2010Prop37
 90
       50
102
RTVSPost2010PropOp37
 70
     0
102
RTVSPost2010Prop38
140
0.0
102
RTVSPost2010PropOp38
 70
     0
102
RTVSPost2010Prop39
140
1.0
102
RTVSPost2010PropOp39
 70
     0
102
RTVSPost2010Prop40
 90
        0
102
RTVSPost2010PropOp40
 70
     0
102
RTVSPost2010Prop41ColorIndex
 90
       18
102
RTVSPost2010Prop41ColorRGB
 90
        0
102
RTVSPost2010PropOp41
 70
     0
102
RTVSPost2010Prop42
 90
       50
102
RTVSPost2010PropOp42
 70
     0
102
RTVSPost2010Prop43
 90
        3
102
RTVSPost2010PropOp43
 70
     0
102
RTVSPost2010Prop44ColorIndex
 90
        5
102
RTVSPost2010Prop44ColorRGB
 90
      255
102
RTVSPost2010PropOp44
 70
     0
102
RTVSPost2010Prop45
280
     0
102
RTVSPost2010PropOp45
 70
     0
102
RTVSPost2010Prop46
 90
       50
102
RTVSPost2010PropOp46
 70
     0
102
RTVSPost2010Prop47
 90
       50
102
RTVSPost2010PropOp47
 70
     0
102
RTVSPost2010Prop48
 90
       50
102
RTVSPost2010PropOp48
 70
     0
102
RTVSPost2010Prop49
280
     0
102
RTVSPost2010PropOp49
 70
     0
102
RTVSPost2010Prop50
 90
       50
102
RTVSPost2010PropOp50
 70
     0
102
RTVSPost2010Prop51ColorIndex
 90
      256
102
RTVSPost2010Prop51ColorRGB
 90
-16777216
102
RTVSPost2010PropOp51
 70
     0
102
RTVSPost2010Prop52
140
1.0
102
RTVSPost2010PropOp52
 70
     0
102
RTVSPost2010Prop53
 90
        2
102
RTVSPost2010PropOp53
 70
     0
102
RTVSPost2010Prop54
  1
strokes_ogs.tif
102
RTVSPost2010PropOp54
 70
     0
102
RTVSPost2010Prop55
280
     0
102
RTVSPost2010PropOp55
 70
     0
102
RTVSPost2010Prop56
140
1.0
102
RTVSPost2010PropOp56
 70
     0
102
RTVSPost2010Prop57
140
1.0
102
RTVSPost2010PropOp57
 70
     0
  0
XRECORD
  5
CA
102
{ACAD_REACTORS
330
C9
102
}
330
C9
100
AcDbXrecord
280
     1
102
RTVSPropertyOp0
 70
     1
102
RTVSPropertyOp1
 70
     1
102
RTVSPropertyOp2
 70
     1
102
RTVSPropertyOp3
 70
     1
102
RTVSPropertyOp4
 70
     1
102
RTVSPropertyOp5
 70
     1
102
RTVSPropertyOp6
 70
     1
102
RTVSPropertyOp7
 70
     1
102
RTVSPropertyOp8
 70
     1
102
RTVSPropertyOp9
 70
     1
102
RTVSPropertyOp10
 70
     1
102
RTVSPropertyOp11
 70
     1
102
RTVSPropertyOp12
 70
     1
102
RTVSPropertyOp13
 70
     1
102
RTVSPropertyOp14
 70
     1
102
RTVSPropertyOp15
 70
     1
102
RTVSPropertyOp16
 70
     1
102
RTVSPropertyOp17
 70
     1
102
RTVSPropertyOp18
 70
     1
102
RTVSPropertyOp19
 70
     1
102
RTVSPropertyOp20
 70
     1
102
RTVSPropertyOp21
 70
     1
102
RTVSPropertyOp22
 70
     1
102
RTVSPropertyOp23
 70
     1
102
RTVSPropertyOp24
 70
     1
102
RTVSPropertyOp25
 70
     1
102
RTVSPropertyOp26
 70
     1
102
RTVSPropertyOp27
 70
     1
102
RTVSPropertyOp28
 70
     1
102
RTVSPropertyOp29
 70
     1
102
RTVSPropertyOp30
 70
     1
102
RTVSPropertyOp31
 70
     1
102
RTVSPropertyOp32
 70
     1
102
RTVSPropertyOp33
 70
     1
102
RTVSPropertyOp34
 70
     1
102
RTVSPropertyOp35
 70
     1
102
RTVSPropertyOp36
 70
     1
102
RTVSPropertyOp37
 70
     1
102
RTVSPropertyOp38
 70
     1
102
RTVSPropertyOp39
 70
     1
102
RTVSPropertyOp40
 70
     1
102
RTVSPropertyOp41
 70
     1
102
RTVSPropertyOp42
 70
     1
102
RTVSPropertyOp43
 70
     1
102
RTVSPropertyOp44
 70
     1
102
RTVSPropertyOp45
 70
     1
102
RTVSPropertyOp46
 70
     1
102
RTVSPropertyOp47
 70
     1
102
RTVSPropertyOp48
 70
     1
102
RTVSPropertyOp49
 70
     1
102
RTVSPropertyOp50
 70
     1
102
RTVSPropertyOp51
 70
     0
102
RTVSPropertyOp52
 70
     0
102
RTVSPropertyOp53
 70
     1
102
RTVSPropertyOp54
 70
     1
102
RTVSPropertyOp55
 70
     1
102
RTVSPropertyOp56
 70
     1
102
RTVSPropertyOp57
 70
     1
102
RTVSPost2010Prop28
280
     0
102
RTVSPost2010PropOp28
 70
     1
102
RTVSPost2010Prop29
280
     1
102
RTVSPost2010PropOp29
 70
     1
102
RTVSPost2010Prop30
280
     1
102
RTVSPost2010PropOp30
 70
     1
102
RTVSPost2010Prop31
280
     0
102
RTVSPost2010PropOp31
 70
     1
102
RTVSPost2010Prop32
280
     0
102
RTVSPost2010PropOp32
 70
     1
102
RTVSPost2010Prop33
280
     0
102
RTVSPost2010PropOp33
 70
     1
102
RTVSPost2010Prop34
280
     0
102
RTVSPost2010PropOp34
 70
     1
102
RTVSPost2010Prop35
280
     0
102
RTVSPost2010PropOp35
 70
     1
102
RTVSPost2010Prop36
280
     0
102
RTVSPost2010PropOp36
 70
     1
102
RTVSPost2010Prop37
 90
       50
102
RTVSPost2010PropOp37
 70
     1
102
RTVSPost2010Prop38
140
0.0
102
RTVSPost2010PropOp38
 70
     1
102
RTVSPost2010Prop39
140
1.0
102
RTVSPost2010PropOp39
 70
     1
102
RTVSPost2010Prop40
 90
        0
102
RTVSPost2010PropOp40
 70
     1
102
RTVSPost2010Prop41ColorIndex
 90
       18
102
RTVSPost2010Prop41ColorRGB
 90
        0
102
RTVSPost2010PropOp41
 70
     1
102
RTVSPost2010Prop42
 90
       50
102
RTVSPost2010PropOp42
 70
     1
102
RTVSPost2010Prop43
 90
        3
102
RTVSPost2010PropOp43
 70
     1
102
RTVSPost2010Prop44ColorIndex
 90
        5
102
RTVSPost2010Prop44ColorRGB
 90
      255
102
RTVSPost2010PropOp44
 70
     1
102
RTVSPost2010Prop45
280
     0
102
RTVSPost2010PropOp45
 70
     1
102
RTVSPost2010Prop46
 90
       50
102
RTVSPost2010PropOp46
 70
     1
102
RTVSPost2010Prop47
 90
       50
102
RTVSPost2010PropOp47
 70
     1
102
RTVSPost2010Prop48
 90
       50
102
RTVSPost2010PropOp48
 70
     1
102
RTVSPost2010Prop49
280
     0
102
RTVSPost2010PropOp49
 70
     1
102
RTVSPost2010Prop50
 90
       50
102
RTVSPost2010PropOp50
 70
     1
102
RTVSPost2010Prop51ColorIndex
 90
      256
102
RTVSPost2010Prop51ColorRGB
 90
-16777216
102
RTVSPost2010PropOp51
 70
     0
102
RTVSPost2010Prop52
140
1.0
102
RTVSPost2010PropOp52
 70
     0
102
RTVSPost2010Prop53
 90
        2
102
RTVSPost2010PropOp53
 70
     1
102
RTVSPost2010Prop54
  1
strokes_ogs.tif
102
RTVSPost2010PropOp54
 70
     1
102
RTVSPost2010Prop55
280
     0
102
RTVSPost2010PropOp55
 70
     1
102
RTVSPost2010Prop56
140
1.0
102
RTVSPost2010PropOp56
 70
     1
102
RTVSPost2010Prop57
140
1.0
102
RTVSPost2010PropOp57
 70
     1
  0
XRECORD
  5
E8
102
{ACAD_REACTORS
330
E7
102
}
330
E7
100
AcDbXrecord
280
     1
102
RTVSPropertyOp0
 70
     1
102
RTVSPropertyOp1
 70
     1
102
RTVSPropertyOp2
 70
     1
102
RTVSPropertyOp3
 70
     1
102
RTVSPropertyOp4
 70
     1
102
RTVSPropertyOp5
 70
     1
102
RTVSPropertyOp6
 70
     1
102
RTVSPropertyOp7
 70
     1
102
RTVSPropertyOp8
 70
     1
102
RTVSPropertyOp9
 70
     1
102
RTVSPropertyOp10
 70
     1
102
RTVSPropertyOp11
 70
     1
102
RTVSPropertyOp12
 70
     1
102
RTVSPropertyOp13
 70
     1
102
RTVSPropertyOp14
 70
     1
102
RTVSPropertyOp15
 70
     1
102
RTVSPropertyOp16
 70
     1
102
RTVSPropertyOp17
 70
     1
102
RTVSPropertyOp18
 70
     1
102
RTVSPropertyOp19
 70
     1
102
RTVSPropertyOp20
 70
     1
102
RTVSPropertyOp21
 70
     1
102
RTVSPropertyOp22
 70
     1
102
RTVSPropertyOp23
 70
     1
102
RTVSPropertyOp24
 70
     1
102
RTVSPropertyOp25
 70
     1
102
RTVSPropertyOp26
 70
     1
102
RTVSPropertyOp27
 70
     1
102
RTVSPropertyOp28
 70
     1
102
RTVSPropertyOp29
 70
     1
102
RTVSPropertyOp30
 70
     1
102
RTVSPropertyOp31
 70
     1
102
RTVSPropertyOp32
 70
     1
102
RTVSPropertyOp33
 70
     1
102
RTVSPropertyOp34
 70
     1
102
RTVSPropertyOp35
 70
     1
102
RTVSPropertyOp36
 70
     1
102
RTVSPropertyOp37
 70
     1
102
RTVSPropertyOp38
 70
     1
102
RTVSPropertyOp39
 70
     1
102
RTVSPropertyOp40
 70
     1
102
RTVSPropertyOp41
 70
     1
102
RTVSPropertyOp42
 70
     1
102
RTVSPropertyOp43
 70
     1
102
RTVSPropertyOp44
 70
     1
102
RTVSPropertyOp45
 70
     1
102
RTVSPropertyOp46
 70
     1
102
RTVSPropertyOp47
 70
     1
102
RTVSPropertyOp48
 70
     1
102
RTVSPropertyOp49
 70
     1
102
RTVSPropertyOp50
 70
     1
102
RTVSPropertyOp51
 70
     0
102
RTVSPropertyOp52
 70
     0
102
RTVSPropertyOp53
 70
     1
102
RTVSPropertyOp54
 70
     1
102
RTVSPropertyOp55
 70
     1
102
RTVSPropertyOp56
 70
     1
102
RTVSPropertyOp57
 70
     1
102
RTVSPost2010Prop28
280
     0
102
RTVSPost2010PropOp28
 70
     1
102
RTVSPost2010Prop29
280
     1
102
RTVSPost2010PropOp29
 70
     1
102
RTVSPost2010Prop30
280
     1
102
RTVSPost2010PropOp30
 70
     1
102
RTVSPost2010Prop31
280
     0
102
RTVSPost2010PropOp31
 70
     1
102
RTVSPost2010Prop32
280
     0
102
RTVSPost2010PropOp32
 70
     1
102
RTVSPost2010Prop33
280
     0
102
RTVSPost2010PropOp33
 70
     1
102
RTVSPost2010Prop34
280
     0
102
RTVSPost2010PropOp34
 70
     1
102
RTVSPost2010Prop35
280
     0
102
RTVSPost2010PropOp35
 70
     1
102
RTVSPost2010Prop36
280
     0
102
RTVSPost2010PropOp36
 70
     1
102
RTVSPost2010Prop37
 90
       50
102
RTVSPost2010PropOp37
 70
     1
102
RTVSPost2010Prop38
140
0.0
102
RTVSPost2010PropOp38
 70
     1
102
RTVSPost2010Prop39
140
1.0
102
RTVSPost2010PropOp39
 70
     1
102
RTVSPost2010Prop40
 90
        0
102
RTVSPost2010PropOp40
 70
     1
102
RTVSPost2010Prop41ColorIndex
 90
       18
102
RTVSPost2010Prop41ColorRGB
 90
        0
102
RTVSPost2010PropOp41
 70
     1
102
RTVSPost2010Prop42
 90
       50
102
RTVSPost2010PropOp42
 70
     1
102
RTVSPost2010Prop43
 90
        3
102
RTVSPost2010PropOp43
 70
     1
102
RTVSPost2010Prop44ColorIndex
 90
        5
102
RTVSPost2010Prop44ColorRGB
 90
      255
102
RTVSPost2010PropOp44
 70
     1
102
RTVSPost2010Prop45
280
     0
102
RTVSPost2010PropOp45
 70
     1
102
RTVSPost2010Prop46
 90
       50
102
RTVSPost2010PropOp46
 70
     1
102
RTVSPost2010Prop47
 90
       50
102
RTVSPost2010PropOp47
 70
     1
102
RTVSPost2010Prop48
 90
       50
102
RTVSPost2010PropOp48
 70
     1
102
RTVSPost2010Prop49
280
     0
102
RTVSPost2010PropOp49
 70
     1
102
RTVSPost2010Prop50
 90
       50
102
RTVSPost2010PropOp50
 70
     1
102
RTVSPost2010Prop51ColorIndex
 90
      256
102
RTVSPost2010Prop51ColorRGB
 90
-16777216
102
RTVSPost2010PropOp51
 70
     0
102
RTVSPost2010Prop52
140
1.0
102
RTVSPost2010PropOp52
 70
     0
102
RTVSPost2010Prop53
 90
        2
102
RTVSPost2010PropOp53
 70
     1
102
RTVSPost2010Prop54
  1
strokes_ogs.tif
102
RTVSPost2010PropOp54
 70
     1
102
RTVSPost2010Prop55
280
     0
102
RTVSPost2010PropOp55
 70
     1
102
RTVSPost2010Prop56
140
1.0
102
RTVSPost2010PropOp56
 70
     1
102
RTVSPost2010Prop57
140
1.0
102
RTVSPost2010PropOp57
 70
     1
  0
XRECORD
  5
E6
102
{ACAD_REACTORS
330
E5
102
}
330
E5
100
AcDbXrecord
280
     1
102
RTVSPropertyOp0
 70
     1
102
RTVSPropertyOp1
 70
     1
102
RTVSPropertyOp2
 70
     1
102
RTVSPropertyOp3
 70
     1
102
RTVSPropertyOp4
 70
     1
102
RTVSPropertyOp5
 70
     1
102
RTVSPropertyOp6
 70
     1
102
RTVSPropertyOp7
 70
     1
102
RTVSPropertyOp8
 70
     1
102
RTVSPropertyOp9
 70
     1
102
RTVSPropertyOp10
 70
     1
102
RTVSPropertyOp11
 70
     1
102
RTVSPropertyOp12
 70
     1
102
RTVSPropertyOp13
 70
     1
102
RTVSPropertyOp14
 70
     1
102
RTVSPropertyOp15
 70
     1
102
RTVSPropertyOp16
 70
     1
102
RTVSPropertyOp17
 70
     1
102
RTVSPropertyOp18
 70
     1
102
RTVSPropertyOp19
 70
     1
102
RTVSPropertyOp20
 70
     1
102
RTVSPropertyOp21
 70
     1
102
RTVSPropertyOp22
 70
     1
102
RTVSPropertyOp23
 70
     1
102
RTVSPropertyOp24
 70
     1
102
RTVSPropertyOp25
 70
     1
102
RTVSPropertyOp26
 70
     1
102
RTVSPropertyOp27
 70
     1
102
RTVSPropertyOp28
 70
     1
102
RTVSPropertyOp29
 70
     1
102
RTVSPropertyOp30
 70
     1
102
RTVSPropertyOp31
 70
     1
102
RTVSPropertyOp32
 70
     1
102
RTVSPropertyOp33
 70
     1
102
RTVSPropertyOp34
 70
     1
102
RTVSPropertyOp35
 70
     1
102
RTVSPropertyOp36
 70
     1
102
RTVSPropertyOp37
 70
     1
102
RTVSPropertyOp38
 70
     1
102
RTVSPropertyOp39
 70
     1
102
RTVSPropertyOp40
 70
     1
102
RTVSPropertyOp41
 70
     1
102
RTVSPropertyOp42
 70
     1
102
RTVSPropertyOp43
 70
     1
102
RTVSPropertyOp44
 70
     1
102
RTVSPropertyOp45
 70
     1
102
RTVSPropertyOp46
 70
     1
102
RTVSPropertyOp47
 70
     1
102
RTVSPropertyOp48
 70
     1
102
RTVSPropertyOp49
 70
     1
102
RTVSPropertyOp50
 70
     1
102
RTVSPropertyOp51
 70
     0
102
RTVSPropertyOp52
 70
     0
102
RTVSPropertyOp53
 70
     1
102
RTVSPropertyOp54
 70
     1
102
RTVSPropertyOp55
 70
     1
102
RTVSPropertyOp56
 70
     1
102
RTVSPropertyOp57
 70
     1
102
RTVSPost2010Prop28
280
     0
102
RTVSPost2010PropOp28
 70
     1
102
RTVSPost2010Prop29
280
     1
102
RTVSPost2010PropOp29
 70
     1
102
RTVSPost2010Prop30
280
     1
102
RTVSPost2010PropOp30
 70
     1
102
RTVSPost2010Prop31
280
     0
102
RTVSPost2010PropOp31
 70
     1
102
RTVSPost2010Prop32
280
     0
102
RTVSPost2010PropOp32
 70
     1
102
RTVSPost2010Prop33
280
     0
102
RTVSPost2010PropOp33
 70
     1
102
RTVSPost2010Prop34
280
     0
102
RTVSPost2010PropOp34
 70
     1
102
RTVSPost2010Prop35
280
     0
102
RTVSPost2010PropOp35
 70
     1
102
RTVSPost2010Prop36
280
     0
102
RTVSPost2010PropOp36
 70
     1
102
RTVSPost2010Prop37
 90
       50
102
RTVSPost2010PropOp37
 70
     1
102
RTVSPost2010Prop38
140
0.0
102
RTVSPost2010PropOp38
 70
     1
102
RTVSPost2010Prop39
140
1.0
102
RTVSPost2010PropOp39
 70
     1
102
RTVSPost2010Prop40
 90
        0
102
RTVSPost2010PropOp40
 70
     1
102
RTVSPost2010Prop41ColorIndex
 90
       18
102
RTVSPost2010Prop41ColorRGB
 90
        0
102
RTVSPost2010PropOp41
 70
     1
102
RTVSPost2010Prop42
 90
       50
102
RTVSPost2010PropOp42
 70
     1
102
RTVSPost2010Prop43
 90
        3
102
RTVSPost2010PropOp43
 70
     1
102
RTVSPost2010Prop44ColorIndex
 90
        5
102
RTVSPost2010Prop44ColorRGB
 90
      255
102
RTVSPost2010PropOp44
 70
     1
102
RTVSPost2010Prop45
280
     0
102
RTVSPost2010PropOp45
 70
     1
102
RTVSPost2010Prop46
 90
       50
102
RTVSPost2010PropOp46
 70
     1
102
RTVSPost2010Prop47
 90
       50
102
RTVSPost2010PropOp47
 70
     1
102
RTVSPost2010Prop48
 90
       50
102
RTVSPost2010PropOp48
 70
     1
102
RTVSPost2010Prop49
280
     0
102
RTVSPost2010PropOp49
 70
     1
102
RTVSPost2010Prop50
 90
       50
102
RTVSPost2010PropOp50
 70
     1
102
RTVSPost2010Prop51ColorIndex
 90
      256
102
RTVSPost2010Prop51ColorRGB
 90
-16777216
102
RTVSPost2010PropOp51
 70
     0
102
RTVSPost2010Prop52
140
1.0
102
RTVSPost2010PropOp52
 70
     0
102
RTVSPost2010Prop53
 90
        2
102
RTVSPost2010PropOp53
 70
     1
102
RTVSPost2010Prop54
  1
strokes_ogs.tif
102
RTVSPost2010PropOp54
 70
     1
102
RTVSPost2010Prop55
280
     0
102
RTVSPost2010PropOp55
 70
     1
102
RTVSPost2010Prop56
140
1.0
102
RTVSPost2010PropOp56
 70
     1
102
RTVSPost2010Prop57
140
1.0
102
RTVSPost2010PropOp57
 70
     1
  0
XRECORD
  5
E0
102
{ACAD_REACTORS
330
DF
102
}
330
DF
100
AcDbXrecord
280
     1
102
RTVSPropertyOp0
 70
     1
102
RTVSPropertyOp1
 70
     1
102
RTVSPropertyOp2
 70
     1
102
RTVSPropertyOp3
 70
     1
102
RTVSPropertyOp4
 70
     1
102
RTVSPropertyOp5
 70
     1
102
RTVSPropertyOp6
 70
     1
102
RTVSPropertyOp7
 70
     1
102
RTVSPropertyOp8
 70
     1
102
RTVSPropertyOp9
 70
     1
102
RTVSPropertyOp10
 70
     1
102
RTVSPropertyOp11
 70
     1
102
RTVSPropertyOp12
 70
     1
102
RTVSPropertyOp13
 70
     1
102
RTVSPropertyOp14
 70
     1
102
RTVSPropertyOp15
 70
     1
102
RTVSPropertyOp16
 70
     1
102
RTVSPropertyOp17
 70
     1
102
RTVSPropertyOp18
 70
     1
102
RTVSPropertyOp19
 70
     1
102
RTVSPropertyOp20
 70
     1
102
RTVSPropertyOp21
 70
     1
102
RTVSPropertyOp22
 70
     1
102
RTVSPropertyOp23
 70
     1
102
RTVSPropertyOp24
 70
     1
102
RTVSPropertyOp25
 70
     1
102
RTVSPropertyOp26
 70
     1
102
RTVSPropertyOp27
 70
     1
102
RTVSPropertyOp28
 70
     1
102
RTVSPropertyOp29
 70
     1
102
RTVSPropertyOp30
 70
     1
102
RTVSPropertyOp31
 70
     1
102
RTVSPropertyOp32
 70
     1
102
RTVSPropertyOp33
 70
     1
102
RTVSPropertyOp34
 70
     1
102
RTVSPropertyOp35
 70
     1
102
RTVSPropertyOp36
 70
     1
102
RTVSPropertyOp37
 70
     1
102
RTVSPropertyOp38
 70
     1
102
RTVSPropertyOp39
 70
     1
102
RTVSPropertyOp40
 70
     1
102
RTVSPropertyOp41
 70
     1
102
RTVSPropertyOp42
 70
     1
102
RTVSPropertyOp43
 70
     1
102
RTVSPropertyOp44
 70
     1
102
RTVSPropertyOp45
 70
     1
102
RTVSPropertyOp46
 70
     1
102
RTVSPropertyOp47
 70
     1
102
RTVSPropertyOp48
 70
     1
102
RTVSPropertyOp49
 70
     1
102
RTVSPropertyOp50
 70
     1
102
RTVSPropertyOp51
 70
     0
102
RTVSPropertyOp52
 70
     0
102
RTVSPropertyOp53
 70
     1
102
RTVSPropertyOp54
 70
     1
102
RTVSPropertyOp55
 70
     1
102
RTVSPropertyOp56
 70
     1
102
RTVSPropertyOp57
 70
     1
102
RTVSPost2010Prop28
280
     0
102
RTVSPost2010PropOp28
 70
     1
102
RTVSPost2010Prop29
280
     1
102
RTVSPost2010PropOp29
 70
     1
102
RTVSPost2010Prop30
280
     1
102
RTVSPost2010PropOp30
 70
     1
102
RTVSPost2010Prop31
280
     0
102
RTVSPost2010PropOp31
 70
     1
102
RTVSPost2010Prop32
280
     0
102
RTVSPost2010PropOp32
 70
     1
102
RTVSPost2010Prop33
280
     0
102
RTVSPost2010PropOp33
 70
     1
102
RTVSPost2010Prop34
280
     0
102
RTVSPost2010PropOp34
 70
     1
102
RTVSPost2010Prop35
280
     0
102
RTVSPost2010PropOp35
 70
     1
102
RTVSPost2010Prop36
280
     0
102
RTVSPost2010PropOp36
 70
     1
102
RTVSPost2010Prop37
 90
       50
102
RTVSPost2010PropOp37
 70
     1
102
RTVSPost2010Prop38
140
0.0
102
RTVSPost2010PropOp38
 70
     1
102
RTVSPost2010Prop39
140
1.0
102
RTVSPost2010PropOp39
 70
     1
102
RTVSPost2010Prop40
 90
        0
102
RTVSPost2010PropOp40
 70
     1
102
RTVSPost2010Prop41ColorIndex
 90
       18
102
RTVSPost2010Prop41ColorRGB
 90
        0
102
RTVSPost2010PropOp41
 70
     1
102
RTVSPost2010Prop42
 90
       50
102
RTVSPost2010PropOp42
 70
     1
102
RTVSPost2010Prop43
 90
        3
102
RTVSPost2010PropOp43
 70
     1
102
RTVSPost2010Prop44ColorIndex
 90
        5
102
RTVSPost2010Prop44ColorRGB
 90
      255
102
RTVSPost2010PropOp44
 70
     1
102
RTVSPost2010Prop45
280
     0
102
RTVSPost2010PropOp45
 70
     1
102
RTVSPost2010Prop46
 90
       50
102
RTVSPost2010PropOp46
 70
     1
102
RTVSPost2010Prop47
 90
       50
102
RTVSPost2010PropOp47
 70
     1
102
RTVSPost2010Prop48
 90
       50
102
RTVSPost2010PropOp48
 70
     1
102
RTVSPost2010Prop49
280
     0
102
RTVSPost2010PropOp49
 70
     1
102
RTVSPost2010Prop50
 90
       50
102
RTVSPost2010PropOp50
 70
     1
102
RTVSPost2010Prop51ColorIndex
 90
      256
102
RTVSPost2010Prop51ColorRGB
 90
-16777216
102
RTVSPost2010PropOp51
 70
     0
102
RTVSPost2010Prop52
140
1.0
102
RTVSPost2010PropOp52
 70
     0
102
RTVSPost2010Prop53
 90
        2
102
RTVSPost2010PropOp53
 70
     1
102
RTVSPost2010Prop54
  1
strokes_ogs.tif
102
RTVSPost2010PropOp54
 70
     1
102
RTVSPost2010Prop55
280
     0
102
RTVSPost2010PropOp55
 70
     1
102
RTVSPost2010Prop56
140
1.0
102
RTVSPost2010PropOp56
 70
     1
102
RTVSPost2010Prop57
140
1.0
102
RTVSPost2010PropOp57
 70
     1
  0
XRECORD
  5
E2
102
{ACAD_REACTORS
330
E1
102
}
330
E1
100
AcDbXrecord
280
     1
102
RTVSPropertyOp0
 70
     1
102
RTVSPropertyOp1
 70
     1
102
RTVSPropertyOp2
 70
     1
102
RTVSPropertyOp3
 70
     1
102
RTVSPropertyOp4
 70
     1
102
RTVSPropertyOp5
 70
     1
102
RTVSPropertyOp6
 70
     1
102
RTVSPropertyOp7
 70
     1
102
RTVSPropertyOp8
 70
     1
102
RTVSPropertyOp9
 70
     1
102
RTVSPropertyOp10
 70
     1
102
RTVSPropertyOp11
 70
     1
102
RTVSPropertyOp12
 70
     1
102
RTVSPropertyOp13
 70
     1
102
RTVSPropertyOp14
 70
     1
102
RTVSPropertyOp15
 70
     1
102
RTVSPropertyOp16
 70
     1
102
RTVSPropertyOp17
 70
     1
102
RTVSPropertyOp18
 70
     1
102
RTVSPropertyOp19
 70
     1
102
RTVSPropertyOp20
 70
     1
102
RTVSPropertyOp21
 70
     1
102
RTVSPropertyOp22
 70
     1
102
RTVSPropertyOp23
 70
     1
102
RTVSPropertyOp24
 70
     1
102
RTVSPropertyOp25
 70
     1
102
RTVSPropertyOp26
 70
     1
102
RTVSPropertyOp27
 70
     1
102
RTVSPropertyOp28
 70
     1
102
RTVSPropertyOp29
 70
     1
102
RTVSPropertyOp30
 70
     1
102
RTVSPropertyOp31
 70
     1
102
RTVSPropertyOp32
 70
     1
102
RTVSPropertyOp33
 70
     1
102
RTVSPropertyOp34
 70
     1
102
RTVSPropertyOp35
 70
     1
102
RTVSPropertyOp36
 70
     1
102
RTVSPropertyOp37
 70
     1
102
RTVSPropertyOp38
 70
     1
102
RTVSPropertyOp39
 70
     1
102
RTVSPropertyOp40
 70
     1
102
RTVSPropertyOp41
 70
     1
102
RTVSPropertyOp42
 70
     1
102
RTVSPropertyOp43
 70
     1
102
RTVSPropertyOp44
 70
     1
102
RTVSPropertyOp45
 70
     1
102
RTVSPropertyOp46
 70
     1
102
RTVSPropertyOp47
 70
     1
102
RTVSPropertyOp48
 70
     1
102
RTVSPropertyOp49
 70
     1
102
RTVSPropertyOp50
 70
     1
102
RTVSPropertyOp51
 70
     0
102
RTVSPropertyOp52
 70
     0
102
RTVSPropertyOp53
 70
     1
102
RTVSPropertyOp54
 70
     1
102
RTVSPropertyOp55
 70
     1
102
RTVSPropertyOp56
 70
     1
102
RTVSPropertyOp57
 70
     1
102
RTVSPost2010Prop28
280
     0
102
RTVSPost2010PropOp28
 70
     1
102
RTVSPost2010Prop29
280
     1
102
RTVSPost2010PropOp29
 70
     1
102
RTVSPost2010Prop30
280
     1
102
RTVSPost2010PropOp30
 70
     1
102
RTVSPost2010Prop31
280
     0
102
RTVSPost2010PropOp31
 70
     1
102
RTVSPost2010Prop32
280
     0
102
RTVSPost2010PropOp32
 70
     1
102
RTVSPost2010Prop33
280
     0
102
RTVSPost2010PropOp33
 70
     1
102
RTVSPost2010Prop34
280
     0
102
RTVSPost2010PropOp34
 70
     1
102
RTVSPost2010Prop35
280
     0
102
RTVSPost2010PropOp35
 70
     1
102
RTVSPost2010Prop36
280
     0
102
RTVSPost2010PropOp36
 70
     1
102
RTVSPost2010Prop37
 90
       50
102
RTVSPost2010PropOp37
 70
     1
102
RTVSPost2010Prop38
140
0.0
102
RTVSPost2010PropOp38
 70
     1
102
RTVSPost2010Prop39
140
1.0
102
RTVSPost2010PropOp39
 70
     1
102
RTVSPost2010Prop40
 90
        0
102
RTVSPost2010PropOp40
 70
     1
102
RTVSPost2010Prop41ColorIndex
 90
       18
102
RTVSPost2010Prop41ColorRGB
 90
        0
102
RTVSPost2010PropOp41
 70
     1
102
RTVSPost2010Prop42
 90
       50
102
RTVSPost2010PropOp42
 70
     1
102
RTVSPost2010Prop43
 90
        3
102
RTVSPost2010PropOp43
 70
     1
102
RTVSPost2010Prop44ColorIndex
 90
        5
102
RTVSPost2010Prop44ColorRGB
 90
      255
102
RTVSPost2010PropOp44
 70
     1
102
RTVSPost2010Prop45
280
     0
102
RTVSPost2010PropOp45
 70
     1
102
RTVSPost2010Prop46
 90
       50
102
RTVSPost2010PropOp46
 70
     1
102
RTVSPost2010Prop47
 90
       50
102
RTVSPost2010PropOp47
 70
     1
102
RTVSPost2010Prop48
 90
       50
102
RTVSPost2010PropOp48
 70
     1
102
RTVSPost2010Prop49
280
     0
102
RTVSPost2010PropOp49
 70
     1
102
RTVSPost2010Prop50
 90
       50
102
RTVSPost2010PropOp50
 70
     1
102
RTVSPost2010Prop51ColorIndex
 90
      256
102
RTVSPost2010Prop51ColorRGB
 90
-16777216
102
RTVSPost2010PropOp51
 70
     0
102
RTVSPost2010Prop52
140
1.0
102
RTVSPost2010PropOp52
 70
     0
102
RTVSPost2010Prop53
 90
        2
102
RTVSPost2010PropOp53
 70
     1
102
RTVSPost2010Prop54
  1
strokes_ogs.tif
102
RTVSPost2010PropOp54
 70
     1
102
RTVSPost2010Prop55
280
     0
102
RTVSPost2010PropOp55
 70
     1
102
RTVSPost2010Prop56
140
1.0
102
RTVSPost2010PropOp56
 70
     1
102
RTVSPost2010Prop57
140
1.0
102
RTVSPost2010PropOp57
 70
     1
  0
XRECORD
  5
D2
102
{ACAD_REACTORS
330
D1
102
}
330
D1
100
AcDbXrecord
280
     1
102
RTVSPropertyOp0
 70
     1
102
RTVSPropertyOp1
 70
     1
102
RTVSPropertyOp2
 70
     1
102
RTVSPropertyOp3
 70
     1
102
RTVSPropertyOp4
 70
     1
102
RTVSPropertyOp5
 70
     1
102
RTVSPropertyOp6
 70
     1
102
RTVSPropertyOp7
 70
     1
102
RTVSPropertyOp8
 70
     1
102
RTVSPropertyOp9
 70
     1
102
RTVSPropertyOp10
 70
     1
102
RTVSPropertyOp11
 70
     1
102
RTVSPropertyOp12
 70
     1
102
RTVSPropertyOp13
 70
     1
102
RTVSPropertyOp14
 70
     1
102
RTVSPropertyOp15
 70
     1
102
RTVSPropertyOp16
 70
     1
102
RTVSPropertyOp17
 70
     1
102
RTVSPropertyOp18
 70
     1
102
RTVSPropertyOp19
 70
     1
102
RTVSPropertyOp20
 70
     1
102
RTVSPropertyOp21
 70
     1
102
RTVSPropertyOp22
 70
     1
102
RTVSPropertyOp23
 70
     1
102
RTVSPropertyOp24
 70
     1
102
RTVSPropertyOp25
 70
     1
102
RTVSPropertyOp26
 70
     1
102
RTVSPropertyOp27
 70
     1
102
RTVSPropertyOp28
 70
     1
102
RTVSPropertyOp29
 70
     1
102
RTVSPropertyOp30
 70
     1
102
RTVSPropertyOp31
 70
     1
102
RTVSPropertyOp32
 70
     1
102
RTVSPropertyOp33
 70
     1
102
RTVSPropertyOp34
 70
     1
102
RTVSPropertyOp35
 70
     1
102
RTVSPropertyOp36
 70
     1
102
RTVSPropertyOp37
 70
     1
102
RTVSPropertyOp38
 70
     1
102
RTVSPropertyOp39
 70
     1
102
RTVSPropertyOp40
 70
     1
102
RTVSPropertyOp41
 70
     1
102
RTVSPropertyOp42
 70
     1
102
RTVSPropertyOp43
 70
     1
102
RTVSPropertyOp44
 70
     1
102
RTVSPropertyOp45
 70
     1
102
RTVSPropertyOp46
 70
     1
102
RTVSPropertyOp47
 70
     1
102
RTVSPropertyOp48
 70
     1
102
RTVSPropertyOp49
 70
     1
102
RTVSPropertyOp50
 70
     1
102
RTVSPropertyOp51
 70
     0
102
RTVSPropertyOp52
 70
     0
102
RTVSPropertyOp53
 70
     1
102
RTVSPropertyOp54
 70
     1
102
RTVSPropertyOp55
 70
     1
102
RTVSPropertyOp56
 70
     1
102
RTVSPropertyOp57
 70
     1
102
RTVSPost2010Prop28
280
     0
102
RTVSPost2010PropOp28
 70
     1
102
RTVSPost2010Prop29
280
     1
102
RTVSPost2010PropOp29
 70
     1
102
RTVSPost2010Prop30
280
     1
102
RTVSPost2010PropOp30
 70
     1
102
RTVSPost2010Prop31
280
     0
102
RTVSPost2010PropOp31
 70
     1
102
RTVSPost2010Prop32
280
     0
102
RTVSPost2010PropOp32
 70
     1
102
RTVSPost2010Prop33
280
     0
102
RTVSPost2010PropOp33
 70
     1
102
RTVSPost2010Prop34
280
     0
102
RTVSPost2010PropOp34
 70
     1
102
RTVSPost2010Prop35
280
     0
102
RTVSPost2010PropOp35
 70
     1
102
RTVSPost2010Prop36
280
     0
102
RTVSPost2010PropOp36
 70
     1
102
RTVSPost2010Prop37
 90
       50
102
RTVSPost2010PropOp37
 70
     1
102
RTVSPost2010Prop38
140
0.0
102
RTVSPost2010PropOp38
 70
     1
102
RTVSPost2010Prop39
140
1.0
102
RTVSPost2010PropOp39
 70
     1
102
RTVSPost2010Prop40
 90
        0
102
RTVSPost2010PropOp40
 70
     1
102
RTVSPost2010Prop41ColorIndex
 90
       18
102
RTVSPost2010Prop41ColorRGB
 90
        0
102
RTVSPost2010PropOp41
 70
     1
102
RTVSPost2010Prop42
 90
       50
102
RTVSPost2010PropOp42
 70
     1
102
RTVSPost2010Prop43
 90
        3
102
RTVSPost2010PropOp43
 70
     1
102
RTVSPost2010Prop44ColorIndex
 90
        5
102
RTVSPost2010Prop44ColorRGB
 90
      255
102
RTVSPost2010PropOp44
 70
     1
102
RTVSPost2010Prop45
280
     0
102
RTVSPost2010PropOp45
 70
     1
102
RTVSPost2010Prop46
 90
       50
102
RTVSPost2010PropOp46
 70
     1
102
RTVSPost2010Prop47
 90
       50
102
RTVSPost2010PropOp47
 70
     1
102
RTVSPost2010Prop48
 90
       50
102
RTVSPost2010PropOp48
 70
     1
102
RTVSPost2010Prop49
280
     0
102
RTVSPost2010PropOp49
 70
     1
102
RTVSPost2010Prop50
 90
       50
102
RTVSPost2010PropOp50
 70
     1
102
RTVSPost2010Prop51ColorIndex
 90
      256
102
RTVSPost2010Prop51ColorRGB
 90
-16777216
102
RTVSPost2010PropOp51
 70
     0
102
RTVSPost2010Prop52
140
1.0
102
RTVSPost2010PropOp52
 70
     0
102
RTVSPost2010Prop53
 90
        2
102
RTVSPost2010PropOp53
 70
     1
102
RTVSPost2010Prop54
  1
strokes_ogs.tif
102
RTVSPost2010PropOp54
 70
     1
102
RTVSPost2010Prop55
280
     0
102
RTVSPost2010PropOp55
 70
     1
102
RTVSPost2010Prop56
140
1.0
102
RTVSPost2010PropOp56
 70
     1
102
RTVSPost2010Prop57
140
1.0
102
RTVSPost2010PropOp57
 70
     1
  0
XRECORD
  5
C4
102
{ACAD_REACTORS
330
C3
102
}
330
C3
100
AcDbXrecord
280
     1
102
RTVSPropertyOp0
 70
     1
102
RTVSPropertyOp1
 70
     1
102
RTVSPropertyOp2
 70
     1
102
RTVSPropertyOp3
 70
     1
102
RTVSPropertyOp4
 70
     1
102
RTVSPropertyOp5
 70
     1
102
RTVSPropertyOp6
 70
     1
102
RTVSPropertyOp7
 70
     1
102
RTVSPropertyOp8
 70
     1
102
RTVSPropertyOp9
 70
     1
102
RTVSPropertyOp10
 70
     1
102
RTVSPropertyOp11
 70
     1
102
RTVSPropertyOp12
 70
     1
102
RTVSPropertyOp13
 70
     1
102
RTVSPropertyOp14
 70
     1
102
RTVSPropertyOp15
 70
     1
102
RTVSPropertyOp16
 70
     1
102
RTVSPropertyOp17
 70
     1
102
RTVSPropertyOp18
 70
     1
102
RTVSPropertyOp19
 70
     1
102
RTVSPropertyOp20
 70
     1
102
RTVSPropertyOp21
 70
     1
102
RTVSPropertyOp22
 70
     1
102
RTVSPropertyOp23
 70
     1
102
RTVSPropertyOp24
 70
     1
102
RTVSPropertyOp25
 70
     1
102
RTVSPropertyOp26
 70
     1
102
RTVSPropertyOp27
 70
     1
102
RTVSPropertyOp28
 70
     1
102
RTVSPropertyOp29
 70
     1
102
RTVSPropertyOp30
 70
     1
102
RTVSPropertyOp31
 70
     1
102
RTVSPropertyOp32
 70
     1
102
RTVSPropertyOp33
 70
     1
102
RTVSPropertyOp34
 70
     1
102
RTVSPropertyOp35
 70
     1
102
RTVSPropertyOp36
 70
     1
102
RTVSPropertyOp37
 70
     1
102
RTVSPropertyOp38
 70
     1
102
RTVSPropertyOp39
 70
     1
102
RTVSPropertyOp40
 70
     1
102
RTVSPropertyOp41
 70
     1
102
RTVSPropertyOp42
 70
     1
102
RTVSPropertyOp43
 70
     1
102
RTVSPropertyOp44
 70
     1
102
RTVSPropertyOp45
 70
     1
102
RTVSPropertyOp46
 70
     1
102
RTVSPropertyOp47
 70
     1
102
RTVSPropertyOp48
 70
     1
102
RTVSPropertyOp49
 70
     1
102
RTVSPropertyOp50
 70
     1
102
RTVSPropertyOp51
 70
     0
102
RTVSPropertyOp52
 70
     0
102
RTVSPropertyOp53
 70
     1
102
RTVSPropertyOp54
 70
     1
102
RTVSPropertyOp55
 70
     1
102
RTVSPropertyOp56
 70
     1
102
RTVSPropertyOp57
 70
     1
102
RTVSPost2010Prop28
280
     0
102
RTVSPost2010PropOp28
 70
     1
102
RTVSPost2010Prop29
280
     1
102
RTVSPost2010PropOp29
 70
     1
102
RTVSPost2010Prop30
280
     1
102
RTVSPost2010PropOp30
 70
     1
102
RTVSPost2010Prop31
280
     0
102
RTVSPost2010PropOp31
 70
     1
102
RTVSPost2010Prop32
280
     0
102
RTVSPost2010PropOp32
 70
     1
102
RTVSPost2010Prop33
280
     0
102
RTVSPost2010PropOp33
 70
     1
102
RTVSPost2010Prop34
280
     0
102
RTVSPost2010PropOp34
 70
     1
102
RTVSPost2010Prop35
280
     0
102
RTVSPost2010PropOp35
 70
     1
102
RTVSPost2010Prop36
280
     0
102
RTVSPost2010PropOp36
 70
     1
102
RTVSPost2010Prop37
 90
       50
102
RTVSPost2010PropOp37
 70
     1
102
RTVSPost2010Prop38
140
0.0
102
RTVSPost2010PropOp38
 70
     1
102
RTVSPost2010Prop39
140
1.0
102
RTVSPost2010PropOp39
 70
     1
102
RTVSPost2010Prop40
 90
        0
102
RTVSPost2010PropOp40
 70
     1
102
RTVSPost2010Prop41ColorIndex
 90
       18
102
RTVSPost2010Prop41ColorRGB
 90
        0
102
RTVSPost2010PropOp41
 70
     1
102
RTVSPost2010Prop42
 90
       50
102
RTVSPost2010PropOp42
 70
     1
102
RTVSPost2010Prop43
 90
        3
102
RTVSPost2010PropOp43
 70
     1
102
RTVSPost2010Prop44ColorIndex
 90
        5
102
RTVSPost2010Prop44ColorRGB
 90
      255
102
RTVSPost2010PropOp44
 70
     1
102
RTVSPost2010Prop45
280
     0
102
RTVSPost2010PropOp45
 70
     1
102
RTVSPost2010Prop46
 90
       50
102
RTVSPost2010PropOp46
 70
     1
102
RTVSPost2010Prop47
 90
       50
102
RTVSPost2010PropOp47
 70
     1
102
RTVSPost2010Prop48
 90
       50
102
RTVSPost2010PropOp48
 70
     1
102
RTVSPost2010Prop49
280
     0
102
RTVSPost2010PropOp49
 70
     1
102
RTVSPost2010Prop50
 90
       50
102
RTVSPost2010PropOp50
 70
     1
102
RTVSPost2010Prop51ColorIndex
 90
      256
102
RTVSPost2010Prop51ColorRGB
 90
-16777216
102
RTVSPost2010PropOp51
 70
     0
102
RTVSPost2010Prop52
140
1.0
102
RTVSPost2010PropOp52
 70
     0
102
RTVSPost2010Prop53
 90
        2
102
RTVSPost2010PropOp53
 70
     1
102
RTVSPost2010Prop54
  1
strokes_ogs.tif
102
RTVSPost2010PropOp54
 70
     1
102
RTVSPost2010Prop55
280
     0
102
RTVSPost2010PropOp55
 70
     1
102
RTVSPost2010Prop56
140
1.0
102
RTVSPost2010PropOp56
 70
     1
102
RTVSPost2010Prop57
140
1.0
102
RTVSPost2010PropOp57
 70
     1
  0
XRECORD
  5
E4
102
{ACAD_REACTORS
330
E3
102
}
330
E3
100
AcDbXrecord
280
     1
102
RTVSPropertyOp0
 70
     1
102
RTVSPropertyOp1
 70
     1
102
RTVSPropertyOp2
 70
     1
102
RTVSPropertyOp3
 70
     1
102
RTVSPropertyOp4
 70
     1
102
RTVSPropertyOp5
 70
     1
102
RTVSPropertyOp6
 70
     1
102
RTVSPropertyOp7
 70
     1
102
RTVSPropertyOp8
 70
     1
102
RTVSPropertyOp9
 70
     1
102
RTVSPropertyOp10
 70
     1
102
RTVSPropertyOp11
 70
     1
102
RTVSPropertyOp12
 70
     1
102
RTVSPropertyOp13
 70
     1
102
RTVSPropertyOp14
 70
     1
102
RTVSPropertyOp15
 70
     1
102
RTVSPropertyOp16
 70
     1
102
RTVSPropertyOp17
 70
     1
102
RTVSPropertyOp18
 70
     1
102
RTVSPropertyOp19
 70
     1
102
RTVSPropertyOp20
 70
     1
102
RTVSPropertyOp21
 70
     1
102
RTVSPropertyOp22
 70
     1
102
RTVSPropertyOp23
 70
     1
102
RTVSPropertyOp24
 70
     1
102
RTVSPropertyOp25
 70
     1
102
RTVSPropertyOp26
 70
     1
102
RTVSPropertyOp27
 70
     1
102
RTVSPropertyOp28
 70
     1
102
RTVSPropertyOp29
 70
     1
102
RTVSPropertyOp30
 70
     1
102
RTVSPropertyOp31
 70
     1
102
RTVSPropertyOp32
 70
     1
102
RTVSPropertyOp33
 70
     1
102
RTVSPropertyOp34
 70
     1
102
RTVSPropertyOp35
 70
     1
102
RTVSPropertyOp36
 70
     1
102
RTVSPropertyOp37
 70
     1
102
RTVSPropertyOp38
 70
     1
102
RTVSPropertyOp39
 70
     1
102
RTVSPropertyOp40
 70
     1
102
RTVSPropertyOp41
 70
     1
102
RTVSPropertyOp42
 70
     1
102
RTVSPropertyOp43
 70
     1
102
RTVSPropertyOp44
 70
     1
102
RTVSPropertyOp45
 70
     1
102
RTVSPropertyOp46
 70
     1
102
RTVSPropertyOp47
 70
     1
102
RTVSPropertyOp48
 70
     1
102
RTVSPropertyOp49
 70
     1
102
RTVSPropertyOp50
 70
     1
102
RTVSPropertyOp51
 70
     0
102
RTVSPropertyOp52
 70
     0
102
RTVSPropertyOp53
 70
     1
102
RTVSPropertyOp54
 70
     1
102
RTVSPropertyOp55
 70
     1
102
RTVSPropertyOp56
 70
     1
102
RTVSPropertyOp57
 70
     1
102
RTVSPost2010Prop28
280
     0
102
RTVSPost2010PropOp28
 70
     1
102
RTVSPost2010Prop29
280
     1
102
RTVSPost2010PropOp29
 70
     1
102
RTVSPost2010Prop30
280
     1
102
RTVSPost2010PropOp30
 70
     1
102
RTVSPost2010Prop31
280
     0
102
RTVSPost2010PropOp31
 70
     1
102
RTVSPost2010Prop32
280
     0
102
RTVSPost2010PropOp32
 70
     1
102
RTVSPost2010Prop33
280
     0
102
RTVSPost2010PropOp33
 70
     1
102
RTVSPost2010Prop34
280
     0
102
RTVSPost2010PropOp34
 70
     1
102
RTVSPost2010Prop35
280
     0
102
RTVSPost2010PropOp35
 70
     1
102
RTVSPost2010Prop36
280
     0
102
RTVSPost2010PropOp36
 70
     1
102
RTVSPost2010Prop37
 90
       50
102
RTVSPost2010PropOp37
 70
     1
102
RTVSPost2010Prop38
140
0.0
102
RTVSPost2010PropOp38
 70
     1
102
RTVSPost2010Prop39
140
1.0
102
RTVSPost2010PropOp39
 70
     1
102
RTVSPost2010Prop40
 90
        0
102
RTVSPost2010PropOp40
 70
     1
102
RTVSPost2010Prop41ColorIndex
 90
       18
102
RTVSPost2010Prop41ColorRGB
 90
        0
102
RTVSPost2010PropOp41
 70
     1
102
RTVSPost2010Prop42
 90
       50
102
RTVSPost2010PropOp42
 70
     1
102
RTVSPost2010Prop43
 90
        3
102
RTVSPost2010PropOp43
 70
     1
102
RTVSPost2010Prop44ColorIndex
 90
        5
102
RTVSPost2010Prop44ColorRGB
 90
      255
102
RTVSPost2010PropOp44
 70
     1
102
RTVSPost2010Prop45
280
     0
102
RTVSPost2010PropOp45
 70
     1
102
RTVSPost2010Prop46
 90
       50
102
RTVSPost2010PropOp46
 70
     1
102
RTVSPost2010Prop47
 90
       50
102
RTVSPost2010PropOp47
 70
     1
102
RTVSPost2010Prop48
 90
       50
102
RTVSPost2010PropOp48
 70
     1
102
RTVSPost2010Prop49
280
     0
102
RTVSPost2010PropOp49
 70
     1
102
RTVSPost2010Prop50
 90
       50
102
RTVSPost2010PropOp50
 70
     1
102
RTVSPost2010Prop51ColorIndex
 90
      256
102
RTVSPost2010Prop51ColorRGB
 90
-16777216
102
RTVSPost2010PropOp51
 70
     0
102
RTVSPost2010Prop52
140
1.0
102
RTVSPost2010PropOp52
 70
     0
102
RTVSPost2010Prop53
 90
        2
102
RTVSPost2010PropOp53
 70
     1
102
RTVSPost2010Prop54
  1
strokes_ogs.tif
102
RTVSPost2010PropOp54
 70
     1
102
RTVSPost2010Prop55
280
     0
102
RTVSPost2010PropOp55
 70
     1
102
RTVSPost2010Prop56
140
1.0
102
RTVSPost2010PropOp56
 70
     1
102
RTVSPost2010Prop57
140
1.0
102
RTVSPost2010PropOp57
 70
     1
  0
ENDSEC
  0
EOF
